<<<<<<< HEAD
2026-09-20T18:14:43 INFO     app.main | Application shutting down
2026-09-20T18:14:46 INFO     app.main | Application starting environment=development debug=True
=======
2026-08-08T15:11:42 INFO     app.main | Application starting environment=development debug=True
2026-08-08T15:11:42 WARNING  app.main | Request complete request_id=61fd2732-87c9-4b21-a234-aa00ffcb9f73 method=POST path=/api/v1/triage status=422 duration_ms=1.4 client=127.0.0.1
2026-08-08T15:12:45 WARNING  app.main | Request complete request_id=3e3f13c7-69d7-490a-a542-2d3d822d2592 method=GET path=/api/v1/doctors/me status=401 duration_ms=2.6 client=127.0.0.1
2026-08-08T15:12:45 WARNING  app.main | Request complete request_id=1c357cf8-5008-4d08-b86c-207a8d69840c method=GET path=/api/v1/doctors/me status=401 duration_ms=1.2 client=127.0.0.1
2026-08-08T15:12:45 INFO     app.main | Application shutting down
2026-08-08T15:12:47 INFO     app.main | Application starting environment=development debug=True
2026-08-08T15:13:48 INFO     app.main | Application starting environment=development debug=True
2026-08-08T15:13:48 INFO     app.main | Application shutting down
2026-08-08T15:13:50 INFO     app.main | Request complete request_id=b6cd25e1-e36e-4f09-a059-4dfb693d6b98 method=GET path=/health status=200 duration_ms=2.0 client=127.0.0.1
2026-08-08T15:13:50 INFO     app.main | Application shutting down
2026-08-08T15:13:51 INFO     app.main | Application starting environment=development debug=True
2026-08-08T15:13:52 INFO     app.main | Application starting environment=development debug=True
2026-08-08T15:14:05 INFO     app.main | Application starting environment=development debug=True
2026-08-08T15:14:07 INFO     app.main | Request complete request_id=0f2920b2-bd0e-49d8-a937-be3a3feae3cb method=GET path=/health status=200 duration_ms=0.6 client=127.0.0.1
2026-08-08T15:15:57 WARNING  app.deps | Doctor authentication rejected: missing or malformed bearer token
2026-08-08T15:15:57 WARNING  app.main | Request complete request_id=583ba37a-75ff-4118-82da-123d8f218019 method=GET path=/api/v1/doctors/me status=401 duration_ms=2.0 client=127.0.0.1
2026-08-08T15:15:57 WARNING  app.deps | Doctor authentication rejected: missing or malformed bearer token
2026-08-08T15:15:57 WARNING  app.main | Request complete request_id=dbde0151-d6ff-4b66-b9e5-c24fd010da76 method=GET path=/api/v1/doctors/me status=401 duration_ms=1.2 client=127.0.0.1
2026-08-08T15:16:11 INFO     app.main | Application shutting down
2026-08-08T15:16:15 INFO     app.main | Application starting environment=development debug=True
2026-08-08T15:16:29 WARNING  app.deps | Doctor authentication rejected: missing or malformed bearer token
2026-08-08T15:16:29 WARNING  app.main | Request complete request_id=ff8424a4-90bc-40f5-8b52-6c5326e5c7c8 method=GET path=/api/v1/doctors/me status=401 duration_ms=2.7 client=127.0.0.1
2026-08-08T15:16:29 WARNING  app.deps | Doctor authentication rejected: missing or malformed bearer token
2026-08-08T15:16:29 WARNING  app.main | Request complete request_id=a6444a14-8799-4121-852c-92ab77c9d88a method=GET path=/api/v1/doctors/me status=401 duration_ms=1.9 client=127.0.0.1
2026-08-08T15:16:31 WARNING  app.deps | Doctor authentication rejected: missing or malformed bearer token
2026-08-08T15:16:31 WARNING  app.main | Request complete request_id=e104c936-5288-424d-9575-50fe4f650dcf method=GET path=/api/v1/doctors/me status=401 duration_ms=1.5 client=127.0.0.1
2026-08-08T15:16:31 WARNING  app.deps | Doctor authentication rejected: missing or malformed bearer token
2026-08-08T15:16:31 WARNING  app.main | Request complete request_id=807a9795-cf80-4ffd-b636-8c7cb173a5f0 method=GET path=/api/v1/doctors/me status=401 duration_ms=2.5 client=127.0.0.1
2026-08-08T15:16:34 WARNING  app.deps | Doctor authentication rejected: missing or malformed bearer token
2026-08-08T15:16:34 WARNING  app.main | Request complete request_id=75b8a00f-1f74-4619-80c3-a9c0578506e6 method=GET path=/api/v1/doctors/me status=401 duration_ms=1.8 client=127.0.0.1
2026-08-08T15:16:34 WARNING  app.deps | Doctor authentication rejected: missing or malformed bearer token
2026-08-08T15:16:34 WARNING  app.main | Request complete request_id=44914819-656a-4efc-8fd1-59f673656f2b method=GET path=/api/v1/doctors/me status=401 duration_ms=1.4 client=127.0.0.1
2026-08-08T15:18:24 INFO     app.routers.search | Doctor search requested specialty=all radius_km=10.0
2026-08-08T15:18:24 INFO     app.services.supabase_store | Supabase search doctors specialty=all radius_km=10.0
2026-08-08T15:18:24 INFO     app.services.supabase_store | Creating Supabase client
2026-08-08T15:18:24 INFO     app.db | Initializing Supabase service-role client
2026-08-08T15:18:26 INFO     httpx | HTTP Request: GET https://cojqrbvczpzbvcewgxgf.supabase.co/rest/v1/doctors?select=%2A%2C+clinics%28%2A%29%2C+availability%28%2A%29 "HTTP/2 200 OK"
2026-08-08T15:18:26 INFO     app.services.supabase_store | Supabase search doctors completed result_count=0
2026-08-08T15:18:26 INFO     app.routers.search | Doctor search completed result_count=0
2026-08-08T15:18:26 INFO     app.main | Request complete request_id=d661f48e-4c7a-4667-a61b-575e56aadab2 method=GET path=/api/v1/search status=200 duration_ms=2387.3 client=127.0.0.1
2026-08-08T15:18:47 WARNING  app.deps | Doctor authentication rejected: missing or malformed bearer token
2026-08-08T15:18:47 WARNING  app.main | Request complete request_id=81b442c2-0c45-4cd8-8a0c-540475579ebe method=GET path=/api/v1/doctors/me status=401 duration_ms=2.2 client=127.0.0.1
2026-08-08T15:18:47 WARNING  app.deps | Doctor authentication rejected: missing or malformed bearer token
2026-08-08T15:18:47 WARNING  app.main | Request complete request_id=d37e3325-41c1-4764-90a0-bd3a35f5a28f method=GET path=/api/v1/doctors/me status=401 duration_ms=2.3 client=127.0.0.1
2026-08-08T15:20:01 INFO     app.main | Request complete request_id=d68521ec-3a05-4084-bff8-a2d801c41071 method=OPTIONS path=/api/v1/doctors/me status=200 duration_ms=0.3 client=127.0.0.1
2026-08-08T15:20:01 INFO     app.routers.doctors | Doctor profile requested doctor_id=385004e6-8f2a-4006-92d7-21917179949e
2026-08-08T15:20:01 INFO     httpx | HTTP Request: GET https://cojqrbvczpzbvcewgxgf.supabase.co/rest/v1/doctors?select=%2A&id=eq.385004e6-8f2a-4006-92d7-21917179949e "HTTP/2 200 OK"
2026-08-08T15:20:01 INFO     httpx | HTTP Request: GET https://cojqrbvczpzbvcewgxgf.supabase.co/rest/v1/clinics?select=%2A&doctor_id=eq.385004e6-8f2a-4006-92d7-21917179949e "HTTP/2 200 OK"
2026-08-08T15:20:01 INFO     app.main | Request complete request_id=7c6bb6aa-52db-4dd8-89c8-13fbd6c98279 method=GET path=/api/v1/doctors/me status=200 duration_ms=568.0 client=127.0.0.1
2026-08-08T15:20:02 INFO     app.routers.doctors | Doctor profile requested doctor_id=385004e6-8f2a-4006-92d7-21917179949e
2026-08-08T15:20:02 INFO     httpx | HTTP Request: GET https://cojqrbvczpzbvcewgxgf.supabase.co/rest/v1/doctors?select=%2A&id=eq.385004e6-8f2a-4006-92d7-21917179949e "HTTP/2 200 OK"
2026-08-08T15:20:02 INFO     httpx | HTTP Request: GET https://cojqrbvczpzbvcewgxgf.supabase.co/rest/v1/clinics?select=%2A&doctor_id=eq.385004e6-8f2a-4006-92d7-21917179949e "HTTP/2 200 OK"
2026-08-08T15:20:02 INFO     app.main | Request complete request_id=fc4d7358-abd7-4daf-a236-faf1ce9af54e method=GET path=/api/v1/doctors/me status=200 duration_ms=130.6 client=127.0.0.1
2026-08-08T15:20:04 INFO     app.routers.doctors | Doctor profile requested doctor_id=385004e6-8f2a-4006-92d7-21917179949e
2026-08-08T15:20:04 INFO     httpx | HTTP Request: GET https://cojqrbvczpzbvcewgxgf.supabase.co/rest/v1/doctors?select=%2A&id=eq.385004e6-8f2a-4006-92d7-21917179949e "HTTP/2 200 OK"
2026-08-08T15:20:05 INFO     httpx | HTTP Request: GET https://cojqrbvczpzbvcewgxgf.supabase.co/rest/v1/clinics?select=%2A&doctor_id=eq.385004e6-8f2a-4006-92d7-21917179949e "HTTP/2 200 OK"
2026-08-08T15:20:05 INFO     app.main | Request complete request_id=d65d052b-d6c7-4bb5-bcd8-407b326b4a34 method=GET path=/api/v1/doctors/me status=200 duration_ms=149.7 client=127.0.0.1
2026-08-08T15:20:05 INFO     app.routers.doctors | Doctor profile requested doctor_id=385004e6-8f2a-4006-92d7-21917179949e
2026-08-08T15:20:05 INFO     httpx | HTTP Request: GET https://cojqrbvczpzbvcewgxgf.supabase.co/rest/v1/doctors?select=%2A&id=eq.385004e6-8f2a-4006-92d7-21917179949e "HTTP/2 200 OK"
2026-08-08T15:20:05 INFO     httpx | HTTP Request: GET https://cojqrbvczpzbvcewgxgf.supabase.co/rest/v1/clinics?select=%2A&doctor_id=eq.385004e6-8f2a-4006-92d7-21917179949e "HTTP/2 200 OK"
2026-08-08T15:20:05 INFO     app.main | Request complete request_id=4ca99cad-dc03-4984-8386-6ad43215206d method=GET path=/api/v1/doctors/me status=200 duration_ms=195.4 client=127.0.0.1
2026-08-08T15:21:18 INFO     app.main | Application shutting down
2026-08-08T15:21:22 INFO     app.main | Application starting environment=development debug=True
2026-08-08T15:23:40 INFO     app.main | Request complete request_id=15885eeb-5993-442e-9f3b-3c6be8b6c21c method=OPTIONS path=/api/v1/auth/signup/doctor status=200 duration_ms=0.7 client=127.0.0.1
2026-08-08T15:23:40 INFO     app.routers.auth | Doctor signup requested email=janfishan@gmail.com specialty=ENT Specialist
2026-08-08T15:23:40 INFO     app.services.supabase_store | Supabase create doctor specialty=ENT Specialist
2026-08-08T15:23:40 INFO     app.services.supabase_store | Creating Supabase client
2026-08-08T15:23:40 INFO     app.db | Initializing Supabase service-role client
2026-08-08T15:23:42 INFO     httpx | HTTP Request: POST https://cojqrbvczpzbvcewgxgf.supabase.co/rest/v1/doctors "HTTP/2 201 Created"
2026-08-08T15:23:42 INFO     app.routers.auth | Doctor signup succeeded doctor_id=ad5bed97-bb27-4cb2-9273-24ccea4ba5b7
2026-08-08T15:23:42 INFO     app.main | Request complete request_id=b621aafc-7650-43b1-bde9-b05094f48709 method=POST path=/api/v1/auth/signup/doctor status=201 duration_ms=2689.7 client=127.0.0.1
2026-08-08T15:23:42 INFO     app.routers.doctors | Doctor profile requested doctor_id=ad5bed97-bb27-4cb2-9273-24ccea4ba5b7
2026-08-08T15:23:42 INFO     httpx | HTTP Request: GET https://cojqrbvczpzbvcewgxgf.supabase.co/rest/v1/doctors?select=%2A&id=eq.ad5bed97-bb27-4cb2-9273-24ccea4ba5b7 "HTTP/2 200 OK"
2026-08-08T15:23:43 INFO     httpx | HTTP Request: GET https://cojqrbvczpzbvcewgxgf.supabase.co/rest/v1/clinics?select=%2A&doctor_id=eq.ad5bed97-bb27-4cb2-9273-24ccea4ba5b7 "HTTP/2 200 OK"
2026-08-08T15:23:43 INFO     app.main | Request complete request_id=7f3020cc-ee90-4eb7-a8b2-4432a8f5b671 method=GET path=/api/v1/doctors/me status=200 duration_ms=184.0 client=127.0.0.1
2026-08-08T15:23:43 INFO     app.routers.doctors | Doctor profile requested doctor_id=ad5bed97-bb27-4cb2-9273-24ccea4ba5b7
2026-08-08T15:23:43 INFO     httpx | HTTP Request: GET https://cojqrbvczpzbvcewgxgf.supabase.co/rest/v1/doctors?select=%2A&id=eq.ad5bed97-bb27-4cb2-9273-24ccea4ba5b7 "HTTP/2 200 OK"
2026-08-08T15:23:43 INFO     httpx | HTTP Request: GET https://cojqrbvczpzbvcewgxgf.supabase.co/rest/v1/clinics?select=%2A&doctor_id=eq.ad5bed97-bb27-4cb2-9273-24ccea4ba5b7 "HTTP/2 200 OK"
2026-08-08T15:23:43 INFO     app.main | Request complete request_id=43cd90fa-65db-4bdb-a6c6-741fe29d55c8 method=GET path=/api/v1/doctors/me status=200 duration_ms=137.0 client=127.0.0.1
2026-08-08T15:24:05 INFO     app.main | Request complete request_id=fe37bd27-c5ba-4952-bb2d-2139b0ea3979 method=OPTIONS path=/api/v1/search status=200 duration_ms=0.6 client=127.0.0.1
2026-08-08T15:24:05 INFO     app.routers.search | Doctor search requested specialty=all radius_km=15.0
2026-08-08T15:24:05 INFO     app.services.supabase_store | Supabase search doctors specialty=all radius_km=15.0
2026-08-08T15:24:05 INFO     httpx | HTTP Request: GET https://cojqrbvczpzbvcewgxgf.supabase.co/rest/v1/doctors?select=%2A%2C+clinics%28%2A%29%2C+availability%28%2A%29 "HTTP/2 200 OK"
2026-08-08T15:24:05 INFO     app.services.supabase_store | Supabase search doctors completed result_count=0
2026-08-08T15:24:05 INFO     app.routers.search | Doctor search completed result_count=0
2026-08-08T15:24:05 INFO     app.main | Request complete request_id=e55acd5f-cfe0-4fa0-a06c-79dcb9c856b2 method=GET path=/api/v1/search status=200 duration_ms=270.2 client=127.0.0.1
2026-08-08T15:25:29 INFO     app.main | Request complete request_id=c0926e6d-cb8f-4522-97a7-5e6262bc29c8 method=OPTIONS path=/api/v1/auth/login status=200 duration_ms=0.6 client=127.0.0.1
2026-08-08T15:25:29 INFO     app.routers.auth | Doctor login requested email=janfishan@gmail.com
2026-08-08T15:25:30 INFO     httpx | HTTP Request: GET https://cojqrbvczpzbvcewgxgf.supabase.co/rest/v1/doctors?select=%2A&email=eq.janfishan%40gmail.com "HTTP/2 200 OK"
2026-08-08T15:25:30 INFO     app.routers.auth | Doctor login succeeded doctor_id=ad5bed97-bb27-4cb2-9273-24ccea4ba5b7
2026-08-08T15:25:30 INFO     app.main | Request complete request_id=6cc96820-4508-4c4f-8c84-a43e463cb77b method=POST path=/api/v1/auth/login status=200 duration_ms=222.8 client=127.0.0.1
2026-08-08T15:25:30 INFO     app.routers.doctors | Doctor profile requested doctor_id=ad5bed97-bb27-4cb2-9273-24ccea4ba5b7
2026-08-08T15:25:30 INFO     httpx | HTTP Request: GET https://cojqrbvczpzbvcewgxgf.supabase.co/rest/v1/doctors?select=%2A&id=eq.ad5bed97-bb27-4cb2-9273-24ccea4ba5b7 "HTTP/2 200 OK"
2026-08-08T15:25:30 INFO     httpx | HTTP Request: GET https://cojqrbvczpzbvcewgxgf.supabase.co/rest/v1/clinics?select=%2A&doctor_id=eq.ad5bed97-bb27-4cb2-9273-24ccea4ba5b7 "HTTP/2 200 OK"
2026-08-08T15:25:30 INFO     app.main | Request complete request_id=fb53c2b3-de09-4f24-862c-c9b09487e54f method=GET path=/api/v1/doctors/me status=200 duration_ms=165.7 client=127.0.0.1
2026-08-08T15:25:30 INFO     app.routers.doctors | Doctor profile requested doctor_id=ad5bed97-bb27-4cb2-9273-24ccea4ba5b7
2026-08-08T15:25:30 INFO     httpx | HTTP Request: GET https://cojqrbvczpzbvcewgxgf.supabase.co/rest/v1/doctors?select=%2A&id=eq.ad5bed97-bb27-4cb2-9273-24ccea4ba5b7 "HTTP/2 200 OK"
2026-08-08T15:25:30 INFO     httpx | HTTP Request: GET https://cojqrbvczpzbvcewgxgf.supabase.co/rest/v1/clinics?select=%2A&doctor_id=eq.ad5bed97-bb27-4cb2-9273-24ccea4ba5b7 "HTTP/2 200 OK"
2026-08-08T15:25:30 INFO     app.main | Request complete request_id=ded0836f-12fc-4559-8e7d-c2e198f28d05 method=GET path=/api/v1/doctors/me status=200 duration_ms=152.4 client=127.0.0.1
2026-08-08T15:28:24 INFO     app.routers.doctors | Doctor profile requested doctor_id=ad5bed97-bb27-4cb2-9273-24ccea4ba5b7
2026-08-08T15:28:25 INFO     httpx | HTTP Request: GET https://cojqrbvczpzbvcewgxgf.supabase.co/rest/v1/doctors?select=%2A&id=eq.ad5bed97-bb27-4cb2-9273-24ccea4ba5b7 "HTTP/2 200 OK"
2026-08-08T15:28:25 INFO     httpx | HTTP Request: GET https://cojqrbvczpzbvcewgxgf.supabase.co/rest/v1/clinics?select=%2A&doctor_id=eq.ad5bed97-bb27-4cb2-9273-24ccea4ba5b7 "HTTP/2 200 OK"
2026-08-08T15:28:25 INFO     app.main | Request complete request_id=03f7323d-f396-47d0-962b-4cd88db9174e method=GET path=/api/v1/doctors/me status=200 duration_ms=604.9 client=127.0.0.1
2026-08-08T15:28:25 INFO     app.routers.doctors | Doctor profile requested doctor_id=ad5bed97-bb27-4cb2-9273-24ccea4ba5b7
2026-08-08T15:28:25 INFO     httpx | HTTP Request: GET https://cojqrbvczpzbvcewgxgf.supabase.co/rest/v1/doctors?select=%2A&id=eq.ad5bed97-bb27-4cb2-9273-24ccea4ba5b7 "HTTP/2 200 OK"
2026-08-08T15:28:25 INFO     httpx | HTTP Request: GET https://cojqrbvczpzbvcewgxgf.supabase.co/rest/v1/clinics?select=%2A&doctor_id=eq.ad5bed97-bb27-4cb2-9273-24ccea4ba5b7 "HTTP/2 200 OK"
2026-08-08T15:28:25 INFO     app.main | Request complete request_id=526c2051-e5cd-4530-8707-d24635082039 method=GET path=/api/v1/doctors/me status=200 duration_ms=195.7 client=127.0.0.1
2026-08-08T15:35:29 INFO     app.main | Request complete request_id=348f3afa-cee5-43a8-b8f2-47a2bd5d1bd6 method=OPTIONS path=/api/v1/doctors/me status=200 duration_ms=9.2 client=127.0.0.1
2026-08-08T15:35:29 INFO     app.main | Request complete request_id=f32bf765-7166-4a2a-b1e1-dfb7b9bf5daa method=OPTIONS path=/api/v1/doctors/me status=200 duration_ms=17.9 client=127.0.0.1
2026-08-08T15:35:29 INFO     app.routers.doctors | Doctor profile requested doctor_id=ad5bed97-bb27-4cb2-9273-24ccea4ba5b7
2026-08-08T15:35:30 INFO     httpx | HTTP Request: GET https://cojqrbvczpzbvcewgxgf.supabase.co/rest/v1/doctors?select=%2A&id=eq.ad5bed97-bb27-4cb2-9273-24ccea4ba5b7 "HTTP/2 200 OK"
2026-08-08T15:35:30 INFO     httpx | HTTP Request: GET https://cojqrbvczpzbvcewgxgf.supabase.co/rest/v1/clinics?select=%2A&doctor_id=eq.ad5bed97-bb27-4cb2-9273-24ccea4ba5b7 "HTTP/2 200 OK"
2026-08-08T15:35:30 INFO     app.main | Request complete request_id=2cdb294b-7721-4fc1-b9d8-33bbd167c8d3 method=GET path=/api/v1/doctors/me status=200 duration_ms=951.0 client=127.0.0.1
2026-08-08T15:35:30 INFO     app.routers.doctors | Doctor profile requested doctor_id=ad5bed97-bb27-4cb2-9273-24ccea4ba5b7
2026-08-08T15:35:30 INFO     httpx | HTTP Request: GET https://cojqrbvczpzbvcewgxgf.supabase.co/rest/v1/doctors?select=%2A&id=eq.ad5bed97-bb27-4cb2-9273-24ccea4ba5b7 "HTTP/2 200 OK"
2026-08-08T15:35:30 INFO     httpx | HTTP Request: GET https://cojqrbvczpzbvcewgxgf.supabase.co/rest/v1/clinics?select=%2A&doctor_id=eq.ad5bed97-bb27-4cb2-9273-24ccea4ba5b7 "HTTP/2 200 OK"
2026-08-08T15:35:30 INFO     app.main | Request complete request_id=4159cf3d-d4e4-42b9-a798-d2baf806c2f1 method=GET path=/api/v1/doctors/me status=200 duration_ms=136.4 client=127.0.0.1
2026-08-08T16:03:28 INFO     app.main | Application shutting down
2026-08-08T16:03:31 INFO     app.main | Application starting environment=development debug=True
2026-08-08T16:04:54 INFO     app.main | Application shutting down
2026-08-08T16:04:58 INFO     app.main | Application starting environment=development debug=True
2026-08-08T16:05:52 INFO     app.main | Request complete request_id=e5f1cd49-bc43-4c79-8ad9-51ab96d99d16 method=OPTIONS path=/api/v1/auth/login status=200 duration_ms=0.7 client=127.0.0.1
2026-08-08T16:05:52 INFO     app.routers.auth | Doctor login requested email=janfishan@gmail.com
2026-08-08T16:05:52 INFO     app.services.supabase_store | Creating Supabase client
2026-08-08T16:05:53 INFO     app.db | Initializing Supabase service-role client
2026-08-08T16:05:55 INFO     httpx | HTTP Request: GET https://cojqrbvczpzbvcewgxgf.supabase.co/rest/v1/doctors?select=%2A&email=eq.janfishan%40gmail.com "HTTP/2 200 OK"
2026-08-08T16:05:55 INFO     app.routers.auth | Doctor login succeeded doctor_id=ad5bed97-bb27-4cb2-9273-24ccea4ba5b7
2026-08-08T16:05:55 INFO     app.main | Request complete request_id=47b708b7-7fab-4b5c-a6cf-bee9e64d10aa method=POST path=/api/v1/auth/login status=200 duration_ms=2952.3 client=127.0.0.1
2026-08-08T16:05:55 INFO     app.main | Request complete request_id=57185c72-72dc-42dd-aa1c-36e4ac7ae6e4 method=OPTIONS path=/api/v1/doctors/me status=200 duration_ms=1.3 client=127.0.0.1
2026-08-08T16:05:55 INFO     app.main | Request complete request_id=c7d2a02a-015f-422a-ad99-96eed0c01ecf method=OPTIONS path=/api/v1/doctors/me status=200 duration_ms=5.4 client=127.0.0.1
2026-08-08T16:05:55 INFO     app.routers.doctors | Doctor profile requested doctor_id=ad5bed97-bb27-4cb2-9273-24ccea4ba5b7
2026-08-08T16:05:55 INFO     httpx | HTTP Request: GET https://cojqrbvczpzbvcewgxgf.supabase.co/rest/v1/doctors?select=%2A&id=eq.ad5bed97-bb27-4cb2-9273-24ccea4ba5b7 "HTTP/2 200 OK"
2026-08-08T16:05:55 INFO     httpx | HTTP Request: GET https://cojqrbvczpzbvcewgxgf.supabase.co/rest/v1/clinics?select=%2A&doctor_id=eq.ad5bed97-bb27-4cb2-9273-24ccea4ba5b7 "HTTP/2 200 OK"
2026-08-08T16:05:55 INFO     app.main | Request complete request_id=7b703029-a580-493f-9293-3cd4e06053b0 method=GET path=/api/v1/doctors/me status=200 duration_ms=223.5 client=127.0.0.1
2026-08-08T16:05:55 INFO     app.routers.doctors | Doctor profile requested doctor_id=ad5bed97-bb27-4cb2-9273-24ccea4ba5b7
2026-08-08T16:05:55 INFO     httpx | HTTP Request: GET https://cojqrbvczpzbvcewgxgf.supabase.co/rest/v1/doctors?select=%2A&id=eq.ad5bed97-bb27-4cb2-9273-24ccea4ba5b7 "HTTP/2 200 OK"
2026-08-08T16:05:55 INFO     httpx | HTTP Request: GET https://cojqrbvczpzbvcewgxgf.supabase.co/rest/v1/clinics?select=%2A&doctor_id=eq.ad5bed97-bb27-4cb2-9273-24ccea4ba5b7 "HTTP/2 200 OK"
2026-08-08T16:05:55 INFO     app.main | Request complete request_id=725f76a7-7a1a-42f3-aff3-997cf373bd59 method=GET path=/api/v1/doctors/me status=200 duration_ms=127.3 client=127.0.0.1
2026-08-08T16:06:48 INFO     app.main | Request complete request_id=3349122d-04f5-4d85-b7a9-a50a8b13701a method=OPTIONS path=/api/v1/doctors/me/clinic status=200 duration_ms=0.3 client=127.0.0.1
2026-08-08T16:06:48 INFO     app.routers.doctors | Clinic upsert requested doctor_id=ad5bed97-bb27-4cb2-9273-24ccea4ba5b7 address=nattukal , near policestation
2026-08-08T16:06:48 INFO     httpx | HTTP Request: GET https://cojqrbvczpzbvcewgxgf.supabase.co/rest/v1/doctors?select=%2A&id=eq.ad5bed97-bb27-4cb2-9273-24ccea4ba5b7 "HTTP/2 200 OK"
2026-08-08T16:06:48 INFO     app.services.geocode | Geocode requested address_length=29
2026-08-08T16:06:50 INFO     httpx | HTTP Request: GET https://nominatim.openstreetmap.org/search?q=nattukal+%2C+near+policestation&format=json&limit=1 "HTTP/1.1 200 OK"
2026-08-08T16:06:50 WARNING  app.routers.doctors | Clinic upsert geocoding failed doctor_id=ad5bed97-bb27-4cb2-9273-24ccea4ba5b7 address=nattukal , near policestation
2026-08-08T16:06:50 WARNING  app.main | Request complete request_id=192d8a1d-991c-4bc6-a879-fb3bab32f411 method=POST path=/api/v1/doctors/me/clinic status=422 duration_ms=1599.0 client=127.0.0.1
2026-08-08T16:08:08 INFO     app.main | Request complete request_id=e579dd24-6a5a-4adf-beba-05cc5ebadcfb method=OPTIONS path=/api/v1/auth/signup/doctor status=200 duration_ms=2.0 client=127.0.0.1
2026-08-08T16:08:08 INFO     app.routers.auth | Doctor signup requested email=ms@gamail.com specialty=General Practitioner
2026-08-08T16:08:08 INFO     app.services.supabase_store | Supabase create doctor specialty=General Practitioner
2026-08-08T16:08:09 INFO     httpx | HTTP Request: POST https://cojqrbvczpzbvcewgxgf.supabase.co/rest/v1/doctors "HTTP/2 201 Created"
2026-08-08T16:08:09 INFO     app.routers.auth | Doctor signup succeeded doctor_id=4103095d-8a90-42bd-bd5d-e54bf5dc059b
2026-08-08T16:08:09 INFO     app.main | Request complete request_id=0df66dbb-63a9-4f5b-a60f-a93cc14c75ce method=POST path=/api/v1/auth/signup/doctor status=201 duration_ms=524.4 client=127.0.0.1
2026-08-08T16:08:09 INFO     app.routers.doctors | Doctor profile requested doctor_id=4103095d-8a90-42bd-bd5d-e54bf5dc059b
2026-08-08T16:08:09 INFO     httpx | HTTP Request: GET https://cojqrbvczpzbvcewgxgf.supabase.co/rest/v1/doctors?select=%2A&id=eq.4103095d-8a90-42bd-bd5d-e54bf5dc059b "HTTP/2 200 OK"
2026-08-08T16:08:09 INFO     httpx | HTTP Request: GET https://cojqrbvczpzbvcewgxgf.supabase.co/rest/v1/clinics?select=%2A&doctor_id=eq.4103095d-8a90-42bd-bd5d-e54bf5dc059b "HTTP/2 200 OK"
2026-08-08T16:08:09 INFO     app.main | Request complete request_id=f5245a5b-f024-4c97-8eb0-5e33e511c5cb method=GET path=/api/v1/doctors/me status=200 duration_ms=179.9 client=127.0.0.1
2026-08-08T16:08:09 INFO     app.routers.doctors | Doctor profile requested doctor_id=4103095d-8a90-42bd-bd5d-e54bf5dc059b
2026-08-08T16:08:09 INFO     httpx | HTTP Request: GET https://cojqrbvczpzbvcewgxgf.supabase.co/rest/v1/doctors?select=%2A&id=eq.4103095d-8a90-42bd-bd5d-e54bf5dc059b "HTTP/2 200 OK"
2026-08-08T16:08:09 INFO     httpx | HTTP Request: GET https://cojqrbvczpzbvcewgxgf.supabase.co/rest/v1/clinics?select=%2A&doctor_id=eq.4103095d-8a90-42bd-bd5d-e54bf5dc059b "HTTP/2 200 OK"
2026-08-08T16:08:09 INFO     app.main | Request complete request_id=c4820810-7d54-4ecf-910f-13e830b06498 method=GET path=/api/v1/doctors/me status=200 duration_ms=183.5 client=127.0.0.1
2026-08-08T16:14:13 INFO     app.routers.doctors | Doctor profile requested doctor_id=4103095d-8a90-42bd-bd5d-e54bf5dc059b
2026-08-08T16:14:14 INFO     httpx | HTTP Request: GET https://cojqrbvczpzbvcewgxgf.supabase.co/rest/v1/doctors?select=%2A&id=eq.4103095d-8a90-42bd-bd5d-e54bf5dc059b "HTTP/2 200 OK"
2026-08-08T16:14:14 INFO     httpx | HTTP Request: GET https://cojqrbvczpzbvcewgxgf.supabase.co/rest/v1/clinics?select=%2A&doctor_id=eq.4103095d-8a90-42bd-bd5d-e54bf5dc059b "HTTP/2 200 OK"
2026-08-08T16:14:14 INFO     app.main | Request complete request_id=68f1b993-7ea7-4c15-91c3-a3c3681cf746 method=GET path=/api/v1/doctors/me status=200 duration_ms=805.4 client=127.0.0.1
2026-08-08T16:15:34 INFO     app.main | Application shutting down
2026-08-08T16:15:36 INFO     app.main | Application starting environment=development debug=True
2026-08-08T16:16:04 INFO     app.main | Request complete request_id=08d55f2a-8dee-45d6-97ed-f193ebd19194 method=OPTIONS path=/api/v1/doctors/me/availability status=200 duration_ms=0.9 client=127.0.0.1
2026-08-08T16:16:04 INFO     app.routers.doctors | Availability update requested doctor_id=4103095d-8a90-42bd-bd5d-e54bf5dc059b available=True
2026-08-08T16:16:04 INFO     app.services.supabase_store | Creating Supabase client
2026-08-08T16:16:04 INFO     app.db | Initializing Supabase service-role client
2026-08-08T16:16:06 INFO     httpx | HTTP Request: GET https://cojqrbvczpzbvcewgxgf.supabase.co/rest/v1/doctors?select=%2A&id=eq.4103095d-8a90-42bd-bd5d-e54bf5dc059b "HTTP/2 200 OK"
2026-08-08T16:16:06 INFO     app.services.supabase_store | Supabase upsert availability doctor_id=4103095d-8a90-42bd-bd5d-e54bf5dc059b available=True
2026-08-08T16:16:06 INFO     httpx | HTTP Request: GET https://cojqrbvczpzbvcewgxgf.supabase.co/rest/v1/availability?select=%2A&doctor_id=eq.4103095d-8a90-42bd-bd5d-e54bf5dc059b "HTTP/2 200 OK"
2026-08-08T16:16:06 INFO     httpx | HTTP Request: POST https://cojqrbvczpzbvcewgxgf.supabase.co/rest/v1/availability "HTTP/2 201 Created"
2026-08-08T16:16:06 INFO     app.main | Request complete request_id=21a46ebc-4bc4-4f24-9e42-04360cb187f2 method=PUT path=/api/v1/doctors/me/availability status=200 duration_ms=2323.8 client=127.0.0.1
2026-08-08T16:17:23 INFO     app.main | Request complete request_id=b665b4de-e77d-4b5f-8a48-16c452b4d2aa method=OPTIONS path=/api/v1/doctors/me/clinic status=200 duration_ms=0.6 client=127.0.0.1
2026-08-08T16:17:23 INFO     app.routers.doctors | Clinic upsert requested doctor_id=4103095d-8a90-42bd-bd5d-e54bf5dc059b address=karuvarakund near lulu mall
2026-08-08T16:17:23 INFO     httpx | HTTP Request: GET https://cojqrbvczpzbvcewgxgf.supabase.co/rest/v1/doctors?select=%2A&id=eq.4103095d-8a90-42bd-bd5d-e54bf5dc059b "HTTP/2 200 OK"
2026-08-08T16:17:23 INFO     app.routers.doctors | Clinic upsert using provided coordinates lat=11.131288904015442 lng=76.34577924296835
2026-08-08T16:17:23 INFO     app.services.supabase_store | Supabase upsert clinic doctor_id=4103095d-8a90-42bd-bd5d-e54bf5dc059b
2026-08-08T16:17:23 INFO     httpx | HTTP Request: GET https://cojqrbvczpzbvcewgxgf.supabase.co/rest/v1/clinics?select=%2A&doctor_id=eq.4103095d-8a90-42bd-bd5d-e54bf5dc059b "HTTP/2 200 OK"
2026-08-08T16:17:23 INFO     httpx | HTTP Request: POST https://cojqrbvczpzbvcewgxgf.supabase.co/rest/v1/clinics "HTTP/2 201 Created"
2026-08-08T16:17:23 INFO     app.main | Request complete request_id=83be818e-2686-4ba9-8608-a6f64f7fa638 method=POST path=/api/v1/doctors/me/clinic status=201 duration_ms=398.8 client=127.0.0.1
2026-08-08T16:17:23 INFO     app.main | Request complete request_id=e55d40f7-d2b2-408f-b6ad-0055d078cd60 method=OPTIONS path=/api/v1/doctors/me status=200 duration_ms=0.4 client=127.0.0.1
2026-08-08T16:17:23 INFO     app.routers.doctors | Doctor profile requested doctor_id=4103095d-8a90-42bd-bd5d-e54bf5dc059b
2026-08-08T16:17:23 INFO     httpx | HTTP Request: GET https://cojqrbvczpzbvcewgxgf.supabase.co/rest/v1/doctors?select=%2A&id=eq.4103095d-8a90-42bd-bd5d-e54bf5dc059b "HTTP/2 200 OK"
2026-08-08T16:17:23 INFO     httpx | HTTP Request: GET https://cojqrbvczpzbvcewgxgf.supabase.co/rest/v1/clinics?select=%2A&doctor_id=eq.4103095d-8a90-42bd-bd5d-e54bf5dc059b "HTTP/2 200 OK"
2026-08-08T16:17:23 INFO     app.main | Request complete request_id=00f2065b-39f1-4822-bcff-c1b00f99fc07 method=GET path=/api/v1/doctors/me status=200 duration_ms=147.6 client=127.0.0.1
2026-08-08T16:17:26 INFO     app.routers.doctors | Clinic upsert requested doctor_id=4103095d-8a90-42bd-bd5d-e54bf5dc059b address=karuvarakund near lulu mall
2026-08-08T16:17:26 INFO     httpx | HTTP Request: GET https://cojqrbvczpzbvcewgxgf.supabase.co/rest/v1/doctors?select=%2A&id=eq.4103095d-8a90-42bd-bd5d-e54bf5dc059b "HTTP/2 200 OK"
2026-08-08T16:17:26 INFO     app.routers.doctors | Clinic upsert using provided coordinates lat=11.131288904015442 lng=76.34577924296835
2026-08-08T16:17:26 INFO     app.services.supabase_store | Supabase upsert clinic doctor_id=4103095d-8a90-42bd-bd5d-e54bf5dc059b
2026-08-08T16:17:26 INFO     httpx | HTTP Request: GET https://cojqrbvczpzbvcewgxgf.supabase.co/rest/v1/clinics?select=%2A&doctor_id=eq.4103095d-8a90-42bd-bd5d-e54bf5dc059b "HTTP/2 200 OK"
2026-08-08T16:17:26 INFO     httpx | HTTP Request: PATCH https://cojqrbvczpzbvcewgxgf.supabase.co/rest/v1/clinics?doctor_id=eq.4103095d-8a90-42bd-bd5d-e54bf5dc059b "HTTP/2 200 OK"
2026-08-08T16:17:26 INFO     app.main | Request complete request_id=eedaa607-ab62-4760-8926-6864605e4635 method=POST path=/api/v1/doctors/me/clinic status=201 duration_ms=218.4 client=127.0.0.1
2026-08-08T16:17:26 INFO     app.routers.doctors | Doctor profile requested doctor_id=4103095d-8a90-42bd-bd5d-e54bf5dc059b
2026-08-08T16:17:26 INFO     httpx | HTTP Request: GET https://cojqrbvczpzbvcewgxgf.supabase.co/rest/v1/doctors?select=%2A&id=eq.4103095d-8a90-42bd-bd5d-e54bf5dc059b "HTTP/2 200 OK"
2026-08-08T16:17:26 INFO     httpx | HTTP Request: GET https://cojqrbvczpzbvcewgxgf.supabase.co/rest/v1/clinics?select=%2A&doctor_id=eq.4103095d-8a90-42bd-bd5d-e54bf5dc059b "HTTP/2 200 OK"
2026-08-08T16:17:26 INFO     app.main | Request complete request_id=e3649ce3-f1dc-4b3d-a14a-3f3683672513 method=GET path=/api/v1/doctors/me status=200 duration_ms=138.5 client=127.0.0.1
2026-08-08T16:17:39 INFO     app.main | Request complete request_id=327ec6ba-9620-42c2-82a7-2d18a0c820c4 method=OPTIONS path=/api/v1/search status=200 duration_ms=0.6 client=127.0.0.1
2026-08-08T16:17:39 INFO     app.routers.search | Doctor search requested specialty=all radius_km=48.0
2026-08-08T16:17:39 INFO     app.services.supabase_store | Supabase search doctors specialty=all radius_km=48.0
2026-08-08T16:17:40 INFO     httpx | HTTP Request: GET https://cojqrbvczpzbvcewgxgf.supabase.co/rest/v1/doctors?select=%2A%2C+clinics%28%2A%29%2C+availability%28%2A%29 "HTTP/2 200 OK"
2026-08-08T16:17:40 ERROR    app.main | Request failed request_id=ab50ac5c-0e66-4b1d-a865-582f31718698 method=GET path=/api/v1/search
Traceback (most recent call last):
  File "C:\new\doctorundo\.venv\Lib\site-packages\starlette\middleware\base.py", line 78, in call_next
    message = await recv_stream.receive()
              ^^^^^^^^^^^^^^^^^^^^^^^^^^^
  File "C:\new\doctorundo\.venv\Lib\site-packages\anyio\streams\memory.py", line 98, in receive
    return self.receive_nowait()
           ^^^^^^^^^^^^^^^^^^^^^
  File "C:\new\doctorundo\.venv\Lib\site-packages\anyio\streams\memory.py", line 91, in receive_nowait
    raise EndOfStream
anyio.EndOfStream

During handling of the above exception, another exception occurred:

Traceback (most recent call last):
  File "C:\new\doctorundo\backend\app\main.py", line 47, in log_request
    response = await call_next(request)
               ^^^^^^^^^^^^^^^^^^^^^^^^
  File "C:\new\doctorundo\.venv\Lib\site-packages\starlette\middleware\base.py", line 84, in call_next
    raise app_exc
  File "C:\new\doctorundo\.venv\Lib\site-packages\starlette\middleware\base.py", line 70, in coro
    await self.app(scope, receive_or_disconnect, send_no_error)
  File "C:\new\doctorundo\.venv\Lib\site-packages\starlette\middleware\cors.py", line 91, in __call__
    await self.simple_response(scope, receive, send, request_headers=headers)
  File "C:\new\doctorundo\.venv\Lib\site-packages\starlette\middleware\cors.py", line 146, in simple_response
    await self.app(scope, receive, send)
  File "C:\new\doctorundo\.venv\Lib\site-packages\starlette\middleware\exceptions.py", line 79, in __call__
    raise exc
  File "C:\new\doctorundo\.venv\Lib\site-packages\starlette\middleware\exceptions.py", line 68, in __call__
    await self.app(scope, receive, sender)
  File "C:\new\doctorundo\.venv\Lib\site-packages\fastapi\middleware\asyncexitstack.py", line 20, in __call__
    raise e
  File "C:\new\doctorundo\.venv\Lib\site-packages\fastapi\middleware\asyncexitstack.py", line 17, in __call__
    await self.app(scope, receive, send)
  File "C:\new\doctorundo\.venv\Lib\site-packages\starlette\routing.py", line 718, in __call__
    await route.handle(scope, receive, send)
  File "C:\new\doctorundo\.venv\Lib\site-packages\starlette\routing.py", line 276, in handle
    await self.app(scope, receive, send)
  File "C:\new\doctorundo\.venv\Lib\site-packages\starlette\routing.py", line 66, in app
    response = await func(request)
               ^^^^^^^^^^^^^^^^^^^
  File "C:\new\doctorundo\.venv\Lib\site-packages\fastapi\routing.py", line 274, in app
    raw_response = await run_endpoint_function(
                   ^^^^^^^^^^^^^^^^^^^^^^^^^^^^
  File "C:\new\doctorundo\.venv\Lib\site-packages\fastapi\routing.py", line 191, in run_endpoint_function
    return await dependant.call(**values)
           ^^^^^^^^^^^^^^^^^^^^^^^^^^^^^^
  File "C:\new\doctorundo\backend\app\routers\search.py", line 33, in search_doctors
    remote_results = supabase_store.search_doctors(lat, lng, specialty, radius_km)
                     ^^^^^^^^^^^^^^^^^^^^^^^^^^^^^^^^^^^^^^^^^^^^^^^^^^^^^^^^^^^^^
  File "C:\new\doctorundo\backend\app\services\supabase_store.py", line 93, in search_doctors
    availability = doctor.get("availability", [{}])[0] if doctor.get("availability") else None
                   ~~~~~~~~~~~~~~~~~~~~~~~~~~~~~~~~^^^
KeyError: 0
2026-08-08T16:18:11 INFO     app.main | Request complete request_id=83fab12e-423a-4d2e-a92b-d3e5aac96827 method=OPTIONS path=/api/v1/search status=200 duration_ms=0.8 client=127.0.0.1
2026-08-08T16:18:11 INFO     app.routers.search | Doctor search requested specialty=General Practitioner radius_km=48.0
2026-08-08T16:18:11 INFO     app.services.supabase_store | Supabase search doctors specialty=General Practitioner radius_km=48.0
2026-08-08T16:18:11 INFO     httpx | HTTP Request: GET https://cojqrbvczpzbvcewgxgf.supabase.co/rest/v1/doctors?select=%2A%2C+clinics%28%2A%29%2C+availability%28%2A%29&specialty=ilike.%25General+Practitioner%25 "HTTP/2 200 OK"
2026-08-08T16:18:11 ERROR    app.main | Request failed request_id=7b9d57b6-2ff0-4d00-b075-ab247587ee9f method=GET path=/api/v1/search
Traceback (most recent call last):
  File "C:\new\doctorundo\.venv\Lib\site-packages\starlette\middleware\base.py", line 78, in call_next
    message = await recv_stream.receive()
              ^^^^^^^^^^^^^^^^^^^^^^^^^^^
  File "C:\new\doctorundo\.venv\Lib\site-packages\anyio\streams\memory.py", line 98, in receive
    return self.receive_nowait()
           ^^^^^^^^^^^^^^^^^^^^^
  File "C:\new\doctorundo\.venv\Lib\site-packages\anyio\streams\memory.py", line 91, in receive_nowait
    raise EndOfStream
anyio.EndOfStream

During handling of the above exception, another exception occurred:

Traceback (most recent call last):
  File "C:\new\doctorundo\backend\app\main.py", line 47, in log_request
    response = await call_next(request)
               ^^^^^^^^^^^^^^^^^^^^^^^^
  File "C:\new\doctorundo\.venv\Lib\site-packages\starlette\middleware\base.py", line 84, in call_next
    raise app_exc
  File "C:\new\doctorundo\.venv\Lib\site-packages\starlette\middleware\base.py", line 70, in coro
    await self.app(scope, receive_or_disconnect, send_no_error)
  File "C:\new\doctorundo\.venv\Lib\site-packages\starlette\middleware\cors.py", line 91, in __call__
    await self.simple_response(scope, receive, send, request_headers=headers)
  File "C:\new\doctorundo\.venv\Lib\site-packages\starlette\middleware\cors.py", line 146, in simple_response
    await self.app(scope, receive, send)
  File "C:\new\doctorundo\.venv\Lib\site-packages\starlette\middleware\exceptions.py", line 79, in __call__
    raise exc
  File "C:\new\doctorundo\.venv\Lib\site-packages\starlette\middleware\exceptions.py", line 68, in __call__
    await self.app(scope, receive, sender)
  File "C:\new\doctorundo\.venv\Lib\site-packages\fastapi\middleware\asyncexitstack.py", line 20, in __call__
    raise e
  File "C:\new\doctorundo\.venv\Lib\site-packages\fastapi\middleware\asyncexitstack.py", line 17, in __call__
    await self.app(scope, receive, send)
  File "C:\new\doctorundo\.venv\Lib\site-packages\starlette\routing.py", line 718, in __call__
    await route.handle(scope, receive, send)
  File "C:\new\doctorundo\.venv\Lib\site-packages\starlette\routing.py", line 276, in handle
    await self.app(scope, receive, send)
  File "C:\new\doctorundo\.venv\Lib\site-packages\starlette\routing.py", line 66, in app
    response = await func(request)
               ^^^^^^^^^^^^^^^^^^^
  File "C:\new\doctorundo\.venv\Lib\site-packages\fastapi\routing.py", line 274, in app
    raw_response = await run_endpoint_function(
                   ^^^^^^^^^^^^^^^^^^^^^^^^^^^^
  File "C:\new\doctorundo\.venv\Lib\site-packages\fastapi\routing.py", line 191, in run_endpoint_function
    return await dependant.call(**values)
           ^^^^^^^^^^^^^^^^^^^^^^^^^^^^^^
  File "C:\new\doctorundo\backend\app\routers\search.py", line 33, in search_doctors
    remote_results = supabase_store.search_doctors(lat, lng, specialty, radius_km)
                     ^^^^^^^^^^^^^^^^^^^^^^^^^^^^^^^^^^^^^^^^^^^^^^^^^^^^^^^^^^^^^
  File "C:\new\doctorundo\backend\app\services\supabase_store.py", line 93, in search_doctors
    availability = doctor.get("availability", [{}])[0] if doctor.get("availability") else None
                   ~~~~~~~~~~~~~~~~~~~~~~~~~~~~~~~~^^^
KeyError: 0
2026-08-08T16:18:43 INFO     app.main | Application shutting down
2026-08-08T16:18:47 INFO     app.main | Application starting environment=development debug=True
2026-08-08T16:18:55 INFO     app.routers.doctors | Doctor profile requested doctor_id=4103095d-8a90-42bd-bd5d-e54bf5dc059b
2026-08-08T16:18:55 INFO     app.services.supabase_store | Creating Supabase client
2026-08-08T16:18:56 INFO     app.db | Initializing Supabase service-role client
2026-08-08T16:18:58 INFO     httpx | HTTP Request: GET https://cojqrbvczpzbvcewgxgf.supabase.co/rest/v1/doctors?select=%2A&id=eq.4103095d-8a90-42bd-bd5d-e54bf5dc059b "HTTP/2 200 OK"
2026-08-08T16:18:58 INFO     httpx | HTTP Request: GET https://cojqrbvczpzbvcewgxgf.supabase.co/rest/v1/clinics?select=%2A&doctor_id=eq.4103095d-8a90-42bd-bd5d-e54bf5dc059b "HTTP/2 200 OK"
2026-08-08T16:18:58 INFO     app.main | Request complete request_id=cd835aec-6c22-4753-9e7a-9a69c90340cf method=GET path=/api/v1/doctors/me status=200 duration_ms=2150.3 client=127.0.0.1
2026-08-08T16:18:58 INFO     app.routers.doctors | Doctor profile requested doctor_id=4103095d-8a90-42bd-bd5d-e54bf5dc059b
2026-08-08T16:18:58 INFO     httpx | HTTP Request: GET https://cojqrbvczpzbvcewgxgf.supabase.co/rest/v1/doctors?select=%2A&id=eq.4103095d-8a90-42bd-bd5d-e54bf5dc059b "HTTP/2 200 OK"
2026-08-08T16:18:58 INFO     httpx | HTTP Request: GET https://cojqrbvczpzbvcewgxgf.supabase.co/rest/v1/clinics?select=%2A&doctor_id=eq.4103095d-8a90-42bd-bd5d-e54bf5dc059b "HTTP/2 200 OK"
2026-08-08T16:18:58 INFO     app.main | Request complete request_id=13e9132e-cb23-4d96-bce0-1a3742019c94 method=GET path=/api/v1/doctors/me status=200 duration_ms=166.1 client=127.0.0.1
2026-08-08T16:19:04 INFO     app.main | Request complete request_id=95ceb6d6-faf5-4043-aa63-e4ec8c5c02c6 method=OPTIONS path=/api/v1/search status=200 duration_ms=0.5 client=127.0.0.1
2026-08-08T16:19:04 INFO     app.routers.search | Doctor search requested specialty=all radius_km=10.0
2026-08-08T16:19:04 INFO     app.services.supabase_store | Supabase search doctors specialty=all radius_km=10.0
2026-08-08T16:19:05 INFO     httpx | HTTP Request: GET https://cojqrbvczpzbvcewgxgf.supabase.co/rest/v1/doctors?select=%2A%2C+clinics%28%2A%29%2C+availability%28%2A%29 "HTTP/2 200 OK"
2026-08-08T16:19:05 ERROR    app.main | Request failed request_id=d6eda708-0770-4a2c-874d-6b9a313cc1e8 method=GET path=/api/v1/search
Traceback (most recent call last):
  File "C:\new\doctorundo\.venv\Lib\site-packages\starlette\middleware\base.py", line 78, in call_next
    message = await recv_stream.receive()
              ^^^^^^^^^^^^^^^^^^^^^^^^^^^
  File "C:\new\doctorundo\.venv\Lib\site-packages\anyio\streams\memory.py", line 98, in receive
    return self.receive_nowait()
           ^^^^^^^^^^^^^^^^^^^^^
  File "C:\new\doctorundo\.venv\Lib\site-packages\anyio\streams\memory.py", line 91, in receive_nowait
    raise EndOfStream
anyio.EndOfStream

During handling of the above exception, another exception occurred:

Traceback (most recent call last):
  File "C:\new\doctorundo\backend\app\main.py", line 47, in log_request
    response = await call_next(request)
               ^^^^^^^^^^^^^^^^^^^^^^^^
  File "C:\new\doctorundo\.venv\Lib\site-packages\starlette\middleware\base.py", line 84, in call_next
    raise app_exc
  File "C:\new\doctorundo\.venv\Lib\site-packages\starlette\middleware\base.py", line 70, in coro
    await self.app(scope, receive_or_disconnect, send_no_error)
  File "C:\new\doctorundo\.venv\Lib\site-packages\starlette\middleware\cors.py", line 91, in __call__
    await self.simple_response(scope, receive, send, request_headers=headers)
  File "C:\new\doctorundo\.venv\Lib\site-packages\starlette\middleware\cors.py", line 146, in simple_response
    await self.app(scope, receive, send)
  File "C:\new\doctorundo\.venv\Lib\site-packages\starlette\middleware\exceptions.py", line 79, in __call__
    raise exc
  File "C:\new\doctorundo\.venv\Lib\site-packages\starlette\middleware\exceptions.py", line 68, in __call__
    await self.app(scope, receive, sender)
  File "C:\new\doctorundo\.venv\Lib\site-packages\fastapi\middleware\asyncexitstack.py", line 20, in __call__
    raise e
  File "C:\new\doctorundo\.venv\Lib\site-packages\fastapi\middleware\asyncexitstack.py", line 17, in __call__
    await self.app(scope, receive, send)
  File "C:\new\doctorundo\.venv\Lib\site-packages\starlette\routing.py", line 718, in __call__
    await route.handle(scope, receive, send)
  File "C:\new\doctorundo\.venv\Lib\site-packages\starlette\routing.py", line 276, in handle
    await self.app(scope, receive, send)
  File "C:\new\doctorundo\.venv\Lib\site-packages\starlette\routing.py", line 66, in app
    response = await func(request)
               ^^^^^^^^^^^^^^^^^^^
  File "C:\new\doctorundo\.venv\Lib\site-packages\fastapi\routing.py", line 274, in app
    raw_response = await run_endpoint_function(
                   ^^^^^^^^^^^^^^^^^^^^^^^^^^^^
  File "C:\new\doctorundo\.venv\Lib\site-packages\fastapi\routing.py", line 191, in run_endpoint_function
    return await dependant.call(**values)
           ^^^^^^^^^^^^^^^^^^^^^^^^^^^^^^
  File "C:\new\doctorundo\backend\app\routers\search.py", line 33, in search_doctors
    remote_results = supabase_store.search_doctors(lat, lng, specialty, radius_km)
                     ^^^^^^^^^^^^^^^^^^^^^^^^^^^^^^^^^^^^^^^^^^^^^^^^^^^^^^^^^^^^^
  File "C:\new\doctorundo\backend\app\services\supabase_store.py", line 93, in search_doctors
    availability = doctor.get("availability", [{}])[0] if doctor.get("availability") else None
                   ~~~~~~~~~~~~~~~~~~~~~~~~~~~~~~~~^^^
KeyError: 0
2026-08-08T16:20:11 INFO     app.main | Request complete request_id=9d6b3294-909f-434a-9290-a3610f610693 method=OPTIONS path=/api/v1/auth/login status=200 duration_ms=0.8 client=127.0.0.1
2026-08-08T16:20:11 INFO     app.routers.auth | Doctor login requested email=rahulprvte@gmail.com
2026-08-08T16:20:11 INFO     httpx | HTTP Request: GET https://cojqrbvczpzbvcewgxgf.supabase.co/rest/v1/doctors?select=%2A&email=eq.rahulprvte%40gmail.com "HTTP/2 200 OK"
2026-08-08T16:20:11 INFO     app.routers.auth | Doctor login succeeded doctor_id=385004e6-8f2a-4006-92d7-21917179949e
2026-08-08T16:20:11 INFO     app.main | Request complete request_id=c8ca7f16-e5bb-4aae-a856-88cdd9afce1e method=POST path=/api/v1/auth/login status=200 duration_ms=659.8 client=127.0.0.1
2026-08-08T16:20:11 INFO     app.routers.doctors | Doctor profile requested doctor_id=385004e6-8f2a-4006-92d7-21917179949e
2026-08-08T16:20:12 INFO     httpx | HTTP Request: GET https://cojqrbvczpzbvcewgxgf.supabase.co/rest/v1/doctors?select=%2A&id=eq.385004e6-8f2a-4006-92d7-21917179949e "HTTP/2 200 OK"
2026-08-08T16:20:12 INFO     httpx | HTTP Request: GET https://cojqrbvczpzbvcewgxgf.supabase.co/rest/v1/clinics?select=%2A&doctor_id=eq.385004e6-8f2a-4006-92d7-21917179949e "HTTP/2 200 OK"
2026-08-08T16:20:12 INFO     app.main | Request complete request_id=3fe59a09-4eb4-475a-9544-b6bb4110ff69 method=GET path=/api/v1/doctors/me status=200 duration_ms=527.8 client=127.0.0.1
2026-08-08T16:20:12 INFO     app.routers.doctors | Doctor profile requested doctor_id=385004e6-8f2a-4006-92d7-21917179949e
2026-08-08T16:20:12 INFO     httpx | HTTP Request: GET https://cojqrbvczpzbvcewgxgf.supabase.co/rest/v1/doctors?select=%2A&id=eq.385004e6-8f2a-4006-92d7-21917179949e "HTTP/2 200 OK"
2026-08-08T16:20:12 INFO     httpx | HTTP Request: GET https://cojqrbvczpzbvcewgxgf.supabase.co/rest/v1/clinics?select=%2A&doctor_id=eq.385004e6-8f2a-4006-92d7-21917179949e "HTTP/2 200 OK"
2026-08-08T16:20:12 INFO     app.main | Request complete request_id=3960446b-efeb-4011-9123-f5e272acd606 method=GET path=/api/v1/doctors/me status=200 duration_ms=247.1 client=127.0.0.1
2026-08-08T16:20:27 INFO     app.routers.doctors | Availability update requested doctor_id=385004e6-8f2a-4006-92d7-21917179949e available=True
2026-08-08T16:20:27 INFO     httpx | HTTP Request: GET https://cojqrbvczpzbvcewgxgf.supabase.co/rest/v1/doctors?select=%2A&id=eq.385004e6-8f2a-4006-92d7-21917179949e "HTTP/2 200 OK"
2026-08-08T16:20:27 INFO     app.services.supabase_store | Supabase upsert availability doctor_id=385004e6-8f2a-4006-92d7-21917179949e available=True
2026-08-08T16:20:27 INFO     httpx | HTTP Request: GET https://cojqrbvczpzbvcewgxgf.supabase.co/rest/v1/availability?select=%2A&doctor_id=eq.385004e6-8f2a-4006-92d7-21917179949e "HTTP/2 200 OK"
2026-08-08T16:20:28 INFO     httpx | HTTP Request: POST https://cojqrbvczpzbvcewgxgf.supabase.co/rest/v1/availability "HTTP/2 201 Created"
2026-08-08T16:20:28 INFO     app.main | Request complete request_id=d20e7a5b-664d-4236-a259-00866b99266e method=PUT path=/api/v1/doctors/me/availability status=200 duration_ms=348.8 client=127.0.0.1
2026-08-08T16:23:13 INFO     app.routers.search | Doctor search requested specialty=all radius_km=10.0
2026-08-08T16:23:13 INFO     app.services.supabase_store | Supabase search doctors specialty=all radius_km=10.0
2026-08-08T16:23:13 INFO     httpx | HTTP Request: GET https://cojqrbvczpzbvcewgxgf.supabase.co/rest/v1/doctors?select=%2A%2C+clinics%28%2A%29%2C+availability%28%2A%29 "HTTP/2 200 OK"
2026-08-08T16:23:13 ERROR    app.main | Request failed request_id=7b22c337-aab0-4012-8acc-eb3394c49baa method=GET path=/api/v1/search
Traceback (most recent call last):
  File "C:\new\doctorundo\.venv\Lib\site-packages\starlette\middleware\base.py", line 78, in call_next
    message = await recv_stream.receive()
              ^^^^^^^^^^^^^^^^^^^^^^^^^^^
  File "C:\new\doctorundo\.venv\Lib\site-packages\anyio\streams\memory.py", line 98, in receive
    return self.receive_nowait()
           ^^^^^^^^^^^^^^^^^^^^^
  File "C:\new\doctorundo\.venv\Lib\site-packages\anyio\streams\memory.py", line 91, in receive_nowait
    raise EndOfStream
anyio.EndOfStream

During handling of the above exception, another exception occurred:

Traceback (most recent call last):
  File "C:\new\doctorundo\backend\app\main.py", line 47, in log_request
    response = await call_next(request)
               ^^^^^^^^^^^^^^^^^^^^^^^^
  File "C:\new\doctorundo\.venv\Lib\site-packages\starlette\middleware\base.py", line 84, in call_next
    raise app_exc
  File "C:\new\doctorundo\.venv\Lib\site-packages\starlette\middleware\base.py", line 70, in coro
    await self.app(scope, receive_or_disconnect, send_no_error)
  File "C:\new\doctorundo\.venv\Lib\site-packages\starlette\middleware\cors.py", line 91, in __call__
    await self.simple_response(scope, receive, send, request_headers=headers)
  File "C:\new\doctorundo\.venv\Lib\site-packages\starlette\middleware\cors.py", line 146, in simple_response
    await self.app(scope, receive, send)
  File "C:\new\doctorundo\.venv\Lib\site-packages\starlette\middleware\exceptions.py", line 79, in __call__
    raise exc
  File "C:\new\doctorundo\.venv\Lib\site-packages\starlette\middleware\exceptions.py", line 68, in __call__
    await self.app(scope, receive, sender)
  File "C:\new\doctorundo\.venv\Lib\site-packages\fastapi\middleware\asyncexitstack.py", line 20, in __call__
    raise e
  File "C:\new\doctorundo\.venv\Lib\site-packages\fastapi\middleware\asyncexitstack.py", line 17, in __call__
    await self.app(scope, receive, send)
  File "C:\new\doctorundo\.venv\Lib\site-packages\starlette\routing.py", line 718, in __call__
    await route.handle(scope, receive, send)
  File "C:\new\doctorundo\.venv\Lib\site-packages\starlette\routing.py", line 276, in handle
    await self.app(scope, receive, send)
  File "C:\new\doctorundo\.venv\Lib\site-packages\starlette\routing.py", line 66, in app
    response = await func(request)
               ^^^^^^^^^^^^^^^^^^^
  File "C:\new\doctorundo\.venv\Lib\site-packages\fastapi\routing.py", line 274, in app
    raw_response = await run_endpoint_function(
                   ^^^^^^^^^^^^^^^^^^^^^^^^^^^^
  File "C:\new\doctorundo\.venv\Lib\site-packages\fastapi\routing.py", line 191, in run_endpoint_function
    return await dependant.call(**values)
           ^^^^^^^^^^^^^^^^^^^^^^^^^^^^^^
  File "C:\new\doctorundo\backend\app\routers\search.py", line 33, in search_doctors
    remote_results = supabase_store.search_doctors(lat, lng, specialty, radius_km)
                     ^^^^^^^^^^^^^^^^^^^^^^^^^^^^^^^^^^^^^^^^^^^^^^^^^^^^^^^^^^^^^
  File "C:\new\doctorundo\backend\app\services\supabase_store.py", line 93, in search_doctors
    query = query.ilike("specialty", f"%{specialty}%")
                   ^^^^^^^^^^^^^^^^^^^^^^^^^^^^^^^^^^^
KeyError: 0
2026-08-08T16:23:18 INFO     app.main | Request complete request_id=355361e7-1576-478c-8f64-5b1e3e2387ab method=OPTIONS path=/api/v1/search status=200 duration_ms=1.5 client=127.0.0.1
2026-08-08T16:23:18 INFO     app.routers.search | Doctor search requested specialty=all radius_km=46.0
2026-08-08T16:23:18 INFO     app.services.supabase_store | Supabase search doctors specialty=all radius_km=46.0
2026-08-08T16:23:18 INFO     httpx | HTTP Request: GET https://cojqrbvczpzbvcewgxgf.supabase.co/rest/v1/doctors?select=%2A%2C+clinics%28%2A%29%2C+availability%28%2A%29 "HTTP/2 200 OK"
2026-08-08T16:23:18 ERROR    app.main | Request failed request_id=5d067fb6-2227-4898-9bb4-4bb4b6599677 method=GET path=/api/v1/search
Traceback (most recent call last):
  File "C:\new\doctorundo\.venv\Lib\site-packages\starlette\middleware\base.py", line 78, in call_next
    message = await recv_stream.receive()
              ^^^^^^^^^^^^^^^^^^^^^^^^^^^
  File "C:\new\doctorundo\.venv\Lib\site-packages\anyio\streams\memory.py", line 98, in receive
    return self.receive_nowait()
           ^^^^^^^^^^^^^^^^^^^^^
  File "C:\new\doctorundo\.venv\Lib\site-packages\anyio\streams\memory.py", line 91, in receive_nowait
    raise EndOfStream
anyio.EndOfStream

During handling of the above exception, another exception occurred:

Traceback (most recent call last):
  File "C:\new\doctorundo\backend\app\main.py", line 47, in log_request
    response = await call_next(request)
               ^^^^^^^^^^^^^^^^^^^^^^^^
  File "C:\new\doctorundo\.venv\Lib\site-packages\starlette\middleware\base.py", line 84, in call_next
    raise app_exc
  File "C:\new\doctorundo\.venv\Lib\site-packages\starlette\middleware\base.py", line 70, in coro
    await self.app(scope, receive_or_disconnect, send_no_error)
  File "C:\new\doctorundo\.venv\Lib\site-packages\starlette\middleware\cors.py", line 91, in __call__
    await self.simple_response(scope, receive, send, request_headers=headers)
  File "C:\new\doctorundo\.venv\Lib\site-packages\starlette\middleware\cors.py", line 146, in simple_response
    await self.app(scope, receive, send)
  File "C:\new\doctorundo\.venv\Lib\site-packages\starlette\middleware\exceptions.py", line 79, in __call__
    raise exc
  File "C:\new\doctorundo\.venv\Lib\site-packages\starlette\middleware\exceptions.py", line 68, in __call__
    await self.app(scope, receive, sender)
  File "C:\new\doctorundo\.venv\Lib\site-packages\fastapi\middleware\asyncexitstack.py", line 20, in __call__
    raise e
  File "C:\new\doctorundo\.venv\Lib\site-packages\fastapi\middleware\asyncexitstack.py", line 17, in __call__
    await self.app(scope, receive, send)
  File "C:\new\doctorundo\.venv\Lib\site-packages\starlette\routing.py", line 718, in __call__
    await route.handle(scope, receive, send)
  File "C:\new\doctorundo\.venv\Lib\site-packages\starlette\routing.py", line 276, in handle
    await self.app(scope, receive, send)
  File "C:\new\doctorundo\.venv\Lib\site-packages\starlette\routing.py", line 66, in app
    response = await func(request)
               ^^^^^^^^^^^^^^^^^^^
  File "C:\new\doctorundo\.venv\Lib\site-packages\fastapi\routing.py", line 274, in app
    raw_response = await run_endpoint_function(
                   ^^^^^^^^^^^^^^^^^^^^^^^^^^^^
  File "C:\new\doctorundo\.venv\Lib\site-packages\fastapi\routing.py", line 191, in run_endpoint_function
    return await dependant.call(**values)
           ^^^^^^^^^^^^^^^^^^^^^^^^^^^^^^
  File "C:\new\doctorundo\backend\app\routers\search.py", line 33, in search_doctors
    remote_results = supabase_store.search_doctors(lat, lng, specialty, radius_km)
                     ^^^^^^^^^^^^^^^^^^^^^^^^^^^^^^^^^^^^^^^^^^^^^^^^^^^^^^^^^^^^^
  File "C:\new\doctorundo\backend\app\services\supabase_store.py", line 93, in search_doctors
    query = query.ilike("specialty", f"%{specialty}%")
                   ^^^^^^^^^^^^^^^^^^^^^^^^^^^^^^^^^^^
KeyError: 0
2026-08-08T16:23:18 INFO     app.main | Application shutting down
2026-08-08T16:23:20 INFO     app.main | Application starting environment=development debug=True
2026-08-08T16:23:38 INFO     app.routers.search | Doctor search requested specialty=all radius_km=46.0
2026-08-08T16:23:38 INFO     app.services.supabase_store | Supabase search doctors specialty=all radius_km=46.0
2026-08-08T16:23:38 INFO     app.services.supabase_store | Creating Supabase client
2026-08-08T16:23:38 INFO     app.db | Initializing Supabase service-role client
2026-08-08T16:23:40 INFO     httpx | HTTP Request: GET https://cojqrbvczpzbvcewgxgf.supabase.co/rest/v1/doctors?select=%2A%2C+clinics%28%2A%29%2C+availability%28%2A%29 "HTTP/2 200 OK"
2026-08-08T16:23:40 INFO     app.services.supabase_store | Supabase search doctors completed result_count=1
2026-08-08T16:23:40 INFO     app.routers.search | Doctor search completed result_count=1
2026-08-08T16:23:40 INFO     app.main | Request complete request_id=e57c15e0-ee27-4141-91e7-b9faa9dfc1e9 method=GET path=/api/v1/search status=200 duration_ms=1896.3 client=127.0.0.1
2026-08-08T16:25:53 INFO     app.main | Request complete request_id=ef51d88f-a87c-4f82-b234-9002ef7ab033 method=OPTIONS path=/api/v1/search status=200 duration_ms=4.9 client=127.0.0.1
2026-08-08T16:25:53 INFO     app.routers.search | Doctor search requested specialty=all radius_km=10.0
2026-08-08T16:25:53 INFO     app.services.supabase_store | Supabase search doctors specialty=all radius_km=10.0
2026-08-08T16:25:53 INFO     httpx | HTTP Request: GET https://cojqrbvczpzbvcewgxgf.supabase.co/rest/v1/doctors?select=%2A%2C+clinics%28%2A%29%2C+availability%28%2A%29 "HTTP/2 200 OK"
2026-08-08T16:25:53 INFO     app.services.supabase_store | Supabase search doctors completed result_count=0
2026-08-08T16:25:53 INFO     app.routers.search | Doctor search completed result_count=0
2026-08-08T16:25:53 INFO     app.main | Request complete request_id=fdf6b009-aa63-4ea8-ba86-ca7e10e527f8 method=GET path=/api/v1/search status=200 duration_ms=555.1 client=127.0.0.1
2026-08-08T16:25:56 INFO     app.main | Request complete request_id=f21e47e9-da02-4840-b9ed-9a2906682b3f method=OPTIONS path=/api/v1/search status=200 duration_ms=0.5 client=127.0.0.1
2026-08-08T16:25:56 INFO     app.routers.search | Doctor search requested specialty=all radius_km=50.0
2026-08-08T16:25:56 INFO     app.services.supabase_store | Supabase search doctors specialty=all radius_km=50.0
2026-08-08T16:25:56 INFO     httpx | HTTP Request: GET https://cojqrbvczpzbvcewgxgf.supabase.co/rest/v1/doctors?select=%2A%2C+clinics%28%2A%29%2C+availability%28%2A%29 "HTTP/2 200 OK"
2026-08-08T16:25:56 INFO     app.services.supabase_store | Supabase search doctors completed result_count=2
2026-08-08T16:25:56 INFO     app.routers.search | Doctor search completed result_count=2
2026-08-08T16:25:56 INFO     app.main | Request complete request_id=34051929-1c62-431f-9354-793c27a3a3df method=GET path=/api/v1/search status=200 duration_ms=75.8 client=127.0.0.1
2026-08-08T16:27:34 INFO     app.routers.search | Doctor search requested specialty=all radius_km=50.0
2026-08-08T16:27:34 INFO     app.services.supabase_store | Supabase search doctors specialty=all radius_km=50.0
2026-08-08T16:27:34 INFO     httpx | HTTP Request: GET https://cojqrbvczpzbvcewgxgf.supabase.co/rest/v1/doctors?select=%2A%2C+clinics%28%2A%29%2C+availability%28%2A%29 "HTTP/2 200 OK"
2026-08-08T16:27:34 INFO     app.services.supabase_store | Supabase search doctors completed result_count=1
2026-08-08T16:27:34 INFO     app.routers.search | Doctor search completed result_count=1
2026-08-08T16:27:34 INFO     app.main | Request complete request_id=b6af0bfd-a2df-4cc2-9b54-9a0720b9b0ea method=GET path=/api/v1/search status=200 duration_ms=282.7 client=127.0.0.1
2026-08-08T16:27:43 INFO     app.routers.search | Doctor search requested specialty=all radius_km=50.0
2026-08-08T16:27:43 INFO     app.services.supabase_store | Supabase search doctors specialty=all radius_km=50.0
2026-08-08T16:27:43 INFO     httpx | HTTP Request: GET https://cojqrbvczpzbvcewgxgf.supabase.co/rest/v1/doctors?select=%2A%2C+clinics%28%2A%29%2C+availability%28%2A%29 "HTTP/2 200 OK"
2026-08-08T16:27:43 INFO     app.services.supabase_store | Supabase search doctors completed result_count=2
2026-08-08T16:27:43 INFO     app.routers.search | Doctor search completed result_count=2
2026-08-08T16:27:43 INFO     app.main | Request complete request_id=0f90878a-a6f4-4922-8b2a-c557a694064a method=GET path=/api/v1/search status=200 duration_ms=238.8 client=127.0.0.1
2026-08-08T17:11:52 INFO     app.routers.search | Doctor search requested specialty=all radius_km=10.0
2026-08-08T17:11:52 INFO     app.services.supabase_store | Supabase search doctors specialty=all radius_km=10.0
2026-08-08T17:11:53 INFO     httpx | HTTP Request: GET https://cojqrbvczpzbvcewgxgf.supabase.co/rest/v1/doctors?select=%2A%2C+clinics%28%2A%29%2C+availability%28%2A%29 "HTTP/2 200 OK"
2026-08-08T17:11:53 INFO     app.services.supabase_store | Supabase search doctors completed result_count=1
2026-08-08T17:11:53 INFO     app.routers.search | Doctor search completed result_count=1
2026-08-08T17:11:53 INFO     app.main | Request complete request_id=f7304e4f-52b7-4f03-9b48-e76319189dcc method=GET path=/api/v1/search status=200 duration_ms=1063.4 client=127.0.0.1
2026-08-08T17:13:15 INFO     app.main | Request complete request_id=d3cfcf00-c7c0-498c-bf6c-fb477fae2697 method=OPTIONS path=/api/v1/auth/signup/doctor status=200 duration_ms=3.8 client=127.0.0.1
2026-08-08T17:13:16 INFO     app.routers.auth | Doctor signup requested email=sidharth@gmail.com specialty=Neurologist
2026-08-08T17:13:16 INFO     app.services.supabase_store | Supabase create doctor specialty=Neurologist
2026-08-08T17:13:16 INFO     httpx | HTTP Request: POST https://cojqrbvczpzbvcewgxgf.supabase.co/rest/v1/doctors "HTTP/2 201 Created"
2026-08-08T17:13:16 INFO     app.routers.auth | Doctor signup succeeded doctor_id=3363f9a0-fea0-4776-8919-1e6ea31d6cd4
2026-08-08T17:13:16 INFO     app.main | Request complete request_id=cf78a503-29b4-48b8-8512-e42fbe0c8f43 method=POST path=/api/v1/auth/signup/doctor status=201 duration_ms=534.0 client=127.0.0.1
2026-08-08T17:13:16 INFO     app.main | Request complete request_id=86f76380-f0fd-4877-9d1b-7c162ec2fa5e method=OPTIONS path=/api/v1/doctors/me status=200 duration_ms=1.3 client=127.0.0.1
2026-08-08T17:13:16 INFO     app.main | Request complete request_id=bbebd950-7833-444f-b974-ac3159487db3 method=OPTIONS path=/api/v1/doctors/me status=200 duration_ms=3.5 client=127.0.0.1
2026-08-08T17:13:16 INFO     app.routers.doctors | Doctor profile requested doctor_id=3363f9a0-fea0-4776-8919-1e6ea31d6cd4
2026-08-08T17:13:16 INFO     httpx | HTTP Request: GET https://cojqrbvczpzbvcewgxgf.supabase.co/rest/v1/doctors?select=%2A&id=eq.3363f9a0-fea0-4776-8919-1e6ea31d6cd4 "HTTP/2 200 OK"
2026-08-08T17:13:16 INFO     httpx | HTTP Request: GET https://cojqrbvczpzbvcewgxgf.supabase.co/rest/v1/clinics?select=%2A&doctor_id=eq.3363f9a0-fea0-4776-8919-1e6ea31d6cd4 "HTTP/2 200 OK"
2026-08-08T17:13:16 INFO     app.main | Request complete request_id=7d9ff6af-5cba-449a-92b0-acfadb103829 method=GET path=/api/v1/doctors/me status=200 duration_ms=190.6 client=127.0.0.1
2026-08-08T17:13:16 INFO     app.routers.doctors | Doctor profile requested doctor_id=3363f9a0-fea0-4776-8919-1e6ea31d6cd4
2026-08-08T17:13:16 INFO     httpx | HTTP Request: GET https://cojqrbvczpzbvcewgxgf.supabase.co/rest/v1/doctors?select=%2A&id=eq.3363f9a0-fea0-4776-8919-1e6ea31d6cd4 "HTTP/2 200 OK"
2026-08-08T17:13:16 INFO     httpx | HTTP Request: GET https://cojqrbvczpzbvcewgxgf.supabase.co/rest/v1/clinics?select=%2A&doctor_id=eq.3363f9a0-fea0-4776-8919-1e6ea31d6cd4 "HTTP/2 200 OK"
2026-08-08T17:13:16 INFO     app.main | Request complete request_id=89c9d876-c93a-4909-9e9f-4cebc80c5ec4 method=GET path=/api/v1/doctors/me status=200 duration_ms=157.3 client=127.0.0.1
2026-08-08T17:17:32 INFO     app.main | Request complete request_id=c6127caa-dd9a-47cd-b469-97cf196b331f method=OPTIONS path=/api/v1/search status=200 duration_ms=0.8 client=127.0.0.1
2026-08-08T17:17:32 INFO     app.routers.search | Doctor search requested specialty=all radius_km=10.0
2026-08-08T17:17:32 INFO     app.services.supabase_store | Supabase search doctors specialty=all radius_km=10.0
2026-08-08T17:17:32 INFO     httpx | HTTP Request: GET https://cojqrbvczpzbvcewgxgf.supabase.co/rest/v1/doctors?select=%2A%2C+clinics%28%2A%29%2C+availability%28%2A%29 "HTTP/2 200 OK"
2026-08-08T17:17:32 INFO     app.services.supabase_store | Supabase search doctors completed result_count=1
2026-08-08T17:17:32 INFO     app.routers.search | Doctor search completed result_count=1
2026-08-08T17:17:32 INFO     app.main | Request complete request_id=cdfcd459-9094-453e-ac36-c355b5a78139 method=GET path=/api/v1/search status=200 duration_ms=575.0 client=127.0.0.1
2026-08-08T17:18:44 INFO     app.main | Application shutting down
2026-08-08T17:18:47 INFO     app.main | Application starting environment=development debug=True
2026-08-08T17:23:43 INFO     app.main | Application shutting down
2026-08-08T17:23:45 INFO     app.main | Application starting environment=development debug=True
2026-08-08T17:25:47 INFO     app.main | Request complete request_id=9f9f6bb8-1885-449c-b796-1908f2d7afd9 method=OPTIONS path=/api/v1/auth/signup/doctor status=200 duration_ms=0.7 client=127.0.0.1
2026-08-08T17:25:47 INFO     app.routers.auth | Doctor signup requested email=rishika@gmail.com specialty=Pediatrician
2026-08-08T17:25:47 INFO     app.services.supabase_store | Supabase create doctor specialty=Pediatrician
2026-08-08T17:25:47 INFO     app.services.supabase_store | Creating Supabase client
2026-08-08T17:25:47 INFO     app.db | Initializing Supabase service-role client
2026-08-08T17:25:49 INFO     httpx | HTTP Request: POST https://cojqrbvczpzbvcewgxgf.supabase.co/rest/v1/doctors "HTTP/2 201 Created"
2026-08-08T17:25:49 INFO     app.routers.auth | Doctor signup succeeded doctor_id=034f6eb5-fb1d-4395-ac76-e7536ca880de
2026-08-08T17:25:49 INFO     app.services.supabase_store | Supabase upsert availability doctor_id=034f6eb5-fb1d-4395-ac76-e7536ca880de available=False
2026-08-08T17:25:49 INFO     httpx | HTTP Request: GET https://cojqrbvczpzbvcewgxgf.supabase.co/rest/v1/availability?select=%2A&doctor_id=eq.034f6eb5-fb1d-4395-ac76-e7536ca880de "HTTP/2 200 OK"
2026-08-08T17:25:49 INFO     httpx | HTTP Request: POST https://cojqrbvczpzbvcewgxgf.supabase.co/rest/v1/availability "HTTP/2 201 Created"
2026-08-08T17:25:49 INFO     app.routers.auth | Seeded availability row doctor_id=034f6eb5-fb1d-4395-ac76-e7536ca880de
2026-08-08T17:25:49 INFO     app.services.supabase_store | Supabase upsert clinic stub doctor_id=034f6eb5-fb1d-4395-ac76-e7536ca880de
2026-08-08T17:25:50 INFO     httpx | HTTP Request: GET https://cojqrbvczpzbvcewgxgf.supabase.co/rest/v1/clinics?select=%2A&doctor_id=eq.034f6eb5-fb1d-4395-ac76-e7536ca880de "HTTP/2 200 OK"
2026-08-08T17:25:50 INFO     httpx | HTTP Request: POST https://cojqrbvczpzbvcewgxgf.supabase.co/rest/v1/clinics "HTTP/2 400 Bad Request"
2026-08-08T17:25:50 WARNING  app.routers.auth | Failed to seed clinic stub doctor_id=034f6eb5-fb1d-4395-ac76-e7536ca880de
2026-08-08T17:25:50 INFO     app.main | Request complete request_id=a4ad219e-58a2-41b2-a509-d17776ea5d9f method=POST path=/api/v1/auth/signup/doctor status=201 duration_ms=2799.7 client=127.0.0.1
2026-08-08T17:25:50 INFO     app.main | Request complete request_id=d9eb8bd9-8936-4f66-8f6b-86e3a6fae7d3 method=OPTIONS path=/api/v1/doctors/me status=200 duration_ms=0.9 client=127.0.0.1
2026-08-08T17:25:50 INFO     app.main | Request complete request_id=8b9d5901-e5d3-4d0d-afde-4a06528e5273 method=OPTIONS path=/api/v1/doctors/me status=200 duration_ms=2.4 client=127.0.0.1
2026-08-08T17:25:50 INFO     app.routers.doctors | Doctor profile requested doctor_id=034f6eb5-fb1d-4395-ac76-e7536ca880de
2026-08-08T17:25:50 INFO     httpx | HTTP Request: GET https://cojqrbvczpzbvcewgxgf.supabase.co/rest/v1/doctors?select=%2A&id=eq.034f6eb5-fb1d-4395-ac76-e7536ca880de "HTTP/2 200 OK"
2026-08-08T17:25:50 INFO     httpx | HTTP Request: GET https://cojqrbvczpzbvcewgxgf.supabase.co/rest/v1/clinics?select=%2A&doctor_id=eq.034f6eb5-fb1d-4395-ac76-e7536ca880de "HTTP/2 200 OK"
2026-08-08T17:25:50 INFO     app.main | Request complete request_id=75e1c7cd-86ff-4199-b1ed-ef4c504246f2 method=GET path=/api/v1/doctors/me status=200 duration_ms=141.1 client=127.0.0.1
2026-08-08T17:25:50 INFO     app.routers.doctors | Doctor profile requested doctor_id=034f6eb5-fb1d-4395-ac76-e7536ca880de
2026-08-08T17:25:50 INFO     httpx | HTTP Request: GET https://cojqrbvczpzbvcewgxgf.supabase.co/rest/v1/doctors?select=%2A&id=eq.034f6eb5-fb1d-4395-ac76-e7536ca880de "HTTP/2 200 OK"
2026-08-08T17:25:50 INFO     httpx | HTTP Request: GET https://cojqrbvczpzbvcewgxgf.supabase.co/rest/v1/clinics?select=%2A&doctor_id=eq.034f6eb5-fb1d-4395-ac76-e7536ca880de "HTTP/2 200 OK"
2026-08-08T17:25:50 INFO     app.main | Request complete request_id=1572b06d-bb6e-47dc-b353-037a409d1bf0 method=GET path=/api/v1/doctors/me status=200 duration_ms=132.0 client=127.0.0.1
2026-08-08T17:32:50 INFO     app.main | Application shutting down
2026-08-09T12:56:09 INFO     app.main | Application starting environment=development debug=True
2026-08-09T13:01:17 INFO     app.routers.auth | Doctor signup requested email=dr@example.com specialty=General Practitioner
2026-08-09T13:01:17 INFO     app.routers.auth | Doctor signup succeeded doctor_id=doctor-1
2026-08-09T13:01:17 INFO     app.routers.auth | Seeded availability row doctor_id=doctor-1
2026-08-09T13:01:17 INFO     app.main | Request complete request_id=c99aa1e8-7a77-4ac5-a3be-b7895fa6285c method=POST path=/api/v1/auth/signup/doctor status=201 duration_ms=15.1 client=testclient
2026-08-09T13:01:17 INFO     httpx | HTTP Request: POST http://testserver/api/v1/auth/signup/doctor "HTTP/1.1 201 Created"
2026-08-09T13:01:17 INFO     app.routers.doctors | Doctor profile requested doctor_id=doctor-1
2026-08-09T13:01:17 INFO     app.main | Request complete request_id=5ad37236-9a4b-4c68-9bd2-51333f965525 method=GET path=/api/v1/doctors/me status=200 duration_ms=1.4 client=testclient
2026-08-09T13:01:17 INFO     httpx | HTTP Request: GET http://testserver/api/v1/doctors/me "HTTP/1.1 200 OK"
2026-08-09T13:01:17 INFO     app.routers.auth | Doctor signup requested email=dr2@example.com specialty=Pediatrician
2026-08-09T13:01:17 INFO     app.routers.auth | Doctor signup succeeded doctor_id=doctor-1
2026-08-09T13:01:17 INFO     app.routers.auth | Seeded availability row doctor_id=doctor-1
2026-08-09T13:01:17 INFO     app.main | Request complete request_id=adbb6321-c6d2-45aa-a996-79759dece4bb method=POST path=/api/v1/auth/signup/doctor status=201 duration_ms=1.5 client=testclient
2026-08-09T13:01:17 INFO     httpx | HTTP Request: POST http://testserver/api/v1/auth/signup/doctor "HTTP/1.1 201 Created"
2026-08-09T13:01:17 INFO     app.routers.auth | Doctor login requested email=dr2@example.com
2026-08-09T13:01:17 INFO     app.routers.auth | Doctor login succeeded doctor_id=doctor-1
2026-08-09T13:01:17 INFO     app.main | Request complete request_id=b35baa9e-4fc2-48d7-b787-27eaf9c666e5 method=POST path=/api/v1/auth/login status=200 duration_ms=4.4 client=testclient
2026-08-09T13:01:17 INFO     httpx | HTTP Request: POST http://testserver/api/v1/auth/login "HTTP/1.1 200 OK"
2026-08-09T13:01:17 INFO     app.routers.auth | Doctor signup requested email=drsearch@example.com specialty=General Practitioner
2026-08-09T13:01:17 INFO     app.routers.auth | Doctor signup succeeded doctor_id=doctor-1
2026-08-09T13:01:17 INFO     app.routers.auth | Seeded availability row doctor_id=doctor-1
2026-08-09T13:01:17 INFO     app.main | Request complete request_id=79db6400-27a0-455d-b71b-d6f1cc25f5df method=POST path=/api/v1/auth/signup/doctor status=201 duration_ms=1.4 client=testclient
2026-08-09T13:01:17 INFO     httpx | HTTP Request: POST http://testserver/api/v1/auth/signup/doctor "HTTP/1.1 201 Created"
2026-08-09T13:01:17 INFO     app.routers.doctors | Clinic upsert requested doctor_id=doctor-1 address=Palakkad, Kerala
2026-08-09T13:01:17 INFO     app.services.geocode | Geocode requested address_length=16
2026-08-09T13:01:18 INFO     httpx | HTTP Request: GET https://nominatim.openstreetmap.org/search?q=Palakkad%2C%20Kerala&format=json&limit=1 "HTTP/1.1 200 OK"
2026-08-09T13:01:18 INFO     app.services.geocode | Geocode completed match_found=true
2026-08-09T13:01:18 INFO     app.routers.doctors | Clinic upsert geocoding succeeded lat=10.7873692 lng=76.4742172
2026-08-09T13:01:18 INFO     app.main | Request complete request_id=464ec7bd-85fa-49fb-8091-854bc863104d method=POST path=/api/v1/doctors/me/clinic status=201 duration_ms=1143.0 client=testclient
2026-08-09T13:01:18 INFO     httpx | HTTP Request: POST http://testserver/api/v1/doctors/me/clinic "HTTP/1.1 201 Created"
2026-08-09T13:01:18 INFO     app.routers.doctors | Availability update requested doctor_id=doctor-1 available=True
2026-08-09T13:01:18 INFO     app.main | Request complete request_id=5909b373-8722-46a2-b692-5dc1f7f0372d method=PUT path=/api/v1/doctors/me/availability status=200 duration_ms=4.6 client=testclient
2026-08-09T13:01:18 INFO     httpx | HTTP Request: PUT http://testserver/api/v1/doctors/me/availability "HTTP/1.1 200 OK"
2026-08-09T13:01:18 INFO     app.routers.search | Doctor search requested specialty=General radius_km=20.0
2026-08-09T13:01:18 INFO     app.routers.search | Doctor search completed result_count=1
2026-08-09T13:01:18 INFO     app.main | Request complete request_id=50efcaf0-696c-46a9-a4fb-95e1eced7631 method=GET path=/api/v1/search status=200 duration_ms=3.3 client=testclient
2026-08-09T13:01:19 INFO     httpx | HTTP Request: GET http://testserver/api/v1/search?lat=10.786&lng=76.6444&specialty=General&radius_km=20 "HTTP/1.1 200 OK"
2026-08-09T13:15:30 INFO     app.main | Application shutting down
2026-08-09T13:15:35 INFO     app.main | Application starting environment=development debug=True
2026-08-09T13:17:43 INFO     app.main | Request complete request_id=6bac579f-9d7b-4941-bf96-5ca436f4210f method=OPTIONS path=/api/v1/chat status=200 duration_ms=6.9 client=127.0.0.1
2026-08-09T13:17:43 INFO     app.routers.triage | Chat request received messages=2
2026-08-09T13:17:43 INFO     app.services.groq_client | Creating Groq client model=llama-3.1-8b-instant
2026-08-09T13:17:44 ERROR    app.routers.triage | Chat request failed
Traceback (most recent call last):
  File "C:\new\doctorundo\backend\app\routers\triage.py", line 91, in chat_with_assistant
    client = groq_service.get_client()
             ^^^^^^^^^^^^^^^^^^^^^^^^^
  File "C:\new\doctorundo\backend\app\services\groq_client.py", line 31, in get_client
    self.client = Groq(api_key=settings.groq_api_key)
                  ^^^^^^^^^^^^^^^^^^^^^^^^^^^^^^^^^^^
  File "C:\new\doctorundo\.venv\Lib\site-packages\groq\_client.py", line 95, in __init__
    super().__init__(
  File "C:\new\doctorundo\.venv\Lib\site-packages\groq\_base_client.py", line 795, in __init__
    self._client = http_client or SyncHttpxClientWrapper(
                                  ^^^^^^^^^^^^^^^^^^^^^^^
TypeError: Client.__init__() got an unexpected keyword argument 'proxies'
2026-08-09T13:17:44 INFO     app.main | Request complete request_id=627b5b78-371c-41bc-bae2-fcd6af2904ed method=POST path=/api/v1/chat status=200 duration_ms=722.5 client=127.0.0.1
2026-08-09T13:18:16 INFO     app.main | Request complete request_id=db23cd49-8d4e-44c9-a805-1b31b45f75ed method=OPTIONS path=/api/v1/doctors/me status=200 duration_ms=0.4 client=127.0.0.1
2026-08-09T13:18:16 INFO     app.main | Request complete request_id=18ba04a1-393c-47b3-a26f-97d15bdf3caf method=OPTIONS path=/api/v1/doctors/me status=200 duration_ms=0.3 client=127.0.0.1
2026-08-09T13:18:16 INFO     app.routers.doctors | Doctor profile requested doctor_id=034f6eb5-fb1d-4395-ac76-e7536ca880de
2026-08-09T13:18:16 INFO     app.services.supabase_store | Creating Supabase client
2026-08-09T13:18:16 INFO     app.db | Initializing Supabase service-role client
2026-08-09T13:18:19 INFO     httpx | HTTP Request: GET https://cojqrbvczpzbvcewgxgf.supabase.co/rest/v1/doctors?select=%2A&id=eq.034f6eb5-fb1d-4395-ac76-e7536ca880de "HTTP/2 200 OK"
2026-08-09T13:18:19 INFO     httpx | HTTP Request: GET https://cojqrbvczpzbvcewgxgf.supabase.co/rest/v1/clinics?select=%2A&doctor_id=eq.034f6eb5-fb1d-4395-ac76-e7536ca880de "HTTP/2 200 OK"
2026-08-09T13:18:19 INFO     app.main | Request complete request_id=04b0b0d0-6a07-4765-b09c-2e71d26e32f2 method=GET path=/api/v1/doctors/me status=200 duration_ms=3344.8 client=127.0.0.1
2026-08-09T13:18:19 INFO     app.routers.doctors | Doctor profile requested doctor_id=034f6eb5-fb1d-4395-ac76-e7536ca880de
2026-08-09T13:18:19 INFO     httpx | HTTP Request: GET https://cojqrbvczpzbvcewgxgf.supabase.co/rest/v1/doctors?select=%2A&id=eq.034f6eb5-fb1d-4395-ac76-e7536ca880de "HTTP/2 200 OK"
2026-08-09T13:18:19 INFO     httpx | HTTP Request: GET https://cojqrbvczpzbvcewgxgf.supabase.co/rest/v1/clinics?select=%2A&doctor_id=eq.034f6eb5-fb1d-4395-ac76-e7536ca880de "HTTP/2 200 OK"
2026-08-09T13:18:19 INFO     app.main | Request complete request_id=155ae8d9-4433-4110-9092-bd3367814eb2 method=GET path=/api/v1/doctors/me status=200 duration_ms=150.6 client=127.0.0.1
2026-08-09T13:27:29 INFO     app.routers.doctors | Doctor profile requested doctor_id=034f6eb5-fb1d-4395-ac76-e7536ca880de
2026-08-09T13:27:30 ERROR    app.main | Request failed request_id=7cec5bfc-8a68-4654-a5d5-641d68756a7d method=GET path=/api/v1/doctors/me
Traceback (most recent call last):
  File "C:\new\doctorundo\.venv\Lib\site-packages\httpx\_transports\default.py", line 101, in map_httpcore_exceptions
    yield
  File "C:\new\doctorundo\.venv\Lib\site-packages\httpx\_transports\default.py", line 250, in handle_request
    resp = self._pool.handle_request(req)
           ^^^^^^^^^^^^^^^^^^^^^^^^^^^^^^
  File "C:\new\doctorundo\.venv\Lib\site-packages\httpcore\_sync\connection_pool.py", line 256, in handle_request
    raise exc from None
  File "C:\new\doctorundo\.venv\Lib\site-packages\httpcore\_sync\connection_pool.py", line 236, in handle_request
    response = connection.handle_request(
               ^^^^^^^^^^^^^^^^^^^^^^^^^^
  File "C:\new\doctorundo\.venv\Lib\site-packages\httpcore\_sync\connection.py", line 101, in handle_request
    raise exc
  File "C:\new\doctorundo\.venv\Lib\site-packages\httpcore\_sync\connection.py", line 78, in handle_request
    stream = self._connect(request)
             ^^^^^^^^^^^^^^^^^^^^^^
  File "C:\new\doctorundo\.venv\Lib\site-packages\httpcore\_sync\connection.py", line 124, in _connect
    stream = self._network_backend.connect_tcp(**kwargs)
             ^^^^^^^^^^^^^^^^^^^^^^^^^^^^^^^^^^^^^^^^^^^
  File "C:\new\doctorundo\.venv\Lib\site-packages\httpcore\_backends\sync.py", line 207, in connect_tcp
    with map_exceptions(exc_map):
         ^^^^^^^^^^^^^^^^^^^^^^^
  File "C:\Users\clash\anaconda3\Lib\contextlib.py", line 158, in __exit__
    self.gen.throw(value)
  File "C:\new\doctorundo\.venv\Lib\site-packages\httpcore\_exceptions.py", line 14, in map_exceptions
    raise to_exc(exc) from exc
httpcore.ConnectError: [Errno 11001] getaddrinfo failed

The above exception was the direct cause of the following exception:

Traceback (most recent call last):
  File "C:\new\doctorundo\backend\app\main.py", line 47, in log_request
    response = await call_next(request)
               ^^^^^^^^^^^^^^^^^^^^^^^^
  File "C:\new\doctorundo\.venv\Lib\site-packages\starlette\middleware\base.py", line 84, in call_next
    raise app_exc
  File "C:\new\doctorundo\.venv\Lib\site-packages\starlette\middleware\base.py", line 70, in coro
    await self.app(scope, receive_or_disconnect, send_no_error)
  File "C:\new\doctorundo\.venv\Lib\site-packages\starlette\middleware\cors.py", line 91, in __call__
    await self.simple_response(scope, receive, send, request_headers=headers)
  File "C:\new\doctorundo\.venv\Lib\site-packages\starlette\middleware\cors.py", line 146, in simple_response
    await self.app(scope, receive, send)
  File "C:\new\doctorundo\.venv\Lib\site-packages\starlette\middleware\exceptions.py", line 79, in __call__
    raise exc
  File "C:\new\doctorundo\.venv\Lib\site-packages\starlette\middleware\exceptions.py", line 68, in __call__
    await self.app(scope, receive, sender)
  File "C:\new\doctorundo\.venv\Lib\site-packages\fastapi\middleware\asyncexitstack.py", line 20, in __call__
    raise e
  File "C:\new\doctorundo\.venv\Lib\site-packages\fastapi\middleware\asyncexitstack.py", line 17, in __call__
    await self.app(scope, receive, send)
  File "C:\new\doctorundo\.venv\Lib\site-packages\starlette\routing.py", line 718, in __call__
    await route.handle(scope, receive, send)
  File "C:\new\doctorundo\.venv\Lib\site-packages\starlette\routing.py", line 276, in handle
    await self.app(scope, receive, send)
  File "C:\new\doctorundo\.venv\Lib\site-packages\starlette\routing.py", line 66, in app
    response = await func(request)
               ^^^^^^^^^^^^^^^^^^^
  File "C:\new\doctorundo\.venv\Lib\site-packages\fastapi\routing.py", line 274, in app
    raw_response = await run_endpoint_function(
                   ^^^^^^^^^^^^^^^^^^^^^^^^^^^^
  File "C:\new\doctorundo\.venv\Lib\site-packages\fastapi\routing.py", line 191, in run_endpoint_function
    return await dependant.call(**values)
           ^^^^^^^^^^^^^^^^^^^^^^^^^^^^^^
  File "C:\new\doctorundo\backend\app\routers\doctors.py", line 63, in get_doctor_profile
    doctor = supabase_store.get_doctor_by_id(doctor_id)
             ^^^^^^^^^^^^^^^^^^^^^^^^^^^^^^^^^^^^^^^^^^
  File "C:\new\doctorundo\backend\app\services\supabase_store.py", line 53, in get_doctor_by_id
    response = self.client.table("doctors").select("*").eq("id", doctor_id).execute()
               ^^^^^^^^^^^^^^^^^^^^^^^^^^^^^^^^^^^^^^^^^^^^^^^^^^^^^^^^^^^^^^^^^^^^^^
  File "C:\new\doctorundo\.venv\Lib\site-packages\postgrest\_sync\request_builder.py", line 58, in execute
    r = self.session.request(
        ^^^^^^^^^^^^^^^^^^^^^
  File "C:\new\doctorundo\.venv\Lib\site-packages\httpx\_client.py", line 825, in request
    return self.send(request, auth=auth, follow_redirects=follow_redirects)
           ^^^^^^^^^^^^^^^^^^^^^^^^^^^^^^^^^^^^^^^^^^^^^^^^^^^^^^^^^^^^^^^^
  File "C:\new\doctorundo\.venv\Lib\site-packages\httpx\_client.py", line 914, in send
    response = self._send_handling_auth(
               ^^^^^^^^^^^^^^^^^^^^^^^^^
  File "C:\new\doctorundo\.venv\Lib\site-packages\httpx\_client.py", line 942, in _send_handling_auth
    response = self._send_handling_redirects(
               ^^^^^^^^^^^^^^^^^^^^^^^^^^^^^^
  File "C:\new\doctorundo\.venv\Lib\site-packages\httpx\_client.py", line 979, in _send_handling_redirects
    response = self._send_single_request(request)
               ^^^^^^^^^^^^^^^^^^^^^^^^^^^^^^^^^^
  File "C:\new\doctorundo\.venv\Lib\site-packages\httpx\_client.py", line 1014, in _send_single_request
    response = transport.handle_request(request)
               ^^^^^^^^^^^^^^^^^^^^^^^^^^^^^^^^^
  File "C:\new\doctorundo\.venv\Lib\site-packages\httpx\_transports\default.py", line 249, in handle_request
    with map_httpcore_exceptions():
         ^^^^^^^^^^^^^^^^^^^^^^^^^
  File "C:\Users\clash\anaconda3\Lib\contextlib.py", line 158, in __exit__
    self.gen.throw(value)
  File "C:\new\doctorundo\.venv\Lib\site-packages\httpx\_transports\default.py", line 118, in map_httpcore_exceptions
    raise mapped_exc(message) from exc
httpx.ConnectError: [Errno 11001] getaddrinfo failed
2026-08-09T13:27:30 INFO     app.routers.doctors | Doctor profile requested doctor_id=034f6eb5-fb1d-4395-ac76-e7536ca880de
2026-08-09T13:27:30 ERROR    app.main | Request failed request_id=f5a704dc-814b-48c9-b545-3104d4837f34 method=GET path=/api/v1/doctors/me
Traceback (most recent call last):
  File "C:\new\doctorundo\.venv\Lib\site-packages\httpx\_transports\default.py", line 101, in map_httpcore_exceptions
    yield
  File "C:\new\doctorundo\.venv\Lib\site-packages\httpx\_transports\default.py", line 250, in handle_request
    resp = self._pool.handle_request(req)
           ^^^^^^^^^^^^^^^^^^^^^^^^^^^^^^
  File "C:\new\doctorundo\.venv\Lib\site-packages\httpcore\_sync\connection_pool.py", line 256, in handle_request
    raise exc from None
  File "C:\new\doctorundo\.venv\Lib\site-packages\httpcore\_sync\connection_pool.py", line 236, in handle_request
    response = connection.handle_request(
               ^^^^^^^^^^^^^^^^^^^^^^^^^^
  File "C:\new\doctorundo\.venv\Lib\site-packages\httpcore\_sync\connection.py", line 101, in handle_request
    raise exc
  File "C:\new\doctorundo\.venv\Lib\site-packages\httpcore\_sync\connection.py", line 78, in handle_request
    stream = self._connect(request)
             ^^^^^^^^^^^^^^^^^^^^^^
  File "C:\new\doctorundo\.venv\Lib\site-packages\httpcore\_sync\connection.py", line 124, in _connect
    stream = self._network_backend.connect_tcp(**kwargs)
             ^^^^^^^^^^^^^^^^^^^^^^^^^^^^^^^^^^^^^^^^^^^
  File "C:\new\doctorundo\.venv\Lib\site-packages\httpcore\_backends\sync.py", line 207, in connect_tcp
    with map_exceptions(exc_map):
         ^^^^^^^^^^^^^^^^^^^^^^^
  File "C:\Users\clash\anaconda3\Lib\contextlib.py", line 158, in __exit__
    self.gen.throw(value)
  File "C:\new\doctorundo\.venv\Lib\site-packages\httpcore\_exceptions.py", line 14, in map_exceptions
    raise to_exc(exc) from exc
httpcore.ConnectError: [Errno 11001] getaddrinfo failed

The above exception was the direct cause of the following exception:

Traceback (most recent call last):
  File "C:\new\doctorundo\backend\app\main.py", line 47, in log_request
    response = await call_next(request)
               ^^^^^^^^^^^^^^^^^^^^^^^^
  File "C:\new\doctorundo\.venv\Lib\site-packages\starlette\middleware\base.py", line 84, in call_next
    raise app_exc
  File "C:\new\doctorundo\.venv\Lib\site-packages\starlette\middleware\base.py", line 70, in coro
    await self.app(scope, receive_or_disconnect, send_no_error)
  File "C:\new\doctorundo\.venv\Lib\site-packages\starlette\middleware\cors.py", line 91, in __call__
    await self.simple_response(scope, receive, send, request_headers=headers)
  File "C:\new\doctorundo\.venv\Lib\site-packages\starlette\middleware\cors.py", line 146, in simple_response
    await self.app(scope, receive, send)
  File "C:\new\doctorundo\.venv\Lib\site-packages\starlette\middleware\exceptions.py", line 79, in __call__
    raise exc
  File "C:\new\doctorundo\.venv\Lib\site-packages\starlette\middleware\exceptions.py", line 68, in __call__
    await self.app(scope, receive, sender)
  File "C:\new\doctorundo\.venv\Lib\site-packages\fastapi\middleware\asyncexitstack.py", line 20, in __call__
    raise e
  File "C:\new\doctorundo\.venv\Lib\site-packages\fastapi\middleware\asyncexitstack.py", line 17, in __call__
    await self.app(scope, receive, send)
  File "C:\new\doctorundo\.venv\Lib\site-packages\starlette\routing.py", line 718, in __call__
    await route.handle(scope, receive, send)
  File "C:\new\doctorundo\.venv\Lib\site-packages\starlette\routing.py", line 276, in handle
    await self.app(scope, receive, send)
  File "C:\new\doctorundo\.venv\Lib\site-packages\starlette\routing.py", line 66, in app
    response = await func(request)
               ^^^^^^^^^^^^^^^^^^^
  File "C:\new\doctorundo\.venv\Lib\site-packages\fastapi\routing.py", line 274, in app
    raw_response = await run_endpoint_function(
                   ^^^^^^^^^^^^^^^^^^^^^^^^^^^^
  File "C:\new\doctorundo\.venv\Lib\site-packages\fastapi\routing.py", line 191, in run_endpoint_function
    return await dependant.call(**values)
           ^^^^^^^^^^^^^^^^^^^^^^^^^^^^^^
  File "C:\new\doctorundo\backend\app\routers\doctors.py", line 63, in get_doctor_profile
    doctor = supabase_store.get_doctor_by_id(doctor_id)
             ^^^^^^^^^^^^^^^^^^^^^^^^^^^^^^^^^^^^^^^^^^
  File "C:\new\doctorundo\backend\app\services\supabase_store.py", line 53, in get_doctor_by_id
    response = self.client.table("doctors").select("*").eq("id", doctor_id).execute()
               ^^^^^^^^^^^^^^^^^^^^^^^^^^^^^^^^^^^^^^^^^^^^^^^^^^^^^^^^^^^^^^^^^^^^^^
  File "C:\new\doctorundo\.venv\Lib\site-packages\postgrest\_sync\request_builder.py", line 58, in execute
    r = self.session.request(
        ^^^^^^^^^^^^^^^^^^^^^
  File "C:\new\doctorundo\.venv\Lib\site-packages\httpx\_client.py", line 825, in request
    return self.send(request, auth=auth, follow_redirects=follow_redirects)
           ^^^^^^^^^^^^^^^^^^^^^^^^^^^^^^^^^^^^^^^^^^^^^^^^^^^^^^^^^^^^^^^^
  File "C:\new\doctorundo\.venv\Lib\site-packages\httpx\_client.py", line 914, in send
    response = self._send_handling_auth(
               ^^^^^^^^^^^^^^^^^^^^^^^^^
  File "C:\new\doctorundo\.venv\Lib\site-packages\httpx\_client.py", line 942, in _send_handling_auth
    response = self._send_handling_redirects(
               ^^^^^^^^^^^^^^^^^^^^^^^^^^^^^^
  File "C:\new\doctorundo\.venv\Lib\site-packages\httpx\_client.py", line 979, in _send_handling_redirects
    response = self._send_single_request(request)
               ^^^^^^^^^^^^^^^^^^^^^^^^^^^^^^^^^^
  File "C:\new\doctorundo\.venv\Lib\site-packages\httpx\_client.py", line 1014, in _send_single_request
    response = transport.handle_request(request)
               ^^^^^^^^^^^^^^^^^^^^^^^^^^^^^^^^^
  File "C:\new\doctorundo\.venv\Lib\site-packages\httpx\_transports\default.py", line 249, in handle_request
    with map_httpcore_exceptions():
         ^^^^^^^^^^^^^^^^^^^^^^^^^
  File "C:\Users\clash\anaconda3\Lib\contextlib.py", line 158, in __exit__
    self.gen.throw(value)
  File "C:\new\doctorundo\.venv\Lib\site-packages\httpx\_transports\default.py", line 118, in map_httpcore_exceptions
    raise mapped_exc(message) from exc
httpx.ConnectError: [Errno 11001] getaddrinfo failed
2026-08-09T13:27:31 INFO     app.routers.doctors | Doctor profile requested doctor_id=034f6eb5-fb1d-4395-ac76-e7536ca880de
2026-08-09T13:27:31 ERROR    app.main | Request failed request_id=e0e0233d-5e94-436f-ad04-de31ee9c20b4 method=GET path=/api/v1/doctors/me
Traceback (most recent call last):
  File "C:\new\doctorundo\.venv\Lib\site-packages\httpx\_transports\default.py", line 101, in map_httpcore_exceptions
    yield
  File "C:\new\doctorundo\.venv\Lib\site-packages\httpx\_transports\default.py", line 250, in handle_request
    resp = self._pool.handle_request(req)
           ^^^^^^^^^^^^^^^^^^^^^^^^^^^^^^
  File "C:\new\doctorundo\.venv\Lib\site-packages\httpcore\_sync\connection_pool.py", line 256, in handle_request
    raise exc from None
  File "C:\new\doctorundo\.venv\Lib\site-packages\httpcore\_sync\connection_pool.py", line 236, in handle_request
    response = connection.handle_request(
               ^^^^^^^^^^^^^^^^^^^^^^^^^^
  File "C:\new\doctorundo\.venv\Lib\site-packages\httpcore\_sync\connection.py", line 101, in handle_request
    raise exc
  File "C:\new\doctorundo\.venv\Lib\site-packages\httpcore\_sync\connection.py", line 78, in handle_request
    stream = self._connect(request)
             ^^^^^^^^^^^^^^^^^^^^^^
  File "C:\new\doctorundo\.venv\Lib\site-packages\httpcore\_sync\connection.py", line 124, in _connect
    stream = self._network_backend.connect_tcp(**kwargs)
             ^^^^^^^^^^^^^^^^^^^^^^^^^^^^^^^^^^^^^^^^^^^
  File "C:\new\doctorundo\.venv\Lib\site-packages\httpcore\_backends\sync.py", line 207, in connect_tcp
    with map_exceptions(exc_map):
         ^^^^^^^^^^^^^^^^^^^^^^^
  File "C:\Users\clash\anaconda3\Lib\contextlib.py", line 158, in __exit__
    self.gen.throw(value)
  File "C:\new\doctorundo\.venv\Lib\site-packages\httpcore\_exceptions.py", line 14, in map_exceptions
    raise to_exc(exc) from exc
httpcore.ConnectError: [Errno 11001] getaddrinfo failed

The above exception was the direct cause of the following exception:

Traceback (most recent call last):
  File "C:\new\doctorundo\backend\app\main.py", line 47, in log_request
    response = await call_next(request)
               ^^^^^^^^^^^^^^^^^^^^^^^^
  File "C:\new\doctorundo\.venv\Lib\site-packages\starlette\middleware\base.py", line 84, in call_next
    raise app_exc
  File "C:\new\doctorundo\.venv\Lib\site-packages\starlette\middleware\base.py", line 70, in coro
    await self.app(scope, receive_or_disconnect, send_no_error)
  File "C:\new\doctorundo\.venv\Lib\site-packages\starlette\middleware\cors.py", line 91, in __call__
    await self.simple_response(scope, receive, send, request_headers=headers)
  File "C:\new\doctorundo\.venv\Lib\site-packages\starlette\middleware\cors.py", line 146, in simple_response
    await self.app(scope, receive, send)
  File "C:\new\doctorundo\.venv\Lib\site-packages\starlette\middleware\exceptions.py", line 79, in __call__
    raise exc
  File "C:\new\doctorundo\.venv\Lib\site-packages\starlette\middleware\exceptions.py", line 68, in __call__
    await self.app(scope, receive, sender)
  File "C:\new\doctorundo\.venv\Lib\site-packages\fastapi\middleware\asyncexitstack.py", line 20, in __call__
    raise e
  File "C:\new\doctorundo\.venv\Lib\site-packages\fastapi\middleware\asyncexitstack.py", line 17, in __call__
    await self.app(scope, receive, send)
  File "C:\new\doctorundo\.venv\Lib\site-packages\starlette\routing.py", line 718, in __call__
    await route.handle(scope, receive, send)
  File "C:\new\doctorundo\.venv\Lib\site-packages\starlette\routing.py", line 276, in handle
    await self.app(scope, receive, send)
  File "C:\new\doctorundo\.venv\Lib\site-packages\starlette\routing.py", line 66, in app
    response = await func(request)
               ^^^^^^^^^^^^^^^^^^^
  File "C:\new\doctorundo\.venv\Lib\site-packages\fastapi\routing.py", line 274, in app
    raw_response = await run_endpoint_function(
                   ^^^^^^^^^^^^^^^^^^^^^^^^^^^^
  File "C:\new\doctorundo\.venv\Lib\site-packages\fastapi\routing.py", line 191, in run_endpoint_function
    return await dependant.call(**values)
           ^^^^^^^^^^^^^^^^^^^^^^^^^^^^^^
  File "C:\new\doctorundo\backend\app\routers\doctors.py", line 63, in get_doctor_profile
    doctor = supabase_store.get_doctor_by_id(doctor_id)
             ^^^^^^^^^^^^^^^^^^^^^^^^^^^^^^^^^^^^^^^^^^
  File "C:\new\doctorundo\backend\app\services\supabase_store.py", line 53, in get_doctor_by_id
    response = self.client.table("doctors").select("*").eq("id", doctor_id).execute()
               ^^^^^^^^^^^^^^^^^^^^^^^^^^^^^^^^^^^^^^^^^^^^^^^^^^^^^^^^^^^^^^^^^^^^^^
  File "C:\new\doctorundo\.venv\Lib\site-packages\postgrest\_sync\request_builder.py", line 58, in execute
    r = self.session.request(
        ^^^^^^^^^^^^^^^^^^^^^
  File "C:\new\doctorundo\.venv\Lib\site-packages\httpx\_client.py", line 825, in request
    return self.send(request, auth=auth, follow_redirects=follow_redirects)
           ^^^^^^^^^^^^^^^^^^^^^^^^^^^^^^^^^^^^^^^^^^^^^^^^^^^^^^^^^^^^^^^^
  File "C:\new\doctorundo\.venv\Lib\site-packages\httpx\_client.py", line 914, in send
    response = self._send_handling_auth(
               ^^^^^^^^^^^^^^^^^^^^^^^^^
  File "C:\new\doctorundo\.venv\Lib\site-packages\httpx\_client.py", line 942, in _send_handling_auth
    response = self._send_handling_redirects(
               ^^^^^^^^^^^^^^^^^^^^^^^^^^^^^^
  File "C:\new\doctorundo\.venv\Lib\site-packages\httpx\_client.py", line 979, in _send_handling_redirects
    response = self._send_single_request(request)
               ^^^^^^^^^^^^^^^^^^^^^^^^^^^^^^^^^^
  File "C:\new\doctorundo\.venv\Lib\site-packages\httpx\_client.py", line 1014, in _send_single_request
    response = transport.handle_request(request)
               ^^^^^^^^^^^^^^^^^^^^^^^^^^^^^^^^^
  File "C:\new\doctorundo\.venv\Lib\site-packages\httpx\_transports\default.py", line 249, in handle_request
    with map_httpcore_exceptions():
         ^^^^^^^^^^^^^^^^^^^^^^^^^
  File "C:\Users\clash\anaconda3\Lib\contextlib.py", line 158, in __exit__
    self.gen.throw(value)
  File "C:\new\doctorundo\.venv\Lib\site-packages\httpx\_transports\default.py", line 118, in map_httpcore_exceptions
    raise mapped_exc(message) from exc
httpx.ConnectError: [Errno 11001] getaddrinfo failed
2026-08-09T14:21:49 INFO     app.main | Application shutting down
2026-08-09T14:21:53 INFO     app.main | Application starting environment=development debug=True
2026-08-09T14:22:19 INFO     app.main | Request complete request_id=741eb813-d1f7-4da1-a9c7-629cd5bf9bd4 method=OPTIONS path=/api/v1/chat status=200 duration_ms=0.5 client=127.0.0.1
2026-08-09T14:22:19 INFO     app.routers.triage | Chat request received messages=2
2026-08-09T14:22:19 INFO     app.services.groq_client | Creating Groq client model=llama-3.1-8b-instant
2026-08-09T14:22:20 ERROR    app.routers.triage | Chat request failed
Traceback (most recent call last):
  File "C:\new\doctorundo\backend\app\routers\triage.py", line 91, in chat_with_assistant
    client = groq_service.get_client()
             ^^^^^^^^^^^^^^^^^^^^^^^^^
  File "C:\new\doctorundo\backend\app\services\groq_client.py", line 31, in get_client
    self.client = Groq(api_key=settings.groq_api_key)
                  ^^^^^^^^^^^^^^^^^^^^^^^^^^^^^^^^^^^
  File "C:\new\doctorundo\.venv\Lib\site-packages\groq\_client.py", line 95, in __init__
    super().__init__(
  File "C:\new\doctorundo\.venv\Lib\site-packages\groq\_base_client.py", line 795, in __init__
    self._client = http_client or SyncHttpxClientWrapper(
                                  ^^^^^^^^^^^^^^^^^^^^^^^
TypeError: Client.__init__() got an unexpected keyword argument 'proxies'
2026-08-09T14:22:20 INFO     app.main | Request complete request_id=74a9970e-295f-4683-8881-843fc2e83633 method=POST path=/api/v1/chat status=200 duration_ms=393.6 client=127.0.0.1
2026-08-09T14:26:51 INFO     app.main | Application shutting down
2026-08-09T14:26:54 INFO     app.main | Application starting environment=development debug=True
2026-08-09T14:29:56 INFO     app.main | Application shutting down
2026-08-09T14:29:58 INFO     app.main | Application starting environment=development debug=True
2026-08-09T14:30:08 INFO     app.main | Application shutting down
2026-08-09T14:32:23 INFO     app.main | Application starting environment=development debug=True
2026-08-09T14:32:33 INFO     app.main | Request complete request_id=6ef09c7d-73c8-4a6d-9c7f-f8d1876c345c method=OPTIONS path=/api/v1/chat status=200 duration_ms=0.8 client=127.0.0.1
2026-08-09T14:32:33 INFO     app.routers.triage | Chat request received messages=2
2026-08-09T14:32:37 INFO     app.services.groq_client | Groq OpenAI-compatible client created model=llama-3.1-8b-instant
2026-08-09T14:32:41 INFO     httpx | HTTP Request: POST https://api.groq.com/openai/v1/chat/completions "HTTP/1.1 200 OK"
2026-08-09T14:32:41 INFO     app.services.groq_client | Groq chat reply received tokens=333
2026-08-09T14:32:41 INFO     app.routers.triage | Chat reply sent specialty=None
2026-08-09T14:32:41 INFO     app.main | Request complete request_id=e67bc544-4b1b-4172-a363-fba8ba2c9bbc method=POST path=/api/v1/chat status=200 duration_ms=7684.4 client=127.0.0.1
2026-08-09T14:36:34 INFO     app.routers.triage | Chat request received messages=4
2026-08-09T14:36:36 INFO     httpx | HTTP Request: POST https://api.groq.com/openai/v1/chat/completions "HTTP/1.1 200 OK"
2026-08-09T14:36:36 INFO     app.services.groq_client | Groq chat reply received tokens=476
2026-08-09T14:36:36 INFO     app.routers.triage | Chat reply sent specialty=None
2026-08-09T14:36:36 INFO     app.main | Request complete request_id=70d3e03e-e9a4-4bb3-ba31-6bc19d7bc87d method=POST path=/api/v1/chat status=200 duration_ms=2112.2 client=127.0.0.1
2026-08-09T14:37:00 INFO     app.routers.triage | Chat request received messages=6
2026-08-09T14:37:05 INFO     httpx | HTTP Request: POST https://api.groq.com/openai/v1/chat/completions "HTTP/1.1 200 OK"
2026-08-09T14:37:05 INFO     app.services.groq_client | Groq chat reply received tokens=581
2026-08-09T14:37:05 INFO     app.routers.triage | Chat reply sent specialty=None
2026-08-09T14:37:05 INFO     app.main | Request complete request_id=03ff022a-f220-4945-b68f-2d3572ef63fc method=POST path=/api/v1/chat status=200 duration_ms=5594.1 client=127.0.0.1
2026-08-09T14:59:59 INFO     app.routers.auth | Doctor signup requested email=dr@example.com specialty=General Practitioner
2026-08-09T14:59:59 INFO     app.routers.auth | Doctor signup succeeded doctor_id=doctor-1
2026-08-09T14:59:59 INFO     app.routers.auth | Seeded availability row doctor_id=doctor-1
2026-08-09T14:59:59 INFO     app.main | Request complete request_id=71cf8fff-d9f1-4ea0-811c-3633a12fcbe8 method=POST path=/api/v1/auth/signup/doctor status=201 duration_ms=28.8 client=testclient
2026-08-09T14:59:59 INFO     httpx | HTTP Request: POST http://testserver/api/v1/auth/signup/doctor "HTTP/1.1 201 Created"
2026-08-09T14:59:59 INFO     app.routers.doctors | Doctor profile requested doctor_id=doctor-1
2026-08-09T14:59:59 INFO     app.main | Request complete request_id=107c500e-49fc-465b-b3d4-fd4d6d670fc5 method=GET path=/api/v1/doctors/me status=200 duration_ms=1.3 client=testclient
2026-08-09T14:59:59 INFO     httpx | HTTP Request: GET http://testserver/api/v1/doctors/me "HTTP/1.1 200 OK"
2026-08-09T14:59:59 INFO     app.routers.auth | Doctor signup requested email=dr2@example.com specialty=Pediatrician
2026-08-09T14:59:59 INFO     app.routers.auth | Doctor signup succeeded doctor_id=doctor-1
2026-08-09T14:59:59 INFO     app.routers.auth | Seeded availability row doctor_id=doctor-1
2026-08-09T14:59:59 INFO     app.main | Request complete request_id=4d773351-4fa6-4820-a5be-11a1f35247a7 method=POST path=/api/v1/auth/signup/doctor status=201 duration_ms=2.1 client=testclient
2026-08-09T14:59:59 INFO     httpx | HTTP Request: POST http://testserver/api/v1/auth/signup/doctor "HTTP/1.1 201 Created"
2026-08-09T14:59:59 INFO     app.routers.auth | Doctor login requested email=dr2@example.com
2026-08-09T14:59:59 INFO     app.routers.auth | Doctor login succeeded doctor_id=doctor-1
2026-08-09T14:59:59 INFO     app.main | Request complete request_id=b2b6bc39-2c31-4150-9cfc-c14da468e486 method=POST path=/api/v1/auth/login status=200 duration_ms=5.6 client=testclient
2026-08-09T14:59:59 INFO     httpx | HTTP Request: POST http://testserver/api/v1/auth/login "HTTP/1.1 200 OK"
2026-08-09T14:59:59 INFO     app.routers.auth | Doctor signup requested email=drsearch@example.com specialty=General Practitioner
2026-08-09T14:59:59 INFO     app.routers.auth | Doctor signup succeeded doctor_id=doctor-1
2026-08-09T14:59:59 INFO     app.routers.auth | Seeded availability row doctor_id=doctor-1
2026-08-09T14:59:59 INFO     app.main | Request complete request_id=cbfe2e75-643e-4a2b-9495-db1ea5ed9dc8 method=POST path=/api/v1/auth/signup/doctor status=201 duration_ms=2.7 client=testclient
2026-08-09T14:59:59 INFO     httpx | HTTP Request: POST http://testserver/api/v1/auth/signup/doctor "HTTP/1.1 201 Created"
2026-08-09T14:59:59 INFO     app.routers.doctors | Clinic upsert requested doctor_id=doctor-1 address=Palakkad, Kerala
2026-08-09T14:59:59 INFO     app.services.geocode | Geocode requested address_length=16
2026-08-09T15:00:02 INFO     httpx | HTTP Request: GET https://nominatim.openstreetmap.org/search?q=Palakkad%2C%20Kerala&format=json&limit=1 "HTTP/1.1 200 OK"
2026-08-09T15:00:02 INFO     app.services.geocode | Geocode completed match_found=true
2026-08-09T15:00:02 INFO     app.routers.doctors | Clinic upsert geocoding succeeded lat=10.7873692 lng=76.4742172
2026-08-09T15:00:02 INFO     app.main | Request complete request_id=784899dd-5dbc-45a6-a5bf-aab55a5d6e50 method=POST path=/api/v1/doctors/me/clinic status=201 duration_ms=2766.2 client=testclient
2026-08-09T15:00:02 INFO     httpx | HTTP Request: POST http://testserver/api/v1/doctors/me/clinic "HTTP/1.1 201 Created"
2026-08-09T15:00:02 INFO     app.routers.doctors | Availability update requested doctor_id=doctor-1 available=True
2026-08-09T15:00:02 INFO     app.main | Request complete request_id=31c902c8-9626-4d49-9bb0-e4a961caaeb7 method=PUT path=/api/v1/doctors/me/availability status=200 duration_ms=5.3 client=testclient
2026-08-09T15:00:02 INFO     httpx | HTTP Request: PUT http://testserver/api/v1/doctors/me/availability "HTTP/1.1 200 OK"
2026-08-09T15:00:02 INFO     app.routers.search | Doctor search requested specialty=General radius_km=20.0
2026-08-09T15:00:02 INFO     app.routers.search | Doctor search completed result_count=1
2026-08-09T15:00:02 INFO     app.main | Request complete request_id=a3a6cc7c-d1f8-420f-b00e-e87741f22062 method=GET path=/api/v1/search status=200 duration_ms=3.1 client=testclient
2026-08-09T15:00:02 INFO     httpx | HTTP Request: GET http://testserver/api/v1/search?lat=10.786&lng=76.6444&specialty=General&radius_km=20 "HTTP/1.1 200 OK"
2026-08-09T17:09:35 INFO     app.main | Application shutting down
2026-08-09T17:09:41 INFO     app.main | Application starting environment=development debug=True
2026-08-09T17:12:44 WARNING  app.main | Request complete request_id=178bebf9-5139-437b-b3b8-401eaf408476 method=OPTIONS path=/api/v1/auth/login status=400 duration_ms=3.7 client=127.0.0.1
2026-08-09T17:12:55 WARNING  app.main | Request complete request_id=3a2dcf0d-b467-4eb4-881b-565cd306a370 method=OPTIONS path=/api/v1/auth/login status=400 duration_ms=0.8 client=127.0.0.1
2026-08-09T17:13:27 WARNING  app.main | Request complete request_id=6a80dc8f-2ace-4e51-859a-a26d32d52e84 method=OPTIONS path=/api/v1/auth/login status=400 duration_ms=2.3 client=127.0.0.1
2026-08-09T17:17:40 INFO     app.main | Application shutting down
2026-08-09T17:17:48 INFO     app.main | Application starting environment=development debug=True
2026-08-09T17:18:03 WARNING  app.main | Request complete request_id=21eb97ab-b525-413e-afbf-054de3e92748 method=OPTIONS path=/api/v1/auth/login status=400 duration_ms=0.8 client=127.0.0.1
2026-08-09T17:18:15 WARNING  app.main | Request complete request_id=e2dd3e1b-8197-4595-9621-ccab1a5b47fc method=OPTIONS path=/api/v1/auth/login status=400 duration_ms=0.5 client=127.0.0.1
2026-08-09T17:18:43 INFO     app.main | Request complete request_id=2de52e17-476b-4533-992d-025605e178ca method=OPTIONS path=/api/v1/auth/login status=200 duration_ms=6.1 client=127.0.0.1
2026-08-09T17:18:43 INFO     app.routers.auth | Doctor login requested email=janfishan@gmail.com
2026-08-09T17:18:43 INFO     app.services.supabase_store | Creating Supabase client
2026-08-09T17:18:44 INFO     app.db | Initializing Supabase service-role client
2026-08-09T17:18:47 INFO     httpx | HTTP Request: GET https://cojqrbvczpzbvcewgxgf.supabase.co/rest/v1/doctors?select=%2A&email=eq.janfishan%40gmail.com "HTTP/2 200 OK"
2026-08-09T17:18:47 INFO     app.routers.auth | Doctor login succeeded doctor_id=ad5bed97-bb27-4cb2-9273-24ccea4ba5b7
2026-08-09T17:18:47 INFO     app.main | Request complete request_id=ad0bba1b-de98-4387-b328-2ba70f5015ee method=POST path=/api/v1/auth/login status=200 duration_ms=4548.6 client=127.0.0.1
2026-08-09T17:18:47 INFO     app.main | Request complete request_id=ca277608-c3ec-4a73-a592-3a5c43be3947 method=OPTIONS path=/api/v1/doctors/me status=200 duration_ms=0.7 client=127.0.0.1
2026-08-09T17:18:47 INFO     app.main | Request complete request_id=5707a417-d6ec-4dc2-9dc5-9ba1d0e3f23a method=OPTIONS path=/api/v1/doctors/me status=200 duration_ms=0.7 client=127.0.0.1
2026-08-09T17:18:47 INFO     app.routers.doctors | Doctor profile requested doctor_id=ad5bed97-bb27-4cb2-9273-24ccea4ba5b7
2026-08-09T17:18:48 INFO     httpx | HTTP Request: GET https://cojqrbvczpzbvcewgxgf.supabase.co/rest/v1/doctors?select=%2A&id=eq.ad5bed97-bb27-4cb2-9273-24ccea4ba5b7 "HTTP/2 200 OK"
2026-08-09T17:18:48 INFO     httpx | HTTP Request: GET https://cojqrbvczpzbvcewgxgf.supabase.co/rest/v1/clinics?select=%2A&doctor_id=eq.ad5bed97-bb27-4cb2-9273-24ccea4ba5b7 "HTTP/2 200 OK"
2026-08-09T17:18:48 INFO     app.main | Request complete request_id=1425b663-0cf2-452d-aeea-99c271e1aa15 method=GET path=/api/v1/doctors/me status=200 duration_ms=177.6 client=127.0.0.1
2026-08-09T17:18:48 INFO     app.routers.doctors | Doctor profile requested doctor_id=ad5bed97-bb27-4cb2-9273-24ccea4ba5b7
2026-08-09T17:18:48 INFO     httpx | HTTP Request: GET https://cojqrbvczpzbvcewgxgf.supabase.co/rest/v1/doctors?select=%2A&id=eq.ad5bed97-bb27-4cb2-9273-24ccea4ba5b7 "HTTP/2 200 OK"
2026-08-09T17:18:48 INFO     httpx | HTTP Request: GET https://cojqrbvczpzbvcewgxgf.supabase.co/rest/v1/clinics?select=%2A&doctor_id=eq.ad5bed97-bb27-4cb2-9273-24ccea4ba5b7 "HTTP/2 200 OK"
2026-08-09T17:18:48 INFO     app.main | Request complete request_id=7d90b929-4c15-4f2b-ba2a-d2d0b965ec16 method=GET path=/api/v1/doctors/me status=200 duration_ms=161.8 client=127.0.0.1
2026-08-09T17:19:44 INFO     app.routers.doctors | Doctor profile requested doctor_id=ad5bed97-bb27-4cb2-9273-24ccea4ba5b7
2026-08-09T17:19:44 INFO     httpx | HTTP Request: GET https://cojqrbvczpzbvcewgxgf.supabase.co/rest/v1/doctors?select=%2A&id=eq.ad5bed97-bb27-4cb2-9273-24ccea4ba5b7 "HTTP/2 200 OK"
2026-08-09T17:19:44 INFO     httpx | HTTP Request: GET https://cojqrbvczpzbvcewgxgf.supabase.co/rest/v1/clinics?select=%2A&doctor_id=eq.ad5bed97-bb27-4cb2-9273-24ccea4ba5b7 "HTTP/2 200 OK"
2026-08-09T17:19:44 INFO     app.main | Request complete request_id=5f97bf5b-5655-494c-bda3-5a3c3c99ac46 method=GET path=/api/v1/doctors/me status=200 duration_ms=485.9 client=127.0.0.1
2026-08-09T17:19:44 INFO     app.routers.doctors | Doctor profile requested doctor_id=ad5bed97-bb27-4cb2-9273-24ccea4ba5b7
2026-08-09T17:19:44 INFO     httpx | HTTP Request: GET https://cojqrbvczpzbvcewgxgf.supabase.co/rest/v1/doctors?select=%2A&id=eq.ad5bed97-bb27-4cb2-9273-24ccea4ba5b7 "HTTP/2 200 OK"
2026-08-09T17:19:44 INFO     httpx | HTTP Request: GET https://cojqrbvczpzbvcewgxgf.supabase.co/rest/v1/clinics?select=%2A&doctor_id=eq.ad5bed97-bb27-4cb2-9273-24ccea4ba5b7 "HTTP/2 200 OK"
2026-08-09T17:19:44 INFO     app.main | Request complete request_id=a6309340-7147-4bdc-839c-0b504cc9d393 method=GET path=/api/v1/doctors/me status=200 duration_ms=143.3 client=127.0.0.1
2026-08-09T17:20:57 WARNING  app.main | Request complete request_id=80cc49c6-501a-4215-8152-1b446eea73ed method=OPTIONS path=/api/v1/auth/login status=400 duration_ms=0.6 client=127.0.0.1
2026-08-09T17:21:32 WARNING  app.main | Request complete request_id=e361d90c-001d-4b61-b943-0d102b30a1fb method=OPTIONS path=/api/v1/auth/login status=400 duration_ms=0.4 client=127.0.0.1
2026-08-09T17:21:47 INFO     app.main | Application shutting down
2026-08-09T17:21:52 INFO     app.main | Application starting environment=development debug=True
2026-08-09T17:22:00 WARNING  app.main | Request complete request_id=0e328d58-f24d-4eff-ab0c-bbe3b0c9e2e7 method=OPTIONS path=/api/v1/auth/login status=400 duration_ms=0.8 client=127.0.0.1
2026-08-09T17:23:37 WARNING  app.main | Request complete request_id=c02d77949f99d1612a7225380818ecdc method=GET path=/favicon.ico status=404 duration_ms=38.1 client=117.247.219.37
2026-08-09T17:23:38 WARNING  app.main | Request complete request_id=0266d3beb9da534d55ed931679f2ae6d method=GET path=/ status=404 duration_ms=0.7 client=117.247.219.37
2026-08-09T17:25:48 INFO     app.routers.doctors | Doctor profile requested doctor_id=ad5bed97-bb27-4cb2-9273-24ccea4ba5b7
2026-08-09T17:25:48 INFO     app.services.supabase_store | Creating Supabase client
2026-08-09T17:25:49 INFO     app.db | Initializing Supabase service-role client
2026-08-09T17:25:51 INFO     httpx | HTTP Request: GET https://cojqrbvczpzbvcewgxgf.supabase.co/rest/v1/doctors?select=%2A&id=eq.ad5bed97-bb27-4cb2-9273-24ccea4ba5b7 "HTTP/2 200 OK"
2026-08-09T17:25:51 INFO     httpx | HTTP Request: GET https://cojqrbvczpzbvcewgxgf.supabase.co/rest/v1/clinics?select=%2A&doctor_id=eq.ad5bed97-bb27-4cb2-9273-24ccea4ba5b7 "HTTP/2 200 OK"
2026-08-09T17:25:51 INFO     app.main | Request complete request_id=282cddd0-28f5-4386-97b3-2b97da585fd7 method=GET path=/api/v1/doctors/me status=200 duration_ms=2686.0 client=127.0.0.1
2026-08-09T17:25:51 INFO     app.routers.doctors | Doctor profile requested doctor_id=ad5bed97-bb27-4cb2-9273-24ccea4ba5b7
2026-08-09T17:25:51 INFO     httpx | HTTP Request: GET https://cojqrbvczpzbvcewgxgf.supabase.co/rest/v1/doctors?select=%2A&id=eq.ad5bed97-bb27-4cb2-9273-24ccea4ba5b7 "HTTP/2 200 OK"
2026-08-09T17:25:51 INFO     httpx | HTTP Request: GET https://cojqrbvczpzbvcewgxgf.supabase.co/rest/v1/clinics?select=%2A&doctor_id=eq.ad5bed97-bb27-4cb2-9273-24ccea4ba5b7 "HTTP/2 200 OK"
2026-08-09T17:25:51 INFO     app.main | Request complete request_id=d9cfe453-450d-425b-a58a-f80d60178505 method=GET path=/api/v1/doctors/me status=200 duration_ms=144.9 client=127.0.0.1
2026-08-09T17:25:51 INFO     app.routers.doctors | Doctor profile requested doctor_id=ad5bed97-bb27-4cb2-9273-24ccea4ba5b7
2026-08-09T17:25:51 INFO     httpx | HTTP Request: GET https://cojqrbvczpzbvcewgxgf.supabase.co/rest/v1/doctors?select=%2A&id=eq.ad5bed97-bb27-4cb2-9273-24ccea4ba5b7 "HTTP/2 200 OK"
2026-08-09T17:25:51 INFO     httpx | HTTP Request: GET https://cojqrbvczpzbvcewgxgf.supabase.co/rest/v1/clinics?select=%2A&doctor_id=eq.ad5bed97-bb27-4cb2-9273-24ccea4ba5b7 "HTTP/2 200 OK"
2026-08-09T17:25:51 INFO     app.main | Request complete request_id=8e28a52f-9c98-40d3-bbc6-b4221366a312 method=GET path=/api/v1/doctors/me status=200 duration_ms=156.0 client=127.0.0.1
2026-08-09T17:26:01 WARNING  app.main | Request complete request_id=6fa53f8062ec228ebec8ac347d046a71 method=GET path=/ status=404 duration_ms=0.8 client=117.247.219.37
2026-08-09T17:26:05 WARNING  app.main | Request complete request_id=2dddabe4e5868a9acb3cd93a6489f47e method=GET path=/ status=404 duration_ms=1.0 client=117.247.219.37
2026-08-09T17:29:19 WARNING  app.main | Request complete request_id=5543e8747e8b0b20a20eade6a73c4f38 method=GET path=/ status=404 duration_ms=22.5 client=117.247.219.37
2026-08-09T17:29:35 INFO     app.main | Request complete request_id=947c7ebf-6851-40d7-905e-011348b07da2 method=OPTIONS path=/api/v1/doctors/me status=200 duration_ms=8.0 client=127.0.0.1
2026-08-09T17:29:35 INFO     app.main | Request complete request_id=01edec32-982a-40c9-a38b-4b133a63452b method=OPTIONS path=/api/v1/doctors/me status=200 duration_ms=11.2 client=127.0.0.1
2026-08-09T17:29:35 INFO     app.routers.doctors | Doctor profile requested doctor_id=ad5bed97-bb27-4cb2-9273-24ccea4ba5b7
2026-08-09T17:29:36 INFO     httpx | HTTP Request: GET https://cojqrbvczpzbvcewgxgf.supabase.co/rest/v1/doctors?select=%2A&id=eq.ad5bed97-bb27-4cb2-9273-24ccea4ba5b7 "HTTP/2 200 OK"
2026-08-09T17:29:36 INFO     httpx | HTTP Request: GET https://cojqrbvczpzbvcewgxgf.supabase.co/rest/v1/clinics?select=%2A&doctor_id=eq.ad5bed97-bb27-4cb2-9273-24ccea4ba5b7 "HTTP/2 200 OK"
2026-08-09T17:29:36 INFO     app.main | Request complete request_id=4c594a07-3194-4d79-86c5-a944fc7d2bca method=GET path=/api/v1/doctors/me status=200 duration_ms=765.4 client=127.0.0.1
2026-08-09T17:29:36 INFO     app.routers.doctors | Doctor profile requested doctor_id=ad5bed97-bb27-4cb2-9273-24ccea4ba5b7
2026-08-09T17:29:36 INFO     httpx | HTTP Request: GET https://cojqrbvczpzbvcewgxgf.supabase.co/rest/v1/doctors?select=%2A&id=eq.ad5bed97-bb27-4cb2-9273-24ccea4ba5b7 "HTTP/2 200 OK"
2026-08-09T17:29:36 INFO     httpx | HTTP Request: GET https://cojqrbvczpzbvcewgxgf.supabase.co/rest/v1/clinics?select=%2A&doctor_id=eq.ad5bed97-bb27-4cb2-9273-24ccea4ba5b7 "HTTP/2 200 OK"
2026-08-09T17:29:36 INFO     app.main | Request complete request_id=dc1a72a8-4c98-43ca-9a10-0dc159992cf0 method=GET path=/api/v1/doctors/me status=200 duration_ms=163.0 client=127.0.0.1
2026-08-29T19:40:33 INFO     app.main | Application starting environment=development debug=True
2026-08-29T19:46:51 INFO     app.routers.search | Doctor search requested specialty=all radius_km=10.0
2026-08-29T19:46:51 INFO     app.services.supabase_store | Supabase search doctors specialty=all radius_km=10.0
2026-08-29T19:46:51 INFO     app.services.supabase_store | Creating Supabase client
2026-08-29T19:46:51 INFO     app.db | Initializing Supabase service-role client
2026-08-29T19:46:51 ERROR    app.main | Request failed request_id=072c5027-99ed-43bb-85fc-6cf47c4ec7a3 method=GET path=/api/v1/search
Traceback (most recent call last):
  File "C:\new\doctorundo\backend\venv\Lib\site-packages\starlette\middleware\base.py", line 78, in call_next
    message = await recv_stream.receive()
              ^^^^^^^^^^^^^^^^^^^^^^^^^^^
  File "C:\new\doctorundo\backend\venv\Lib\site-packages\anyio\streams\memory.py", line 98, in receive
    return self.receive_nowait()
           ^^^^^^^^^^^^^^^^^^^^^
  File "C:\new\doctorundo\backend\venv\Lib\site-packages\anyio\streams\memory.py", line 91, in receive_nowait
    raise EndOfStream
anyio.EndOfStream

During handling of the above exception, another exception occurred:

Traceback (most recent call last):
  File "C:\new\doctorundo\backend\app\main.py", line 47, in log_request
    response = await call_next(request)
               ^^^^^^^^^^^^^^^^^^^^^^^^
  File "C:\new\doctorundo\backend\venv\Lib\site-packages\starlette\middleware\base.py", line 84, in call_next
    raise app_exc
  File "C:\new\doctorundo\backend\venv\Lib\site-packages\starlette\middleware\base.py", line 70, in coro
    await self.app(scope, receive_or_disconnect, send_no_error)
  File "C:\new\doctorundo\backend\venv\Lib\site-packages\starlette\middleware\cors.py", line 91, in __call__
    await self.simple_response(scope, receive, send, request_headers=headers)
  File "C:\new\doctorundo\backend\venv\Lib\site-packages\starlette\middleware\cors.py", line 146, in simple_response
    await self.app(scope, receive, send)
  File "C:\new\doctorundo\backend\venv\Lib\site-packages\starlette\middleware\exceptions.py", line 79, in __call__
    raise exc
  File "C:\new\doctorundo\backend\venv\Lib\site-packages\starlette\middleware\exceptions.py", line 68, in __call__
    await self.app(scope, receive, sender)
  File "C:\new\doctorundo\backend\venv\Lib\site-packages\fastapi\middleware\asyncexitstack.py", line 20, in __call__
    raise e
  File "C:\new\doctorundo\backend\venv\Lib\site-packages\fastapi\middleware\asyncexitstack.py", line 17, in __call__
    await self.app(scope, receive, send)
  File "C:\new\doctorundo\backend\venv\Lib\site-packages\starlette\routing.py", line 718, in __call__
    await route.handle(scope, receive, send)
  File "C:\new\doctorundo\backend\venv\Lib\site-packages\starlette\routing.py", line 276, in handle
    await self.app(scope, receive, send)
  File "C:\new\doctorundo\backend\venv\Lib\site-packages\starlette\routing.py", line 66, in app
    response = await func(request)
               ^^^^^^^^^^^^^^^^^^^
  File "C:\new\doctorundo\backend\venv\Lib\site-packages\fastapi\routing.py", line 274, in app
    raw_response = await run_endpoint_function(
                   ^^^^^^^^^^^^^^^^^^^^^^^^^^^^
  File "C:\new\doctorundo\backend\venv\Lib\site-packages\fastapi\routing.py", line 191, in run_endpoint_function
    return await dependant.call(**values)
           ^^^^^^^^^^^^^^^^^^^^^^^^^^^^^^
  File "C:\new\doctorundo\backend\app\routers\search.py", line 33, in search_doctors
    remote_results = supabase_store.search_doctors(lat, lng, specialty, radius_km)
                     ^^^^^^^^^^^^^^^^^^^^^^^^^^^^^^^^^^^^^^^^^^^^^^^^^^^^^^^^^^^^^
  File "C:\new\doctorundo\backend\app\services\supabase_store.py", line 104, in search_doctors
    query = self.client.table("doctors").select("*, clinics(*), availability(*)")
            ^^^^^^^^^^^
  File "C:\new\doctorundo\backend\app\services\supabase_store.py", line 34, in client
    self._client = get_supabase_client()
                   ^^^^^^^^^^^^^^^^^^^^^
  File "C:\new\doctorundo\backend\app\db.py", line 20, in get_supabase_client
    return create_client(
           ^^^^^^^^^^^^^^
  File "C:\new\doctorundo\backend\venv\Lib\site-packages\supabase\_sync\client.py", line 299, in create_client
    return SyncClient.create(
           ^^^^^^^^^^^^^^^^^^
  File "C:\new\doctorundo\backend\venv\Lib\site-packages\supabase\_sync\client.py", line 102, in create
    return cls(supabase_url, supabase_key, options)
           ^^^^^^^^^^^^^^^^^^^^^^^^^^^^^^^^^^^^^^^^
  File "C:\new\doctorundo\backend\venv\Lib\site-packages\supabase\_sync\client.py", line 80, in __init__
    self.auth = self._init_supabase_auth_client(
                ^^^^^^^^^^^^^^^^^^^^^^^^^^^^^^^^
  File "C:\new\doctorundo\backend\venv\Lib\site-packages\supabase\_sync\client.py", line 221, in _init_supabase_auth_client
    return SyncSupabaseAuthClient(
           ^^^^^^^^^^^^^^^^^^^^^^^
  File "C:\new\doctorundo\backend\venv\Lib\site-packages\supabase\_sync\auth_client.py", line 31, in __init__
    SyncGoTrueClient.__init__(
  File "C:\new\doctorundo\backend\venv\Lib\site-packages\gotrue\_sync\gotrue_client.py", line 101, in __init__
    SyncGoTrueBaseAPI.__init__(
  File "C:\new\doctorundo\backend\venv\Lib\site-packages\gotrue\_sync\gotrue_base_api.py", line 28, in __init__
    self._http_client = http_client or SyncClient(
                                       ^^^^^^^^^^^
TypeError: Client.__init__() got an unexpected keyword argument 'proxy'
2026-08-29T20:05:37 INFO     app.routers.search | Doctor search requested specialty=all radius_km=10.0
2026-08-29T20:05:37 INFO     app.services.supabase_store | Supabase search doctors specialty=all radius_km=10.0
2026-08-29T20:05:37 INFO     app.services.supabase_store | Creating Supabase client
2026-08-29T20:05:37 INFO     app.db | Initializing Supabase service-role client
2026-08-29T20:05:37 ERROR    app.main | Request failed request_id=a0d35106-97ac-4c8e-91b4-107371f7d6d8 method=GET path=/api/v1/search
Traceback (most recent call last):
  File "C:\new\doctorundo\backend\venv\Lib\site-packages\starlette\middleware\base.py", line 78, in call_next
    message = await recv_stream.receive()
              ^^^^^^^^^^^^^^^^^^^^^^^^^^^
  File "C:\new\doctorundo\backend\venv\Lib\site-packages\anyio\streams\memory.py", line 98, in receive
    return self.receive_nowait()
           ^^^^^^^^^^^^^^^^^^^^^
  File "C:\new\doctorundo\backend\venv\Lib\site-packages\anyio\streams\memory.py", line 91, in receive_nowait
    raise EndOfStream
anyio.EndOfStream

During handling of the above exception, another exception occurred:

Traceback (most recent call last):
  File "C:\new\doctorundo\backend\app\main.py", line 47, in log_request
    response = await call_next(request)
               ^^^^^^^^^^^^^^^^^^^^^^^^
  File "C:\new\doctorundo\backend\venv\Lib\site-packages\starlette\middleware\base.py", line 84, in call_next
    raise app_exc
  File "C:\new\doctorundo\backend\venv\Lib\site-packages\starlette\middleware\base.py", line 70, in coro
    await self.app(scope, receive_or_disconnect, send_no_error)
  File "C:\new\doctorundo\backend\venv\Lib\site-packages\starlette\middleware\cors.py", line 91, in __call__
    await self.simple_response(scope, receive, send, request_headers=headers)
  File "C:\new\doctorundo\backend\venv\Lib\site-packages\starlette\middleware\cors.py", line 146, in simple_response
    await self.app(scope, receive, send)
  File "C:\new\doctorundo\backend\venv\Lib\site-packages\starlette\middleware\exceptions.py", line 79, in __call__
    raise exc
  File "C:\new\doctorundo\backend\venv\Lib\site-packages\starlette\middleware\exceptions.py", line 68, in __call__
    await self.app(scope, receive, sender)
  File "C:\new\doctorundo\backend\venv\Lib\site-packages\fastapi\middleware\asyncexitstack.py", line 20, in __call__
    raise e
  File "C:\new\doctorundo\backend\venv\Lib\site-packages\fastapi\middleware\asyncexitstack.py", line 17, in __call__
    await self.app(scope, receive, send)
  File "C:\new\doctorundo\backend\venv\Lib\site-packages\starlette\routing.py", line 718, in __call__
    await route.handle(scope, receive, send)
  File "C:\new\doctorundo\backend\venv\Lib\site-packages\starlette\routing.py", line 276, in handle
    await self.app(scope, receive, send)
  File "C:\new\doctorundo\backend\venv\Lib\site-packages\starlette\routing.py", line 66, in app
    response = await func(request)
               ^^^^^^^^^^^^^^^^^^^
  File "C:\new\doctorundo\backend\venv\Lib\site-packages\fastapi\routing.py", line 274, in app
    raw_response = await run_endpoint_function(
                   ^^^^^^^^^^^^^^^^^^^^^^^^^^^^
  File "C:\new\doctorundo\backend\venv\Lib\site-packages\fastapi\routing.py", line 191, in run_endpoint_function
    return await dependant.call(**values)
           ^^^^^^^^^^^^^^^^^^^^^^^^^^^^^^
  File "C:\new\doctorundo\backend\app\routers\search.py", line 33, in search_doctors
    remote_results = supabase_store.search_doctors(lat, lng, specialty, radius_km)
                     ^^^^^^^^^^^^^^^^^^^^^^^^^^^^^^^^^^^^^^^^^^^^^^^^^^^^^^^^^^^^^
  File "C:\new\doctorundo\backend\app\services\supabase_store.py", line 104, in search_doctors
    query = self.client.table("doctors").select("*, clinics(*), availability(*)")
            ^^^^^^^^^^^
  File "C:\new\doctorundo\backend\app\services\supabase_store.py", line 34, in client
    self._client = get_supabase_client()
                   ^^^^^^^^^^^^^^^^^^^^^
  File "C:\new\doctorundo\backend\app\db.py", line 20, in get_supabase_client
    return create_client(
           ^^^^^^^^^^^^^^
  File "C:\new\doctorundo\backend\venv\Lib\site-packages\supabase\_sync\client.py", line 299, in create_client
    return SyncClient.create(
           ^^^^^^^^^^^^^^^^^^
  File "C:\new\doctorundo\backend\venv\Lib\site-packages\supabase\_sync\client.py", line 102, in create
    return cls(supabase_url, supabase_key, options)
           ^^^^^^^^^^^^^^^^^^^^^^^^^^^^^^^^^^^^^^^^
  File "C:\new\doctorundo\backend\venv\Lib\site-packages\supabase\_sync\client.py", line 80, in __init__
    self.auth = self._init_supabase_auth_client(
                ^^^^^^^^^^^^^^^^^^^^^^^^^^^^^^^^
  File "C:\new\doctorundo\backend\venv\Lib\site-packages\supabase\_sync\client.py", line 221, in _init_supabase_auth_client
    return SyncSupabaseAuthClient(
           ^^^^^^^^^^^^^^^^^^^^^^^
  File "C:\new\doctorundo\backend\venv\Lib\site-packages\supabase\_sync\auth_client.py", line 31, in __init__
    SyncGoTrueClient.__init__(
  File "C:\new\doctorundo\backend\venv\Lib\site-packages\gotrue\_sync\gotrue_client.py", line 101, in __init__
    SyncGoTrueBaseAPI.__init__(
  File "C:\new\doctorundo\backend\venv\Lib\site-packages\gotrue\_sync\gotrue_base_api.py", line 28, in __init__
    self._http_client = http_client or SyncClient(
                                       ^^^^^^^^^^^
TypeError: Client.__init__() got an unexpected keyword argument 'proxy'
2026-09-06T17:04:41 INFO     app.main | Application starting environment=development debug=True
2026-09-06T17:09:35 INFO     app.routers.search | Doctor search requested specialty=all radius_km=10.0
2026-09-06T17:09:35 INFO     app.services.supabase_store | Supabase search doctors specialty=all radius_km=10.0
2026-09-06T17:09:35 INFO     app.services.supabase_store | Creating Supabase client
2026-09-06T17:09:36 INFO     app.db | Initializing Supabase service-role client
2026-09-06T17:09:39 INFO     httpx | HTTP Request: GET https://cojqrbvczpzbvcewgxgf.supabase.co/rest/v1/doctors?select=%2A%2C+clinics%28%2A%29%2C+availability%28%2A%29 "HTTP/2 200 OK"
2026-09-06T17:09:39 INFO     app.services.supabase_store | Supabase search doctors completed result_count=1
2026-09-06T17:09:39 INFO     app.routers.search | Doctor search completed result_count=1
2026-09-06T17:09:39 INFO     app.main | Request complete request_id=b6e31746-f5f5-4958-8a29-0381d0496f15 method=GET path=/api/v1/search status=200 duration_ms=3732.0 client=127.0.0.1
2026-09-06T17:09:39 INFO     app.routers.search | Doctor search requested specialty=all radius_km=10.0
2026-09-06T17:09:39 INFO     app.services.supabase_store | Supabase search doctors specialty=all radius_km=10.0
2026-09-06T17:09:39 INFO     httpx | HTTP Request: GET https://cojqrbvczpzbvcewgxgf.supabase.co/rest/v1/doctors?select=%2A%2C+clinics%28%2A%29%2C+availability%28%2A%29 "HTTP/2 200 OK"
2026-09-06T17:09:39 INFO     app.services.supabase_store | Supabase search doctors completed result_count=1
2026-09-06T17:09:39 INFO     app.routers.search | Doctor search completed result_count=1
2026-09-06T17:09:39 INFO     app.main | Request complete request_id=62e2b83f-cb3e-4824-82a2-f947f52547b8 method=GET path=/api/v1/search status=200 duration_ms=154.2 client=127.0.0.1
2026-09-06T17:09:44 INFO     app.main | Application shutting down
2026-09-06T17:09:48 INFO     app.main | Application starting environment=development debug=True
2026-09-06T17:15:29 INFO     app.main | Request complete request_id=66102f3f-62f8-41fe-b6a5-f00297fb4a95 method=OPTIONS path=/api/v1/auth/signup/doctor status=200 duration_ms=4.9 client=127.0.0.1
2026-09-06T17:15:30 INFO     app.routers.auth | Doctor signup requested email=tdvte@gmail.com specialty=General Practitioner
2026-09-06T17:15:30 INFO     app.services.supabase_store | Supabase create doctor specialty=General Practitioner
2026-09-06T17:15:30 INFO     app.services.supabase_store | Creating Supabase client
2026-09-06T17:15:30 INFO     app.db | Initializing Supabase service-role client
2026-09-06T17:15:33 INFO     httpx | HTTP Request: POST https://cojqrbvczpzbvcewgxgf.supabase.co/rest/v1/doctors "HTTP/2 201 Created"
2026-09-06T17:15:33 INFO     app.routers.auth | Doctor signup succeeded doctor_id=f3943902-8deb-4555-ba79-8c520be85999
2026-09-06T17:15:33 INFO     app.services.supabase_store | Supabase upsert availability doctor_id=f3943902-8deb-4555-ba79-8c520be85999 available=False
2026-09-06T17:15:33 INFO     httpx | HTTP Request: GET https://cojqrbvczpzbvcewgxgf.supabase.co/rest/v1/availability?select=%2A&doctor_id=eq.f3943902-8deb-4555-ba79-8c520be85999 "HTTP/2 200 OK"
2026-09-06T17:15:33 INFO     httpx | HTTP Request: POST https://cojqrbvczpzbvcewgxgf.supabase.co/rest/v1/availability "HTTP/2 201 Created"
2026-09-06T17:15:33 INFO     app.routers.auth | Seeded availability row doctor_id=f3943902-8deb-4555-ba79-8c520be85999
2026-09-06T17:15:33 INFO     app.services.supabase_store | Supabase upsert clinic stub doctor_id=f3943902-8deb-4555-ba79-8c520be85999
2026-09-06T17:15:33 INFO     httpx | HTTP Request: GET https://cojqrbvczpzbvcewgxgf.supabase.co/rest/v1/clinics?select=%2A&doctor_id=eq.f3943902-8deb-4555-ba79-8c520be85999 "HTTP/2 200 OK"
2026-09-06T17:15:33 INFO     httpx | HTTP Request: POST https://cojqrbvczpzbvcewgxgf.supabase.co/rest/v1/clinics "HTTP/2 400 Bad Request"
2026-09-06T17:15:33 WARNING  app.routers.auth | Failed to seed clinic stub doctor_id=f3943902-8deb-4555-ba79-8c520be85999
2026-09-06T17:15:33 INFO     app.main | Request complete request_id=33d40b84-9650-4e3f-acf7-ed53a9a7494f method=POST path=/api/v1/auth/signup/doctor status=201 duration_ms=3969.0 client=127.0.0.1
2026-09-06T17:15:34 INFO     app.main | Request complete request_id=9d4d8e89-7be0-4cd6-aef2-13079f8b56de method=OPTIONS path=/api/v1/doctors/me status=200 duration_ms=1.5 client=127.0.0.1
2026-09-06T17:15:34 INFO     app.main | Request complete request_id=e810db5d-df88-404f-b9a4-ca77e6096cc9 method=OPTIONS path=/api/v1/doctors/me status=200 duration_ms=3.5 client=127.0.0.1
2026-09-06T17:15:34 INFO     app.routers.doctors | Doctor profile requested doctor_id=f3943902-8deb-4555-ba79-8c520be85999
2026-09-06T17:15:34 INFO     httpx | HTTP Request: GET https://cojqrbvczpzbvcewgxgf.supabase.co/rest/v1/doctors?select=%2A&id=eq.f3943902-8deb-4555-ba79-8c520be85999 "HTTP/2 200 OK"
2026-09-06T17:15:34 INFO     httpx | HTTP Request: GET https://cojqrbvczpzbvcewgxgf.supabase.co/rest/v1/clinics?select=%2A&doctor_id=eq.f3943902-8deb-4555-ba79-8c520be85999 "HTTP/2 200 OK"
2026-09-06T17:15:34 INFO     app.main | Request complete request_id=7fff1cb0-8078-4203-8bac-c4aa394fc699 method=GET path=/api/v1/doctors/me status=200 duration_ms=188.8 client=127.0.0.1
2026-09-06T17:15:34 INFO     app.routers.doctors | Doctor profile requested doctor_id=f3943902-8deb-4555-ba79-8c520be85999
2026-09-06T17:15:34 INFO     httpx | HTTP Request: GET https://cojqrbvczpzbvcewgxgf.supabase.co/rest/v1/doctors?select=%2A&id=eq.f3943902-8deb-4555-ba79-8c520be85999 "HTTP/2 200 OK"
2026-09-06T17:15:34 INFO     httpx | HTTP Request: GET https://cojqrbvczpzbvcewgxgf.supabase.co/rest/v1/clinics?select=%2A&doctor_id=eq.f3943902-8deb-4555-ba79-8c520be85999 "HTTP/2 200 OK"
2026-09-06T17:15:34 INFO     app.main | Request complete request_id=1c2afb91-827a-4424-8b14-d1efed31487d method=GET path=/api/v1/doctors/me status=200 duration_ms=208.7 client=127.0.0.1
2026-09-06T17:19:54 INFO     app.main | Request complete request_id=32515982-ae9e-49c9-8be9-c7123478359a method=OPTIONS path=/api/v1/doctors/me/clinic status=200 duration_ms=21.9 client=127.0.0.1
2026-09-06T17:19:54 INFO     app.routers.doctors | Clinic upsert requested doctor_id=f3943902-8deb-4555-ba79-8c520be85999 address=e
2026-09-06T17:19:55 INFO     httpx | HTTP Request: GET https://cojqrbvczpzbvcewgxgf.supabase.co/rest/v1/doctors?select=%2A&id=eq.f3943902-8deb-4555-ba79-8c520be85999 "HTTP/2 200 OK"
2026-09-06T17:19:55 INFO     app.routers.doctors | Clinic upsert using provided coordinates lat=10.787769640961395 lng=76.61199073368869
2026-09-06T17:19:55 INFO     app.services.supabase_store | Supabase upsert clinic doctor_id=f3943902-8deb-4555-ba79-8c520be85999
2026-09-06T17:19:55 INFO     httpx | HTTP Request: GET https://cojqrbvczpzbvcewgxgf.supabase.co/rest/v1/clinics?select=%2A&doctor_id=eq.f3943902-8deb-4555-ba79-8c520be85999 "HTTP/2 200 OK"
2026-09-06T17:19:55 INFO     httpx | HTTP Request: POST https://cojqrbvczpzbvcewgxgf.supabase.co/rest/v1/clinics "HTTP/2 201 Created"
2026-09-06T17:19:55 INFO     app.main | Request complete request_id=9d21e9e8-9bde-4318-af1d-4aaf1ac40599 method=POST path=/api/v1/doctors/me/clinic status=201 duration_ms=869.6 client=127.0.0.1
2026-09-06T17:19:55 INFO     app.routers.doctors | Doctor profile requested doctor_id=f3943902-8deb-4555-ba79-8c520be85999
2026-09-06T17:19:55 INFO     httpx | HTTP Request: GET https://cojqrbvczpzbvcewgxgf.supabase.co/rest/v1/doctors?select=%2A&id=eq.f3943902-8deb-4555-ba79-8c520be85999 "HTTP/2 200 OK"
2026-09-06T17:19:55 INFO     httpx | HTTP Request: GET https://cojqrbvczpzbvcewgxgf.supabase.co/rest/v1/clinics?select=%2A&doctor_id=eq.f3943902-8deb-4555-ba79-8c520be85999 "HTTP/2 200 OK"
2026-09-06T17:19:55 INFO     app.main | Request complete request_id=26d04b3d-4691-4163-859e-41bda78a05e9 method=GET path=/api/v1/doctors/me status=200 duration_ms=180.3 client=127.0.0.1
2026-09-06T17:19:58 INFO     app.routers.doctors | Clinic upsert requested doctor_id=f3943902-8deb-4555-ba79-8c520be85999 address=e
2026-09-06T17:19:58 INFO     httpx | HTTP Request: GET https://cojqrbvczpzbvcewgxgf.supabase.co/rest/v1/doctors?select=%2A&id=eq.f3943902-8deb-4555-ba79-8c520be85999 "HTTP/2 200 OK"
2026-09-06T17:19:58 INFO     app.routers.doctors | Clinic upsert using provided coordinates lat=10.787769640961395 lng=76.61199073368869
2026-09-06T17:19:58 INFO     app.services.supabase_store | Supabase upsert clinic doctor_id=f3943902-8deb-4555-ba79-8c520be85999
2026-09-06T17:19:58 INFO     httpx | HTTP Request: GET https://cojqrbvczpzbvcewgxgf.supabase.co/rest/v1/clinics?select=%2A&doctor_id=eq.f3943902-8deb-4555-ba79-8c520be85999 "HTTP/2 200 OK"
2026-09-06T17:19:58 INFO     httpx | HTTP Request: PATCH https://cojqrbvczpzbvcewgxgf.supabase.co/rest/v1/clinics?doctor_id=eq.f3943902-8deb-4555-ba79-8c520be85999 "HTTP/2 200 OK"
2026-09-06T17:19:58 INFO     app.main | Request complete request_id=81af6e68-9142-4cfa-9ec4-8392ee6b7df2 method=POST path=/api/v1/doctors/me/clinic status=201 duration_ms=241.4 client=127.0.0.1
2026-09-06T17:19:58 INFO     app.routers.doctors | Doctor profile requested doctor_id=f3943902-8deb-4555-ba79-8c520be85999
2026-09-06T17:19:58 INFO     httpx | HTTP Request: GET https://cojqrbvczpzbvcewgxgf.supabase.co/rest/v1/doctors?select=%2A&id=eq.f3943902-8deb-4555-ba79-8c520be85999 "HTTP/2 200 OK"
2026-09-06T17:19:58 INFO     httpx | HTTP Request: GET https://cojqrbvczpzbvcewgxgf.supabase.co/rest/v1/clinics?select=%2A&doctor_id=eq.f3943902-8deb-4555-ba79-8c520be85999 "HTTP/2 200 OK"
2026-09-06T17:19:58 INFO     app.main | Request complete request_id=7ffe00b7-1177-44cd-a9e8-6d721337f107 method=GET path=/api/v1/doctors/me status=200 duration_ms=168.2 client=127.0.0.1
2026-09-06T17:20:07 INFO     app.main | Request complete request_id=833deb75-ff1c-4101-b3c9-4700061f8305 method=OPTIONS path=/api/v1/search status=200 duration_ms=1.0 client=127.0.0.1
2026-09-06T17:20:07 INFO     app.main | Request complete request_id=5c72b0be-f2cc-4381-9497-e64287d35b7f method=OPTIONS path=/api/v1/search status=200 duration_ms=0.4 client=127.0.0.1
2026-09-06T17:20:07 INFO     app.routers.search | Doctor search requested specialty=all radius_km=10.0
2026-09-06T17:20:07 INFO     app.services.supabase_store | Supabase search doctors specialty=all radius_km=10.0
2026-09-06T17:20:07 INFO     httpx | HTTP Request: GET https://cojqrbvczpzbvcewgxgf.supabase.co/rest/v1/doctors?select=%2A%2C+clinics%28%2A%29%2C+availability%28%2A%29 "HTTP/2 200 OK"
2026-09-06T17:20:07 INFO     app.services.supabase_store | Supabase search doctors completed result_count=1
2026-09-06T17:20:07 INFO     app.routers.search | Doctor search completed result_count=1
2026-09-06T17:20:07 INFO     app.main | Request complete request_id=949b154b-01c7-4d2c-9c81-5f92dba306ad method=GET path=/api/v1/search status=200 duration_ms=323.7 client=127.0.0.1
2026-09-06T17:20:07 INFO     app.routers.search | Doctor search requested specialty=all radius_km=10.0
2026-09-06T17:20:07 INFO     app.services.supabase_store | Supabase search doctors specialty=all radius_km=10.0
2026-09-06T17:20:08 INFO     httpx | HTTP Request: GET https://cojqrbvczpzbvcewgxgf.supabase.co/rest/v1/doctors?select=%2A%2C+clinics%28%2A%29%2C+availability%28%2A%29 "HTTP/2 200 OK"
2026-09-06T17:20:08 INFO     app.services.supabase_store | Supabase search doctors completed result_count=1
2026-09-06T17:20:08 INFO     app.routers.search | Doctor search completed result_count=1
2026-09-06T17:20:08 INFO     app.main | Request complete request_id=65686096-d23d-4c29-a4f8-768cfa83f91d method=GET path=/api/v1/search status=200 duration_ms=161.9 client=127.0.0.1
2026-09-06T17:20:13 INFO     app.main | Request complete request_id=715da6e4-2392-4634-965f-b927aea12848 method=OPTIONS path=/api/v1/search status=200 duration_ms=0.7 client=127.0.0.1
2026-09-06T17:20:13 INFO     app.routers.search | Doctor search requested specialty=all radius_km=50.0
2026-09-06T17:20:13 INFO     app.services.supabase_store | Supabase search doctors specialty=all radius_km=50.0
2026-09-06T17:20:14 INFO     httpx | HTTP Request: GET https://cojqrbvczpzbvcewgxgf.supabase.co/rest/v1/doctors?select=%2A%2C+clinics%28%2A%29%2C+availability%28%2A%29 "HTTP/2 200 OK"
2026-09-06T17:20:14 INFO     app.services.supabase_store | Supabase search doctors completed result_count=2
2026-09-06T17:20:14 INFO     app.routers.search | Doctor search completed result_count=2
2026-09-06T17:20:14 INFO     app.main | Request complete request_id=36c89124-7ae6-44ed-b164-a85405506e59 method=GET path=/api/v1/search status=200 duration_ms=280.2 client=127.0.0.1
2026-09-06T17:33:48 INFO     app.main | Request complete request_id=4d4b8f87-c0ba-4157-99ed-5ad1dafb58d4 method=OPTIONS path=/api/v1/search status=200 duration_ms=6.7 client=127.0.0.1
2026-09-06T17:33:48 INFO     app.main | Request complete request_id=390e433c-8ccb-4ef7-b315-a92b88003188 method=OPTIONS path=/api/v1/search status=200 duration_ms=20.4 client=127.0.0.1
2026-09-06T17:33:48 INFO     app.routers.search | Doctor search requested specialty=all radius_km=10.0
2026-09-06T17:33:48 INFO     app.services.supabase_store | Supabase search doctors specialty=all radius_km=10.0
2026-09-06T17:33:48 INFO     httpx | HTTP Request: GET https://cojqrbvczpzbvcewgxgf.supabase.co/rest/v1/doctors?select=%2A%2C+clinics%28%2A%29%2C+availability%28%2A%29 "HTTP/2 200 OK"
2026-09-06T17:33:48 INFO     app.services.supabase_store | Supabase search doctors completed result_count=1
2026-09-06T17:33:48 INFO     app.routers.search | Doctor search completed result_count=1
2026-09-06T17:33:48 INFO     app.main | Request complete request_id=48df50f7-f146-4fbb-85d0-ed897c677538 method=GET path=/api/v1/search status=200 duration_ms=648.0 client=127.0.0.1
2026-09-06T17:33:48 INFO     app.routers.search | Doctor search requested specialty=all radius_km=10.0
2026-09-06T17:33:48 INFO     app.services.supabase_store | Supabase search doctors specialty=all radius_km=10.0
2026-09-06T17:33:49 INFO     httpx | HTTP Request: GET https://cojqrbvczpzbvcewgxgf.supabase.co/rest/v1/doctors?select=%2A%2C+clinics%28%2A%29%2C+availability%28%2A%29 "HTTP/2 200 OK"
2026-09-06T17:33:49 INFO     app.services.supabase_store | Supabase search doctors completed result_count=1
2026-09-06T17:33:49 INFO     app.routers.search | Doctor search completed result_count=1
2026-09-06T17:33:49 INFO     app.main | Request complete request_id=ce6cf923-0a5f-4167-9476-be26e70faedd method=GET path=/api/v1/search status=200 duration_ms=84.1 client=127.0.0.1
2026-09-06T18:47:23 INFO     app.main | Request complete request_id=6d58479f-9a02-4e8a-95e9-ed1634eca2bb method=OPTIONS path=/api/v1/search status=200 duration_ms=33.4 client=127.0.0.1
2026-09-06T18:47:23 INFO     app.main | Request complete request_id=30450c56-3104-4521-ac2d-3bb7e0c8fc60 method=OPTIONS path=/api/v1/search status=200 duration_ms=44.1 client=127.0.0.1
2026-09-06T18:47:23 INFO     app.routers.search | Doctor search requested specialty=all radius_km=10.0
2026-09-06T18:47:23 INFO     app.services.supabase_store | Supabase search doctors specialty=all radius_km=10.0
2026-09-06T18:47:24 INFO     httpx | HTTP Request: GET https://cojqrbvczpzbvcewgxgf.supabase.co/rest/v1/doctors?select=%2A%2C+clinics%28%2A%29%2C+availability%28%2A%29 "HTTP/2 200 OK"
2026-09-06T18:47:24 INFO     app.services.supabase_store | Supabase search doctors completed result_count=1
2026-09-06T18:47:24 INFO     app.routers.search | Doctor search completed result_count=1
2026-09-06T18:47:24 INFO     app.main | Request complete request_id=39953d16-6aeb-4eaa-9d31-b4555d3a1573 method=GET path=/api/v1/search status=200 duration_ms=1041.1 client=127.0.0.1
2026-09-06T18:47:24 INFO     app.routers.search | Doctor search requested specialty=all radius_km=10.0
2026-09-06T18:47:24 INFO     app.services.supabase_store | Supabase search doctors specialty=all radius_km=10.0
2026-09-06T18:47:24 INFO     httpx | HTTP Request: GET https://cojqrbvczpzbvcewgxgf.supabase.co/rest/v1/doctors?select=%2A%2C+clinics%28%2A%29%2C+availability%28%2A%29 "HTTP/2 200 OK"
2026-09-06T18:47:24 INFO     app.services.supabase_store | Supabase search doctors completed result_count=1
2026-09-06T18:47:24 INFO     app.routers.search | Doctor search completed result_count=1
2026-09-06T18:47:24 INFO     app.main | Request complete request_id=0c2d9532-b3dc-4b2c-bbbb-4420572597b2 method=GET path=/api/v1/search status=200 duration_ms=124.1 client=127.0.0.1
2026-09-06T18:47:31 INFO     app.main | Request complete request_id=295b5187-f98c-4e8b-8d9e-8922f31fe6dc method=OPTIONS path=/api/v1/doctors/me status=200 duration_ms=0.5 client=127.0.0.1
2026-09-06T18:47:31 INFO     app.main | Request complete request_id=6719aaf3-164c-4616-9f70-3e6d795cf99c method=OPTIONS path=/api/v1/doctors/me status=200 duration_ms=0.5 client=127.0.0.1
2026-09-06T18:47:31 INFO     app.routers.doctors | Doctor profile requested doctor_id=f3943902-8deb-4555-ba79-8c520be85999
2026-09-06T18:47:32 INFO     httpx | HTTP Request: GET https://cojqrbvczpzbvcewgxgf.supabase.co/rest/v1/doctors?select=%2A&id=eq.f3943902-8deb-4555-ba79-8c520be85999 "HTTP/2 200 OK"
2026-09-06T18:47:32 INFO     httpx | HTTP Request: GET https://cojqrbvczpzbvcewgxgf.supabase.co/rest/v1/clinics?select=%2A&doctor_id=eq.f3943902-8deb-4555-ba79-8c520be85999 "HTTP/2 200 OK"
2026-09-06T18:47:32 INFO     app.main | Request complete request_id=91847482-0f8e-4bd3-bf1f-f9d935244388 method=GET path=/api/v1/doctors/me status=200 duration_ms=386.1 client=127.0.0.1
2026-09-06T18:47:32 INFO     app.routers.doctors | Doctor profile requested doctor_id=f3943902-8deb-4555-ba79-8c520be85999
2026-09-06T18:47:32 INFO     httpx | HTTP Request: GET https://cojqrbvczpzbvcewgxgf.supabase.co/rest/v1/doctors?select=%2A&id=eq.f3943902-8deb-4555-ba79-8c520be85999 "HTTP/2 200 OK"
2026-09-06T18:47:32 INFO     httpx | HTTP Request: GET https://cojqrbvczpzbvcewgxgf.supabase.co/rest/v1/clinics?select=%2A&doctor_id=eq.f3943902-8deb-4555-ba79-8c520be85999 "HTTP/2 200 OK"
2026-09-06T18:47:32 INFO     app.main | Request complete request_id=1e1acf6a-5446-4608-bd41-d63522477f1e method=GET path=/api/v1/doctors/me status=200 duration_ms=152.8 client=127.0.0.1
2026-09-06T18:48:51 INFO     app.main | Application shutting down
2026-09-06T18:48:55 INFO     app.main | Application starting environment=development debug=True
2026-09-06T18:51:14 INFO     app.routers.auth | Doctor signup requested email=dr@example.com specialty=General Practitioner
2026-09-06T18:51:14 INFO     app.routers.auth | Doctor signup succeeded doctor_id=doctor-1
2026-09-06T18:51:14 INFO     app.routers.auth | Seeded availability row doctor_id=doctor-1
2026-09-06T18:51:14 INFO     app.main | Request complete request_id=d0704528-b2bd-4595-96b9-b07862429080 method=POST path=/api/v1/auth/signup/doctor status=201 duration_ms=19.2 client=testclient
2026-09-06T18:51:14 INFO     httpx | HTTP Request: POST http://testserver/api/v1/auth/signup/doctor "HTTP/1.1 201 Created"
2026-09-06T18:51:14 INFO     app.routers.doctors | Doctor profile requested doctor_id=doctor-1
2026-09-06T18:51:14 INFO     app.main | Request complete request_id=2e9e31f0-997d-4e4a-b7d9-539311302d90 method=GET path=/api/v1/doctors/me status=200 duration_ms=1.4 client=testclient
2026-09-06T18:51:14 INFO     httpx | HTTP Request: GET http://testserver/api/v1/doctors/me "HTTP/1.1 200 OK"
2026-09-06T18:51:14 INFO     app.routers.auth | Doctor signup requested email=dr2@example.com specialty=Pediatrician
2026-09-06T18:51:14 INFO     app.routers.auth | Doctor signup succeeded doctor_id=doctor-1
2026-09-06T18:51:14 INFO     app.routers.auth | Seeded availability row doctor_id=doctor-1
2026-09-06T18:51:14 INFO     app.main | Request complete request_id=b97e6de2-7c48-41d4-a4a5-5614ba757c18 method=POST path=/api/v1/auth/signup/doctor status=201 duration_ms=2.6 client=testclient
2026-09-06T18:51:14 INFO     httpx | HTTP Request: POST http://testserver/api/v1/auth/signup/doctor "HTTP/1.1 201 Created"
2026-09-06T18:51:14 INFO     app.routers.auth | Doctor login requested email=dr2@example.com
2026-09-06T18:51:14 INFO     app.routers.auth | Doctor login succeeded doctor_id=doctor-1
2026-09-06T18:51:14 INFO     app.main | Request complete request_id=df360039-d8cb-4b2a-b32c-cebf73f507c6 method=POST path=/api/v1/auth/login status=200 duration_ms=5.8 client=testclient
2026-09-06T18:51:14 INFO     httpx | HTTP Request: POST http://testserver/api/v1/auth/login "HTTP/1.1 200 OK"
2026-09-06T18:51:14 INFO     app.routers.auth | Doctor signup requested email=drsearch@example.com specialty=General Practitioner
2026-09-06T18:51:14 INFO     app.routers.auth | Doctor signup succeeded doctor_id=doctor-1
2026-09-06T18:51:14 INFO     app.routers.auth | Seeded availability row doctor_id=doctor-1
2026-09-06T18:51:14 INFO     app.main | Request complete request_id=79bfb229-4d37-43b4-8bf7-dc0825dab906 method=POST path=/api/v1/auth/signup/doctor status=201 duration_ms=2.8 client=testclient
2026-09-06T18:51:14 INFO     httpx | HTTP Request: POST http://testserver/api/v1/auth/signup/doctor "HTTP/1.1 201 Created"
2026-09-06T18:51:14 INFO     app.routers.doctors | Clinic upsert requested doctor_id=doctor-1 address=Palakkad, Kerala
2026-09-06T18:51:14 INFO     app.services.geocode | Geocode requested address_length=16
2026-09-06T18:51:16 INFO     httpx | HTTP Request: GET https://nominatim.openstreetmap.org/search?q=Palakkad%2C%20Kerala&format=json&limit=1 "HTTP/1.1 200 OK"
2026-09-06T18:51:16 INFO     app.services.geocode | Geocode completed match_found=true
2026-09-06T18:51:16 INFO     app.routers.doctors | Clinic upsert geocoding succeeded lat=10.7873692 lng=76.4742172
2026-09-06T18:51:16 INFO     app.main | Request complete request_id=289a9a26-a9ac-4d33-a894-ea53d26b52ac method=POST path=/api/v1/doctors/me/clinic status=201 duration_ms=1936.8 client=testclient
2026-09-06T18:51:16 INFO     httpx | HTTP Request: POST http://testserver/api/v1/doctors/me/clinic "HTTP/1.1 201 Created"
2026-09-06T18:51:16 INFO     app.routers.doctors | Availability update requested doctor_id=doctor-1 available=True
2026-09-06T18:51:16 INFO     app.main | Request complete request_id=305963e9-5189-439c-aa32-5d2c43f116cf method=PUT path=/api/v1/doctors/me/availability status=200 duration_ms=1.5 client=testclient
2026-09-06T18:51:16 INFO     httpx | HTTP Request: PUT http://testserver/api/v1/doctors/me/availability "HTTP/1.1 200 OK"
2026-09-06T18:51:16 INFO     app.routers.search | Doctor search requested specialty=General radius_km=20.0
2026-09-06T18:51:16 INFO     app.routers.search | Doctor search completed result_count=1
2026-09-06T18:51:16 INFO     app.main | Request complete request_id=70639292-f5ae-4f78-9c6a-2d3905752eb4 method=GET path=/api/v1/search status=200 duration_ms=3.8 client=testclient
2026-09-06T18:51:16 INFO     httpx | HTTP Request: GET http://testserver/api/v1/search?lat=10.786&lng=76.6444&specialty=General&radius_km=20 "HTTP/1.1 200 OK"
2026-09-06T18:52:39 INFO     app.main | Request complete request_id=9f95d42e-ce6f-4b73-84a1-65988eda564c method=OPTIONS path=/api/v1/admin/doctors/pending status=200 duration_ms=6.3 client=127.0.0.1
2026-09-06T18:52:39 INFO     app.main | Request complete request_id=a204154c-ae45-405e-918b-849b7c91f203 method=OPTIONS path=/api/v1/admin/doctors/pending status=200 duration_ms=17.1 client=127.0.0.1
2026-09-06T18:52:39 INFO     app.deps | Admin authentication accepted
2026-09-06T18:52:39 INFO     app.routers.admin | Admin requested pending doctor list
2026-09-06T18:52:39 INFO     app.services.supabase_store | Supabase list unverified doctors
2026-09-06T18:52:40 INFO     httpx | HTTP Request: GET https://cojqrbvczpzbvcewgxgf.supabase.co/rest/v1/doctors?select=id%2C+name%2C+specialty%2C+license_no%2C+email%2C+created_at&license_verified=eq.False&order=created_at "HTTP/2 200 OK"
2026-09-06T18:52:40 INFO     app.routers.admin | Admin pending doctor list returned count=7
2026-09-06T18:52:40 INFO     app.main | Request complete request_id=19b4dd80-f21a-4bd1-b10d-c181ced02d86 method=GET path=/api/v1/admin/doctors/pending status=200 duration_ms=796.3 client=127.0.0.1
2026-09-06T18:52:40 INFO     app.deps | Admin authentication accepted
2026-09-06T18:52:40 INFO     app.routers.admin | Admin requested pending doctor list
2026-09-06T18:52:40 INFO     app.services.supabase_store | Supabase list unverified doctors
2026-09-06T18:52:40 INFO     httpx | HTTP Request: GET https://cojqrbvczpzbvcewgxgf.supabase.co/rest/v1/doctors?select=id%2C+name%2C+specialty%2C+license_no%2C+email%2C+created_at&license_verified=eq.False&order=created_at "HTTP/2 200 OK"
2026-09-06T18:52:40 INFO     app.routers.admin | Admin pending doctor list returned count=7
2026-09-06T18:52:40 INFO     app.main | Request complete request_id=ec385383-6aea-4f2e-9c68-316e22594050 method=GET path=/api/v1/admin/doctors/pending status=200 duration_ms=196.6 client=127.0.0.1
2026-09-06T18:53:05 INFO     app.deps | Admin authentication accepted
2026-09-06T18:53:05 INFO     app.routers.admin | Admin requested pending doctor list
2026-09-06T18:53:05 INFO     app.services.supabase_store | Supabase list unverified doctors
2026-09-06T18:53:05 INFO     httpx | HTTP Request: GET https://cojqrbvczpzbvcewgxgf.supabase.co/rest/v1/doctors?select=id%2C+name%2C+specialty%2C+license_no%2C+email%2C+created_at&license_verified=eq.False&order=created_at "HTTP/2 200 OK"
2026-09-06T18:53:05 INFO     app.routers.admin | Admin pending doctor list returned count=7
2026-09-06T18:53:05 INFO     app.main | Request complete request_id=d8094eae-e1d8-45c4-bb8b-8c632bc69fca method=GET path=/api/v1/admin/doctors/pending status=200 duration_ms=436.4 client=127.0.0.1
2026-09-06T18:53:05 INFO     app.deps | Admin authentication accepted
2026-09-06T18:53:05 INFO     app.routers.admin | Admin requested pending doctor list
2026-09-06T18:53:05 INFO     app.services.supabase_store | Supabase list unverified doctors
2026-09-06T18:53:05 INFO     httpx | HTTP Request: GET https://cojqrbvczpzbvcewgxgf.supabase.co/rest/v1/doctors?select=id%2C+name%2C+specialty%2C+license_no%2C+email%2C+created_at&license_verified=eq.False&order=created_at "HTTP/2 200 OK"
2026-09-06T18:53:05 INFO     app.routers.admin | Admin pending doctor list returned count=7
2026-09-06T18:53:05 INFO     app.main | Request complete request_id=8b8211f1-bcf4-411d-9632-2ae99aec93c5 method=GET path=/api/v1/admin/doctors/pending status=200 duration_ms=110.7 client=127.0.0.1
2026-09-06T18:53:06 INFO     app.deps | Admin authentication accepted
2026-09-06T18:53:06 INFO     app.routers.admin | Admin requested pending doctor list
2026-09-06T18:53:06 INFO     app.services.supabase_store | Supabase list unverified doctors
2026-09-06T18:53:06 INFO     httpx | HTTP Request: GET https://cojqrbvczpzbvcewgxgf.supabase.co/rest/v1/doctors?select=id%2C+name%2C+specialty%2C+license_no%2C+email%2C+created_at&license_verified=eq.False&order=created_at "HTTP/2 200 OK"
2026-09-06T18:53:06 INFO     app.routers.admin | Admin pending doctor list returned count=7
2026-09-06T18:53:06 INFO     app.main | Request complete request_id=e745c919-bc63-41da-8fd5-ee37ca48a792 method=GET path=/api/v1/admin/doctors/pending status=200 duration_ms=322.8 client=127.0.0.1
2026-09-06T18:53:07 INFO     app.deps | Admin authentication accepted
2026-09-06T18:53:07 INFO     app.routers.admin | Admin requested pending doctor list
2026-09-06T18:53:07 INFO     app.services.supabase_store | Supabase list unverified doctors
2026-09-06T18:53:07 INFO     httpx | HTTP Request: GET https://cojqrbvczpzbvcewgxgf.supabase.co/rest/v1/doctors?select=id%2C+name%2C+specialty%2C+license_no%2C+email%2C+created_at&license_verified=eq.False&order=created_at "HTTP/2 200 OK"
2026-09-06T18:53:07 INFO     app.routers.admin | Admin pending doctor list returned count=7
2026-09-06T18:53:07 INFO     app.main | Request complete request_id=a8bba9c9-36b9-4532-a52e-5630949d31b3 method=GET path=/api/v1/admin/doctors/pending status=200 duration_ms=361.6 client=127.0.0.1
2026-09-06T18:53:49 INFO     app.deps | Admin authentication accepted
2026-09-06T18:53:49 INFO     app.routers.admin | Admin requested pending doctor list
2026-09-06T18:53:49 INFO     app.services.supabase_store | Supabase list unverified doctors
2026-09-06T18:53:49 INFO     httpx | HTTP Request: GET https://cojqrbvczpzbvcewgxgf.supabase.co/rest/v1/doctors?select=id%2C+name%2C+specialty%2C+license_no%2C+email%2C+created_at&license_verified=eq.False&order=created_at "HTTP/2 200 OK"
2026-09-06T18:53:49 INFO     app.routers.admin | Admin pending doctor list returned count=7
2026-09-06T18:53:49 INFO     app.main | Request complete request_id=fbce74ad-93af-4e49-8678-659c3f4654d0 method=GET path=/api/v1/admin/doctors/pending status=200 duration_ms=278.7 client=127.0.0.1
2026-09-06T18:53:49 INFO     app.deps | Admin authentication accepted
2026-09-06T18:53:49 INFO     app.routers.admin | Admin requested pending doctor list
2026-09-06T18:53:49 INFO     app.services.supabase_store | Supabase list unverified doctors
2026-09-06T18:53:49 INFO     httpx | HTTP Request: GET https://cojqrbvczpzbvcewgxgf.supabase.co/rest/v1/doctors?select=id%2C+name%2C+specialty%2C+license_no%2C+email%2C+created_at&license_verified=eq.False&order=created_at "HTTP/2 200 OK"
2026-09-06T18:53:49 INFO     app.routers.admin | Admin pending doctor list returned count=7
2026-09-06T18:53:49 INFO     app.main | Request complete request_id=b49c1bfc-f66b-450e-a57e-d77a9e786da7 method=GET path=/api/v1/admin/doctors/pending status=200 duration_ms=84.9 client=127.0.0.1
2026-09-06T18:54:12 INFO     app.main | Request complete request_id=f34c0232-c2f9-49e6-873c-2618572d9252 method=OPTIONS path=/api/v1/search status=200 duration_ms=0.8 client=127.0.0.1
2026-09-06T18:54:12 INFO     app.main | Request complete request_id=9a648c19-6c85-4c3d-a619-4a3e8e1ad5e7 method=OPTIONS path=/api/v1/search status=200 duration_ms=4.0 client=127.0.0.1
2026-09-06T18:54:12 INFO     app.routers.search | Doctor search requested specialty=all radius_km=10.0
2026-09-06T18:54:12 INFO     app.services.supabase_store | Supabase search doctors specialty=all radius_km=10.0
2026-09-06T18:54:13 INFO     httpx | HTTP Request: GET https://cojqrbvczpzbvcewgxgf.supabase.co/rest/v1/doctors?select=%2A%2C+clinics%28%2A%29%2C+availability%28%2A%29 "HTTP/2 200 OK"
2026-09-06T18:54:13 INFO     app.services.supabase_store | Supabase search doctors completed result_count=1
2026-09-06T18:54:13 INFO     app.routers.search | Doctor search completed result_count=1
2026-09-06T18:54:13 INFO     app.main | Request complete request_id=a357a2cd-5b0b-43b2-9485-76380a0aacc3 method=GET path=/api/v1/search status=200 duration_ms=432.4 client=127.0.0.1
2026-09-06T18:54:13 INFO     app.routers.search | Doctor search requested specialty=all radius_km=10.0
2026-09-06T18:54:13 INFO     app.services.supabase_store | Supabase search doctors specialty=all radius_km=10.0
2026-09-06T18:54:13 INFO     httpx | HTTP Request: GET https://cojqrbvczpzbvcewgxgf.supabase.co/rest/v1/doctors?select=%2A%2C+clinics%28%2A%29%2C+availability%28%2A%29 "HTTP/2 200 OK"
2026-09-06T18:54:13 INFO     app.services.supabase_store | Supabase search doctors completed result_count=1
2026-09-06T18:54:13 INFO     app.routers.search | Doctor search completed result_count=1
2026-09-06T18:54:13 INFO     app.main | Request complete request_id=44f8328c-ebb0-49ab-a158-302d21abd4d2 method=GET path=/api/v1/search status=200 duration_ms=190.8 client=127.0.0.1
2026-09-06T18:54:58 INFO     app.routers.search | Doctor search requested specialty=all radius_km=10.0
2026-09-06T18:54:58 INFO     app.services.supabase_store | Supabase search doctors specialty=all radius_km=10.0
2026-09-06T18:54:58 INFO     httpx | HTTP Request: GET https://cojqrbvczpzbvcewgxgf.supabase.co/rest/v1/doctors?select=%2A%2C+clinics%28%2A%29%2C+availability%28%2A%29 "HTTP/2 200 OK"
2026-09-06T18:54:58 INFO     app.services.supabase_store | Supabase search doctors completed result_count=1
2026-09-06T18:54:58 INFO     app.routers.search | Doctor search completed result_count=1
2026-09-06T18:54:58 INFO     app.main | Request complete request_id=7771e8d4-1c48-4615-9dfe-dcc441ce8e22 method=GET path=/api/v1/search status=200 duration_ms=746.9 client=127.0.0.1
2026-09-06T18:54:58 INFO     app.routers.search | Doctor search requested specialty=all radius_km=10.0
2026-09-06T18:54:58 INFO     app.services.supabase_store | Supabase search doctors specialty=all radius_km=10.0
2026-09-06T18:54:58 INFO     httpx | HTTP Request: GET https://cojqrbvczpzbvcewgxgf.supabase.co/rest/v1/doctors?select=%2A%2C+clinics%28%2A%29%2C+availability%28%2A%29 "HTTP/2 200 OK"
2026-09-06T18:54:58 INFO     app.services.supabase_store | Supabase search doctors completed result_count=1
2026-09-06T18:54:58 INFO     app.routers.search | Doctor search completed result_count=1
2026-09-06T18:54:58 INFO     app.main | Request complete request_id=24c2dd40-76e0-4e3b-9ca8-88bc19e173e1 method=GET path=/api/v1/search status=200 duration_ms=113.8 client=127.0.0.1
2026-09-06T18:54:59 INFO     app.routers.search | Doctor search requested specialty=all radius_km=10.0
2026-09-06T18:54:59 INFO     app.services.supabase_store | Supabase search doctors specialty=all radius_km=10.0
2026-09-06T18:54:59 INFO     httpx | HTTP Request: GET https://cojqrbvczpzbvcewgxgf.supabase.co/rest/v1/doctors?select=%2A%2C+clinics%28%2A%29%2C+availability%28%2A%29 "HTTP/2 200 OK"
2026-09-06T18:54:59 INFO     app.services.supabase_store | Supabase search doctors completed result_count=1
2026-09-06T18:54:59 INFO     app.routers.search | Doctor search completed result_count=1
2026-09-06T18:54:59 INFO     app.main | Request complete request_id=26daf224-7228-4a2b-a113-1b80369680c2 method=GET path=/api/v1/search status=200 duration_ms=162.0 client=127.0.0.1
2026-09-06T18:54:59 INFO     app.routers.search | Doctor search requested specialty=all radius_km=10.0
2026-09-06T18:54:59 INFO     app.services.supabase_store | Supabase search doctors specialty=all radius_km=10.0
2026-09-06T18:54:59 INFO     httpx | HTTP Request: GET https://cojqrbvczpzbvcewgxgf.supabase.co/rest/v1/doctors?select=%2A%2C+clinics%28%2A%29%2C+availability%28%2A%29 "HTTP/2 200 OK"
2026-09-06T18:54:59 INFO     app.services.supabase_store | Supabase search doctors completed result_count=1
2026-09-06T18:54:59 INFO     app.routers.search | Doctor search completed result_count=1
2026-09-06T18:54:59 INFO     app.main | Request complete request_id=1edd1eae-9e22-4aaf-83e1-4298224f1472 method=GET path=/api/v1/search status=200 duration_ms=157.5 client=127.0.0.1
2026-09-06T18:57:02 INFO     app.routers.search | Doctor search requested specialty=all radius_km=10.0
2026-09-06T18:57:02 INFO     app.services.supabase_store | Supabase search doctors specialty=all radius_km=10.0
2026-09-06T18:57:03 INFO     httpx | HTTP Request: GET https://cojqrbvczpzbvcewgxgf.supabase.co/rest/v1/doctors?select=%2A%2C+clinics%28%2A%29%2C+availability%28%2A%29 "HTTP/2 200 OK"
2026-09-06T18:57:03 INFO     app.services.supabase_store | Supabase search doctors completed result_count=1
2026-09-06T18:57:03 INFO     app.routers.search | Doctor search completed result_count=1
2026-09-06T18:57:03 INFO     app.main | Request complete request_id=32722385-94ed-43cf-8889-e8f1eecb7d46 method=GET path=/api/v1/search status=200 duration_ms=717.8 client=127.0.0.1
2026-09-06T18:58:04 INFO     app.routers.search | Doctor search requested specialty=all radius_km=10.0
2026-09-06T18:58:04 INFO     app.services.supabase_store | Supabase search doctors specialty=all radius_km=10.0
2026-09-06T18:58:04 INFO     httpx | HTTP Request: GET https://cojqrbvczpzbvcewgxgf.supabase.co/rest/v1/doctors?select=%2A%2C+clinics%28%2A%29%2C+availability%28%2A%29 "HTTP/2 200 OK"
2026-09-06T18:58:04 INFO     app.services.supabase_store | Supabase search doctors completed result_count=1
2026-09-06T18:58:04 INFO     app.routers.search | Doctor search completed result_count=1
2026-09-06T18:58:04 INFO     app.main | Request complete request_id=d2dee525-9bd6-4f42-a784-8f2e0946d952 method=GET path=/api/v1/search status=200 duration_ms=277.5 client=127.0.0.1
2026-09-06T18:58:04 INFO     app.routers.search | Doctor search requested specialty=all radius_km=10.0
2026-09-06T18:58:04 INFO     app.services.supabase_store | Supabase search doctors specialty=all radius_km=10.0
2026-09-06T18:58:05 INFO     httpx | HTTP Request: GET https://cojqrbvczpzbvcewgxgf.supabase.co/rest/v1/doctors?select=%2A%2C+clinics%28%2A%29%2C+availability%28%2A%29 "HTTP/2 200 OK"
2026-09-06T18:58:05 INFO     app.services.supabase_store | Supabase search doctors completed result_count=1
2026-09-06T18:58:05 INFO     app.routers.search | Doctor search completed result_count=1
2026-09-06T18:58:05 INFO     app.main | Request complete request_id=b23eeee5-8de4-4059-9aff-81ae2300a4fc method=GET path=/api/v1/search status=200 duration_ms=79.2 client=127.0.0.1
2026-09-06T18:58:27 INFO     app.main | Application shutting down
2026-09-06T18:58:31 INFO     app.main | Application starting environment=development debug=True
2026-09-06T18:58:43 INFO     app.routers.search | Doctor search requested specialty=all radius_km=10.0
2026-09-06T18:58:43 INFO     app.services.supabase_store | Supabase search doctors specialty=all radius_km=10.0
2026-09-06T18:58:43 INFO     app.services.supabase_store | Creating Supabase client
2026-09-06T18:58:44 INFO     app.db | Initializing Supabase service-role client
2026-09-06T18:58:46 INFO     httpx | HTTP Request: GET https://cojqrbvczpzbvcewgxgf.supabase.co/rest/v1/doctors?select=%2A%2C+clinics%28%2A%29%2C+availability%28%2A%29 "HTTP/2 200 OK"
2026-09-06T18:58:46 INFO     app.services.supabase_store | Supabase search doctors completed result_count=1
2026-09-06T18:58:46 INFO     app.routers.search | Doctor search completed result_count=1
2026-09-06T18:58:46 INFO     app.main | Request complete request_id=73b36592-0ff6-4203-af45-5e233649bfd4 method=GET path=/api/v1/search status=200 duration_ms=2313.2 client=127.0.0.1
2026-09-06T18:58:46 INFO     app.routers.search | Doctor search requested specialty=all radius_km=10.0
2026-09-06T18:58:46 INFO     app.services.supabase_store | Supabase search doctors specialty=all radius_km=10.0
2026-09-06T18:58:46 INFO     httpx | HTTP Request: GET https://cojqrbvczpzbvcewgxgf.supabase.co/rest/v1/doctors?select=%2A%2C+clinics%28%2A%29%2C+availability%28%2A%29 "HTTP/2 200 OK"
2026-09-06T18:58:46 INFO     app.services.supabase_store | Supabase search doctors completed result_count=1
2026-09-06T18:58:46 INFO     app.routers.search | Doctor search completed result_count=1
2026-09-06T18:58:46 INFO     app.main | Request complete request_id=9e6497d8-831d-4d29-abce-b64290dbb246 method=GET path=/api/v1/search status=200 duration_ms=84.2 client=127.0.0.1
2026-09-06T18:58:47 INFO     app.routers.search | Doctor search requested specialty=all radius_km=10.0
2026-09-06T18:58:47 INFO     app.services.supabase_store | Supabase search doctors specialty=all radius_km=10.0
2026-09-06T18:58:47 INFO     httpx | HTTP Request: GET https://cojqrbvczpzbvcewgxgf.supabase.co/rest/v1/doctors?select=%2A%2C+clinics%28%2A%29%2C+availability%28%2A%29 "HTTP/2 200 OK"
2026-09-06T18:58:47 INFO     app.services.supabase_store | Supabase search doctors completed result_count=1
2026-09-06T18:58:47 INFO     app.routers.search | Doctor search completed result_count=1
2026-09-06T18:58:47 INFO     app.main | Request complete request_id=ccdea1f7-d039-4a01-aad9-77058cbd7d5e method=GET path=/api/v1/search status=200 duration_ms=73.0 client=127.0.0.1
2026-09-06T18:58:47 INFO     app.routers.search | Doctor search requested specialty=all radius_km=10.0
2026-09-06T18:58:47 INFO     app.services.supabase_store | Supabase search doctors specialty=all radius_km=10.0
2026-09-06T18:58:47 INFO     httpx | HTTP Request: GET https://cojqrbvczpzbvcewgxgf.supabase.co/rest/v1/doctors?select=%2A%2C+clinics%28%2A%29%2C+availability%28%2A%29 "HTTP/2 200 OK"
2026-09-06T18:58:47 INFO     app.services.supabase_store | Supabase search doctors completed result_count=1
2026-09-06T18:58:47 INFO     app.routers.search | Doctor search completed result_count=1
2026-09-06T18:58:47 INFO     app.main | Request complete request_id=7b9e042a-e631-4e9b-ba19-60750931bca2 method=GET path=/api/v1/search status=200 duration_ms=66.0 client=127.0.0.1
2026-09-06T18:58:53 INFO     app.main | Request complete request_id=69f952fb-d74d-4e2a-b9c4-264dc75ce331 method=OPTIONS path=/api/v1/doctors/me status=200 duration_ms=0.8 client=127.0.0.1
2026-09-06T18:58:53 INFO     app.main | Request complete request_id=6b89a2cc-3478-4bb6-9b7e-9e92e4fe1c36 method=OPTIONS path=/api/v1/doctors/me status=200 duration_ms=2.4 client=127.0.0.1
2026-09-06T18:58:53 INFO     app.routers.doctors | Doctor profile requested doctor_id=f3943902-8deb-4555-ba79-8c520be85999
2026-09-06T18:58:53 INFO     httpx | HTTP Request: GET https://cojqrbvczpzbvcewgxgf.supabase.co/rest/v1/doctors?select=%2A&id=eq.f3943902-8deb-4555-ba79-8c520be85999 "HTTP/2 200 OK"
2026-09-06T18:58:53 INFO     httpx | HTTP Request: GET https://cojqrbvczpzbvcewgxgf.supabase.co/rest/v1/clinics?select=%2A&doctor_id=eq.f3943902-8deb-4555-ba79-8c520be85999 "HTTP/2 200 OK"
2026-09-06T18:58:53 INFO     app.main | Request complete request_id=a785c734-591c-4005-a283-822a1c299641 method=GET path=/api/v1/doctors/me status=200 duration_ms=323.6 client=127.0.0.1
2026-09-06T18:58:53 INFO     app.routers.doctors | Doctor profile requested doctor_id=f3943902-8deb-4555-ba79-8c520be85999
2026-09-06T18:58:53 INFO     httpx | HTTP Request: GET https://cojqrbvczpzbvcewgxgf.supabase.co/rest/v1/doctors?select=%2A&id=eq.f3943902-8deb-4555-ba79-8c520be85999 "HTTP/2 200 OK"
2026-09-06T18:58:53 INFO     httpx | HTTP Request: GET https://cojqrbvczpzbvcewgxgf.supabase.co/rest/v1/clinics?select=%2A&doctor_id=eq.f3943902-8deb-4555-ba79-8c520be85999 "HTTP/2 200 OK"
2026-09-06T18:58:53 INFO     app.main | Request complete request_id=603bcce4-7013-4a97-94b2-189a7530a7e7 method=GET path=/api/v1/doctors/me status=200 duration_ms=153.6 client=127.0.0.1
2026-09-06T18:59:05 INFO     app.routers.doctors | Doctor profile requested doctor_id=f3943902-8deb-4555-ba79-8c520be85999
2026-09-06T18:59:05 INFO     httpx | HTTP Request: GET https://cojqrbvczpzbvcewgxgf.supabase.co/rest/v1/doctors?select=%2A&id=eq.f3943902-8deb-4555-ba79-8c520be85999 "HTTP/2 200 OK"
2026-09-06T18:59:05 INFO     httpx | HTTP Request: GET https://cojqrbvczpzbvcewgxgf.supabase.co/rest/v1/clinics?select=%2A&doctor_id=eq.f3943902-8deb-4555-ba79-8c520be85999 "HTTP/2 200 OK"
2026-09-06T18:59:05 INFO     app.main | Request complete request_id=889374f3-2a9a-48a8-b4ed-8aadb3d6724d method=GET path=/api/v1/doctors/me status=200 duration_ms=285.3 client=127.0.0.1
2026-09-06T18:59:05 INFO     app.routers.doctors | Doctor profile requested doctor_id=f3943902-8deb-4555-ba79-8c520be85999
2026-09-06T18:59:05 INFO     httpx | HTTP Request: GET https://cojqrbvczpzbvcewgxgf.supabase.co/rest/v1/doctors?select=%2A&id=eq.f3943902-8deb-4555-ba79-8c520be85999 "HTTP/2 200 OK"
2026-09-06T18:59:05 INFO     httpx | HTTP Request: GET https://cojqrbvczpzbvcewgxgf.supabase.co/rest/v1/clinics?select=%2A&doctor_id=eq.f3943902-8deb-4555-ba79-8c520be85999 "HTTP/2 200 OK"
2026-09-06T18:59:05 INFO     app.main | Request complete request_id=4f6e78b0-1f69-41f1-a9c9-9c6dded0b470 method=GET path=/api/v1/doctors/me status=200 duration_ms=148.1 client=127.0.0.1
2026-09-06T19:03:27 INFO     app.routers.doctors | Doctor profile requested doctor_id=f3943902-8deb-4555-ba79-8c520be85999
2026-09-06T19:03:28 INFO     httpx | HTTP Request: GET https://cojqrbvczpzbvcewgxgf.supabase.co/rest/v1/doctors?select=%2A&id=eq.f3943902-8deb-4555-ba79-8c520be85999 "HTTP/2 200 OK"
2026-09-06T19:03:28 INFO     httpx | HTTP Request: GET https://cojqrbvczpzbvcewgxgf.supabase.co/rest/v1/clinics?select=%2A&doctor_id=eq.f3943902-8deb-4555-ba79-8c520be85999 "HTTP/2 200 OK"
2026-09-06T19:03:28 INFO     app.main | Request complete request_id=2b2c325d-2380-4435-82b4-be2552cad5d9 method=GET path=/api/v1/doctors/me status=200 duration_ms=895.0 client=127.0.0.1
2026-09-06T19:03:28 INFO     app.routers.doctors | Doctor profile requested doctor_id=f3943902-8deb-4555-ba79-8c520be85999
2026-09-06T19:03:28 INFO     httpx | HTTP Request: GET https://cojqrbvczpzbvcewgxgf.supabase.co/rest/v1/doctors?select=%2A&id=eq.f3943902-8deb-4555-ba79-8c520be85999 "HTTP/2 200 OK"
2026-09-06T19:03:28 INFO     httpx | HTTP Request: GET https://cojqrbvczpzbvcewgxgf.supabase.co/rest/v1/clinics?select=%2A&doctor_id=eq.f3943902-8deb-4555-ba79-8c520be85999 "HTTP/2 200 OK"
2026-09-06T19:03:28 INFO     app.main | Request complete request_id=a5fa5782-d678-46ca-8bb1-de04feb51bb2 method=GET path=/api/v1/doctors/me status=200 duration_ms=156.6 client=127.0.0.1
2026-09-07T11:16:54 INFO     app.main | Request complete request_id=75a8c11f-0862-420c-a7a8-c2c68f790913 method=OPTIONS path=/api/v1/doctors/me status=200 duration_ms=55.7 client=127.0.0.1
2026-09-07T11:16:54 INFO     app.main | Request complete request_id=7d6d61e3-73d5-4a32-9b07-b71788d68ae4 method=OPTIONS path=/api/v1/doctors/me status=200 duration_ms=140.0 client=127.0.0.1
2026-09-07T11:16:54 INFO     app.routers.doctors | Doctor profile requested doctor_id=f3943902-8deb-4555-ba79-8c520be85999
2026-09-07T11:16:54 ERROR    app.main | Request failed request_id=06a5a869-ceb8-4ace-a5ea-64b13857a8e9 method=GET path=/api/v1/doctors/me
Traceback (most recent call last):
  File "C:\new\doctorundo\.venv\Lib\site-packages\httpx\_transports\default.py", line 101, in map_httpcore_exceptions
    yield
  File "C:\new\doctorundo\.venv\Lib\site-packages\httpx\_transports\default.py", line 250, in handle_request
    resp = self._pool.handle_request(req)
           ^^^^^^^^^^^^^^^^^^^^^^^^^^^^^^
  File "C:\new\doctorundo\.venv\Lib\site-packages\httpcore\_sync\connection_pool.py", line 256, in handle_request
    raise exc from None
  File "C:\new\doctorundo\.venv\Lib\site-packages\httpcore\_sync\connection_pool.py", line 236, in handle_request
    response = connection.handle_request(
               ^^^^^^^^^^^^^^^^^^^^^^^^^^
  File "C:\new\doctorundo\.venv\Lib\site-packages\httpcore\_sync\connection.py", line 101, in handle_request
    raise exc
  File "C:\new\doctorundo\.venv\Lib\site-packages\httpcore\_sync\connection.py", line 78, in handle_request
    stream = self._connect(request)
             ^^^^^^^^^^^^^^^^^^^^^^
  File "C:\new\doctorundo\.venv\Lib\site-packages\httpcore\_sync\connection.py", line 124, in _connect
    stream = self._network_backend.connect_tcp(**kwargs)
             ^^^^^^^^^^^^^^^^^^^^^^^^^^^^^^^^^^^^^^^^^^^
  File "C:\new\doctorundo\.venv\Lib\site-packages\httpcore\_backends\sync.py", line 207, in connect_tcp
    with map_exceptions(exc_map):
         ^^^^^^^^^^^^^^^^^^^^^^^
  File "C:\Users\clash\anaconda3\Lib\contextlib.py", line 158, in __exit__
    self.gen.throw(value)
  File "C:\new\doctorundo\.venv\Lib\site-packages\httpcore\_exceptions.py", line 14, in map_exceptions
    raise to_exc(exc) from exc
httpcore.ConnectError: [Errno 11001] getaddrinfo failed

The above exception was the direct cause of the following exception:

Traceback (most recent call last):
  File "C:\new\doctorundo\backend\app\main.py", line 47, in log_request
    response = await call_next(request)
               ^^^^^^^^^^^^^^^^^^^^^^^^
  File "C:\new\doctorundo\.venv\Lib\site-packages\starlette\middleware\base.py", line 84, in call_next
    raise app_exc
  File "C:\new\doctorundo\.venv\Lib\site-packages\starlette\middleware\base.py", line 70, in coro
    await self.app(scope, receive_or_disconnect, send_no_error)
  File "C:\new\doctorundo\.venv\Lib\site-packages\starlette\middleware\cors.py", line 91, in __call__
    await self.simple_response(scope, receive, send, request_headers=headers)
  File "C:\new\doctorundo\.venv\Lib\site-packages\starlette\middleware\cors.py", line 146, in simple_response
    await self.app(scope, receive, send)
  File "C:\new\doctorundo\.venv\Lib\site-packages\starlette\middleware\exceptions.py", line 79, in __call__
    raise exc
  File "C:\new\doctorundo\.venv\Lib\site-packages\starlette\middleware\exceptions.py", line 68, in __call__
    await self.app(scope, receive, sender)
  File "C:\new\doctorundo\.venv\Lib\site-packages\fastapi\middleware\asyncexitstack.py", line 20, in __call__
    raise e
  File "C:\new\doctorundo\.venv\Lib\site-packages\fastapi\middleware\asyncexitstack.py", line 17, in __call__
    await self.app(scope, receive, send)
  File "C:\new\doctorundo\.venv\Lib\site-packages\starlette\routing.py", line 718, in __call__
    await route.handle(scope, receive, send)
  File "C:\new\doctorundo\.venv\Lib\site-packages\starlette\routing.py", line 276, in handle
    await self.app(scope, receive, send)
  File "C:\new\doctorundo\.venv\Lib\site-packages\starlette\routing.py", line 66, in app
    response = await func(request)
               ^^^^^^^^^^^^^^^^^^^
  File "C:\new\doctorundo\.venv\Lib\site-packages\fastapi\routing.py", line 274, in app
    raw_response = await run_endpoint_function(
                   ^^^^^^^^^^^^^^^^^^^^^^^^^^^^
  File "C:\new\doctorundo\.venv\Lib\site-packages\fastapi\routing.py", line 191, in run_endpoint_function
    return await dependant.call(**values)
           ^^^^^^^^^^^^^^^^^^^^^^^^^^^^^^
  File "C:\new\doctorundo\backend\app\routers\doctors.py", line 64, in get_doctor_profile
    doctor = supabase_store.get_doctor_by_id(doctor_id)
             ^^^^^^^^^^^^^^^^^^^^^^^^^^^^^^^^^^^^^^^^^^
  File "C:\new\doctorundo\backend\app\services\supabase_store.py", line 53, in get_doctor_by_id
    response = self.client.table("doctors").select("*").eq("id", doctor_id).execute()
               ^^^^^^^^^^^^^^^^^^^^^^^^^^^^^^^^^^^^^^^^^^^^^^^^^^^^^^^^^^^^^^^^^^^^^^
  File "C:\new\doctorundo\.venv\Lib\site-packages\postgrest\_sync\request_builder.py", line 58, in execute
    r = self.session.request(
        ^^^^^^^^^^^^^^^^^^^^^
  File "C:\new\doctorundo\.venv\Lib\site-packages\httpx\_client.py", line 825, in request
    return self.send(request, auth=auth, follow_redirects=follow_redirects)
           ^^^^^^^^^^^^^^^^^^^^^^^^^^^^^^^^^^^^^^^^^^^^^^^^^^^^^^^^^^^^^^^^
  File "C:\new\doctorundo\.venv\Lib\site-packages\httpx\_client.py", line 914, in send
    response = self._send_handling_auth(
               ^^^^^^^^^^^^^^^^^^^^^^^^^
  File "C:\new\doctorundo\.venv\Lib\site-packages\httpx\_client.py", line 942, in _send_handling_auth
    response = self._send_handling_redirects(
               ^^^^^^^^^^^^^^^^^^^^^^^^^^^^^^
  File "C:\new\doctorundo\.venv\Lib\site-packages\httpx\_client.py", line 979, in _send_handling_redirects
    response = self._send_single_request(request)
               ^^^^^^^^^^^^^^^^^^^^^^^^^^^^^^^^^^
  File "C:\new\doctorundo\.venv\Lib\site-packages\httpx\_client.py", line 1014, in _send_single_request
    response = transport.handle_request(request)
               ^^^^^^^^^^^^^^^^^^^^^^^^^^^^^^^^^
  File "C:\new\doctorundo\.venv\Lib\site-packages\httpx\_transports\default.py", line 249, in handle_request
    with map_httpcore_exceptions():
         ^^^^^^^^^^^^^^^^^^^^^^^^^
  File "C:\Users\clash\anaconda3\Lib\contextlib.py", line 158, in __exit__
    self.gen.throw(value)
  File "C:\new\doctorundo\.venv\Lib\site-packages\httpx\_transports\default.py", line 118, in map_httpcore_exceptions
    raise mapped_exc(message) from exc
httpx.ConnectError: [Errno 11001] getaddrinfo failed
2026-09-07T11:16:56 INFO     app.routers.doctors | Doctor profile requested doctor_id=f3943902-8deb-4555-ba79-8c520be85999
2026-09-07T11:16:56 ERROR    app.main | Request failed request_id=c225f548-0135-40dd-9dc9-056c7d496a1b method=GET path=/api/v1/doctors/me
Traceback (most recent call last):
  File "C:\new\doctorundo\.venv\Lib\site-packages\httpx\_transports\default.py", line 101, in map_httpcore_exceptions
    yield
  File "C:\new\doctorundo\.venv\Lib\site-packages\httpx\_transports\default.py", line 250, in handle_request
    resp = self._pool.handle_request(req)
           ^^^^^^^^^^^^^^^^^^^^^^^^^^^^^^
  File "C:\new\doctorundo\.venv\Lib\site-packages\httpcore\_sync\connection_pool.py", line 256, in handle_request
    raise exc from None
  File "C:\new\doctorundo\.venv\Lib\site-packages\httpcore\_sync\connection_pool.py", line 236, in handle_request
    response = connection.handle_request(
               ^^^^^^^^^^^^^^^^^^^^^^^^^^
  File "C:\new\doctorundo\.venv\Lib\site-packages\httpcore\_sync\connection.py", line 101, in handle_request
    raise exc
  File "C:\new\doctorundo\.venv\Lib\site-packages\httpcore\_sync\connection.py", line 78, in handle_request
    stream = self._connect(request)
             ^^^^^^^^^^^^^^^^^^^^^^
  File "C:\new\doctorundo\.venv\Lib\site-packages\httpcore\_sync\connection.py", line 124, in _connect
    stream = self._network_backend.connect_tcp(**kwargs)
             ^^^^^^^^^^^^^^^^^^^^^^^^^^^^^^^^^^^^^^^^^^^
  File "C:\new\doctorundo\.venv\Lib\site-packages\httpcore\_backends\sync.py", line 207, in connect_tcp
    with map_exceptions(exc_map):
         ^^^^^^^^^^^^^^^^^^^^^^^
  File "C:\Users\clash\anaconda3\Lib\contextlib.py", line 158, in __exit__
    self.gen.throw(value)
  File "C:\new\doctorundo\.venv\Lib\site-packages\httpcore\_exceptions.py", line 14, in map_exceptions
    raise to_exc(exc) from exc
httpcore.ConnectError: [Errno 11001] getaddrinfo failed

The above exception was the direct cause of the following exception:

Traceback (most recent call last):
  File "C:\new\doctorundo\backend\app\main.py", line 47, in log_request
    response = await call_next(request)
               ^^^^^^^^^^^^^^^^^^^^^^^^
  File "C:\new\doctorundo\.venv\Lib\site-packages\starlette\middleware\base.py", line 84, in call_next
    raise app_exc
  File "C:\new\doctorundo\.venv\Lib\site-packages\starlette\middleware\base.py", line 70, in coro
    await self.app(scope, receive_or_disconnect, send_no_error)
  File "C:\new\doctorundo\.venv\Lib\site-packages\starlette\middleware\cors.py", line 91, in __call__
    await self.simple_response(scope, receive, send, request_headers=headers)
  File "C:\new\doctorundo\.venv\Lib\site-packages\starlette\middleware\cors.py", line 146, in simple_response
    await self.app(scope, receive, send)
  File "C:\new\doctorundo\.venv\Lib\site-packages\starlette\middleware\exceptions.py", line 79, in __call__
    raise exc
  File "C:\new\doctorundo\.venv\Lib\site-packages\starlette\middleware\exceptions.py", line 68, in __call__
    await self.app(scope, receive, sender)
  File "C:\new\doctorundo\.venv\Lib\site-packages\fastapi\middleware\asyncexitstack.py", line 20, in __call__
    raise e
  File "C:\new\doctorundo\.venv\Lib\site-packages\fastapi\middleware\asyncexitstack.py", line 17, in __call__
    await self.app(scope, receive, send)
  File "C:\new\doctorundo\.venv\Lib\site-packages\starlette\routing.py", line 718, in __call__
    await route.handle(scope, receive, send)
  File "C:\new\doctorundo\.venv\Lib\site-packages\starlette\routing.py", line 276, in handle
    await self.app(scope, receive, send)
  File "C:\new\doctorundo\.venv\Lib\site-packages\starlette\routing.py", line 66, in app
    response = await func(request)
               ^^^^^^^^^^^^^^^^^^^
  File "C:\new\doctorundo\.venv\Lib\site-packages\fastapi\routing.py", line 274, in app
    raw_response = await run_endpoint_function(
                   ^^^^^^^^^^^^^^^^^^^^^^^^^^^^
  File "C:\new\doctorundo\.venv\Lib\site-packages\fastapi\routing.py", line 191, in run_endpoint_function
    return await dependant.call(**values)
           ^^^^^^^^^^^^^^^^^^^^^^^^^^^^^^
  File "C:\new\doctorundo\backend\app\routers\doctors.py", line 64, in get_doctor_profile
    doctor = supabase_store.get_doctor_by_id(doctor_id)
             ^^^^^^^^^^^^^^^^^^^^^^^^^^^^^^^^^^^^^^^^^^
  File "C:\new\doctorundo\backend\app\services\supabase_store.py", line 53, in get_doctor_by_id
    response = self.client.table("doctors").select("*").eq("id", doctor_id).execute()
               ^^^^^^^^^^^^^^^^^^^^^^^^^^^^^^^^^^^^^^^^^^^^^^^^^^^^^^^^^^^^^^^^^^^^^^
  File "C:\new\doctorundo\.venv\Lib\site-packages\postgrest\_sync\request_builder.py", line 58, in execute
    r = self.session.request(
        ^^^^^^^^^^^^^^^^^^^^^
  File "C:\new\doctorundo\.venv\Lib\site-packages\httpx\_client.py", line 825, in request
    return self.send(request, auth=auth, follow_redirects=follow_redirects)
           ^^^^^^^^^^^^^^^^^^^^^^^^^^^^^^^^^^^^^^^^^^^^^^^^^^^^^^^^^^^^^^^^
  File "C:\new\doctorundo\.venv\Lib\site-packages\httpx\_client.py", line 914, in send
    response = self._send_handling_auth(
               ^^^^^^^^^^^^^^^^^^^^^^^^^
  File "C:\new\doctorundo\.venv\Lib\site-packages\httpx\_client.py", line 942, in _send_handling_auth
    response = self._send_handling_redirects(
               ^^^^^^^^^^^^^^^^^^^^^^^^^^^^^^
  File "C:\new\doctorundo\.venv\Lib\site-packages\httpx\_client.py", line 979, in _send_handling_redirects
    response = self._send_single_request(request)
               ^^^^^^^^^^^^^^^^^^^^^^^^^^^^^^^^^^
  File "C:\new\doctorundo\.venv\Lib\site-packages\httpx\_client.py", line 1014, in _send_single_request
    response = transport.handle_request(request)
               ^^^^^^^^^^^^^^^^^^^^^^^^^^^^^^^^^
  File "C:\new\doctorundo\.venv\Lib\site-packages\httpx\_transports\default.py", line 249, in handle_request
    with map_httpcore_exceptions():
         ^^^^^^^^^^^^^^^^^^^^^^^^^
  File "C:\Users\clash\anaconda3\Lib\contextlib.py", line 158, in __exit__
    self.gen.throw(value)
  File "C:\new\doctorundo\.venv\Lib\site-packages\httpx\_transports\default.py", line 118, in map_httpcore_exceptions
    raise mapped_exc(message) from exc
httpx.ConnectError: [Errno 11001] getaddrinfo failed
2026-09-07T11:16:56 INFO     app.routers.doctors | Doctor profile requested doctor_id=f3943902-8deb-4555-ba79-8c520be85999
2026-09-07T11:16:56 ERROR    app.main | Request failed request_id=5b949a4f-0dfe-4757-8729-af368291bbd1 method=GET path=/api/v1/doctors/me
Traceback (most recent call last):
  File "C:\new\doctorundo\.venv\Lib\site-packages\httpx\_transports\default.py", line 101, in map_httpcore_exceptions
    yield
  File "C:\new\doctorundo\.venv\Lib\site-packages\httpx\_transports\default.py", line 250, in handle_request
    resp = self._pool.handle_request(req)
           ^^^^^^^^^^^^^^^^^^^^^^^^^^^^^^
  File "C:\new\doctorundo\.venv\Lib\site-packages\httpcore\_sync\connection_pool.py", line 256, in handle_request
    raise exc from None
  File "C:\new\doctorundo\.venv\Lib\site-packages\httpcore\_sync\connection_pool.py", line 236, in handle_request
    response = connection.handle_request(
               ^^^^^^^^^^^^^^^^^^^^^^^^^^
  File "C:\new\doctorundo\.venv\Lib\site-packages\httpcore\_sync\connection.py", line 101, in handle_request
    raise exc
  File "C:\new\doctorundo\.venv\Lib\site-packages\httpcore\_sync\connection.py", line 78, in handle_request
    stream = self._connect(request)
             ^^^^^^^^^^^^^^^^^^^^^^
  File "C:\new\doctorundo\.venv\Lib\site-packages\httpcore\_sync\connection.py", line 124, in _connect
    stream = self._network_backend.connect_tcp(**kwargs)
             ^^^^^^^^^^^^^^^^^^^^^^^^^^^^^^^^^^^^^^^^^^^
  File "C:\new\doctorundo\.venv\Lib\site-packages\httpcore\_backends\sync.py", line 207, in connect_tcp
    with map_exceptions(exc_map):
         ^^^^^^^^^^^^^^^^^^^^^^^
  File "C:\Users\clash\anaconda3\Lib\contextlib.py", line 158, in __exit__
    self.gen.throw(value)
  File "C:\new\doctorundo\.venv\Lib\site-packages\httpcore\_exceptions.py", line 14, in map_exceptions
    raise to_exc(exc) from exc
httpcore.ConnectError: [Errno 11001] getaddrinfo failed

The above exception was the direct cause of the following exception:

Traceback (most recent call last):
  File "C:\new\doctorundo\backend\app\main.py", line 47, in log_request
    response = await call_next(request)
               ^^^^^^^^^^^^^^^^^^^^^^^^
  File "C:\new\doctorundo\.venv\Lib\site-packages\starlette\middleware\base.py", line 84, in call_next
    raise app_exc
  File "C:\new\doctorundo\.venv\Lib\site-packages\starlette\middleware\base.py", line 70, in coro
    await self.app(scope, receive_or_disconnect, send_no_error)
  File "C:\new\doctorundo\.venv\Lib\site-packages\starlette\middleware\cors.py", line 91, in __call__
    await self.simple_response(scope, receive, send, request_headers=headers)
  File "C:\new\doctorundo\.venv\Lib\site-packages\starlette\middleware\cors.py", line 146, in simple_response
    await self.app(scope, receive, send)
  File "C:\new\doctorundo\.venv\Lib\site-packages\starlette\middleware\exceptions.py", line 79, in __call__
    raise exc
  File "C:\new\doctorundo\.venv\Lib\site-packages\starlette\middleware\exceptions.py", line 68, in __call__
    await self.app(scope, receive, sender)
  File "C:\new\doctorundo\.venv\Lib\site-packages\fastapi\middleware\asyncexitstack.py", line 20, in __call__
    raise e
  File "C:\new\doctorundo\.venv\Lib\site-packages\fastapi\middleware\asyncexitstack.py", line 17, in __call__
    await self.app(scope, receive, send)
  File "C:\new\doctorundo\.venv\Lib\site-packages\starlette\routing.py", line 718, in __call__
    await route.handle(scope, receive, send)
  File "C:\new\doctorundo\.venv\Lib\site-packages\starlette\routing.py", line 276, in handle
    await self.app(scope, receive, send)
  File "C:\new\doctorundo\.venv\Lib\site-packages\starlette\routing.py", line 66, in app
    response = await func(request)
               ^^^^^^^^^^^^^^^^^^^
  File "C:\new\doctorundo\.venv\Lib\site-packages\fastapi\routing.py", line 274, in app
    raw_response = await run_endpoint_function(
                   ^^^^^^^^^^^^^^^^^^^^^^^^^^^^
  File "C:\new\doctorundo\.venv\Lib\site-packages\fastapi\routing.py", line 191, in run_endpoint_function
    return await dependant.call(**values)
           ^^^^^^^^^^^^^^^^^^^^^^^^^^^^^^
  File "C:\new\doctorundo\backend\app\routers\doctors.py", line 64, in get_doctor_profile
    doctor = supabase_store.get_doctor_by_id(doctor_id)
             ^^^^^^^^^^^^^^^^^^^^^^^^^^^^^^^^^^^^^^^^^^
  File "C:\new\doctorundo\backend\app\services\supabase_store.py", line 53, in get_doctor_by_id
    response = self.client.table("doctors").select("*").eq("id", doctor_id).execute()
               ^^^^^^^^^^^^^^^^^^^^^^^^^^^^^^^^^^^^^^^^^^^^^^^^^^^^^^^^^^^^^^^^^^^^^^
  File "C:\new\doctorundo\.venv\Lib\site-packages\postgrest\_sync\request_builder.py", line 58, in execute
    r = self.session.request(
        ^^^^^^^^^^^^^^^^^^^^^
  File "C:\new\doctorundo\.venv\Lib\site-packages\httpx\_client.py", line 825, in request
    return self.send(request, auth=auth, follow_redirects=follow_redirects)
           ^^^^^^^^^^^^^^^^^^^^^^^^^^^^^^^^^^^^^^^^^^^^^^^^^^^^^^^^^^^^^^^^
  File "C:\new\doctorundo\.venv\Lib\site-packages\httpx\_client.py", line 914, in send
    response = self._send_handling_auth(
               ^^^^^^^^^^^^^^^^^^^^^^^^^
  File "C:\new\doctorundo\.venv\Lib\site-packages\httpx\_client.py", line 942, in _send_handling_auth
    response = self._send_handling_redirects(
               ^^^^^^^^^^^^^^^^^^^^^^^^^^^^^^
  File "C:\new\doctorundo\.venv\Lib\site-packages\httpx\_client.py", line 979, in _send_handling_redirects
    response = self._send_single_request(request)
               ^^^^^^^^^^^^^^^^^^^^^^^^^^^^^^^^^^
  File "C:\new\doctorundo\.venv\Lib\site-packages\httpx\_client.py", line 1014, in _send_single_request
    response = transport.handle_request(request)
               ^^^^^^^^^^^^^^^^^^^^^^^^^^^^^^^^^
  File "C:\new\doctorundo\.venv\Lib\site-packages\httpx\_transports\default.py", line 249, in handle_request
    with map_httpcore_exceptions():
         ^^^^^^^^^^^^^^^^^^^^^^^^^
  File "C:\Users\clash\anaconda3\Lib\contextlib.py", line 158, in __exit__
    self.gen.throw(value)
  File "C:\new\doctorundo\.venv\Lib\site-packages\httpx\_transports\default.py", line 118, in map_httpcore_exceptions
    raise mapped_exc(message) from exc
httpx.ConnectError: [Errno 11001] getaddrinfo failed
2026-09-08T10:35:04 INFO     app.main | Request complete request_id=3251a50f-b33f-4911-a67e-a28e7ccf193e method=OPTIONS path=/api/v1/doctors/me status=200 duration_ms=94.5 client=127.0.0.1
2026-09-08T10:35:04 INFO     app.main | Request complete request_id=fef36469-3832-4aaf-a0e4-2c42feac4a3c method=OPTIONS path=/api/v1/doctors/me status=200 duration_ms=111.8 client=127.0.0.1
2026-09-08T10:35:04 INFO     app.routers.doctors | Doctor profile requested doctor_id=f3943902-8deb-4555-ba79-8c520be85999
2026-09-08T10:35:05 INFO     httpx | HTTP Request: GET https://cojqrbvczpzbvcewgxgf.supabase.co/rest/v1/doctors?select=%2A&id=eq.f3943902-8deb-4555-ba79-8c520be85999 "HTTP/2 200 OK"
2026-09-08T10:35:05 INFO     httpx | HTTP Request: GET https://cojqrbvczpzbvcewgxgf.supabase.co/rest/v1/clinics?select=%2A&doctor_id=eq.f3943902-8deb-4555-ba79-8c520be85999 "HTTP/2 200 OK"
2026-09-08T10:35:05 INFO     app.main | Request complete request_id=c9098d01-37fc-44e0-9197-d9adfdc34ab8 method=GET path=/api/v1/doctors/me status=200 duration_ms=1413.5 client=127.0.0.1
2026-09-08T10:38:16 INFO     app.main | Request complete request_id=ea55f17e-d861-4d47-8820-d9b3f328ff30 method=OPTIONS path=/api/v1/search status=200 duration_ms=10.7 client=127.0.0.1
2026-09-08T10:38:16 INFO     app.main | Request complete request_id=d230d7d5-1757-4873-bf1b-06de18d2e6f0 method=OPTIONS path=/api/v1/search status=200 duration_ms=23.4 client=127.0.0.1
2026-09-08T10:38:16 INFO     app.routers.search | Doctor search requested specialty=all radius_km=10.0
2026-09-08T10:38:16 INFO     app.services.supabase_store | Supabase search doctors specialty=all radius_km=10.0
2026-09-08T10:38:17 INFO     httpx | HTTP Request: GET https://cojqrbvczpzbvcewgxgf.supabase.co/rest/v1/doctors?select=%2A%2C+clinics%28%2A%29%2C+availability%28%2A%29 "HTTP/2 200 OK"
2026-09-08T10:38:17 INFO     app.services.supabase_store | Supabase search doctors completed result_count=1
2026-09-08T10:38:17 INFO     app.routers.search | Doctor search completed result_count=1
2026-09-08T10:38:17 INFO     app.main | Request complete request_id=da90837e-e0cd-43eb-85f8-ca88e13eefbb method=GET path=/api/v1/search status=200 duration_ms=971.9 client=127.0.0.1
2026-09-08T10:38:17 INFO     app.routers.search | Doctor search requested specialty=all radius_km=10.0
2026-09-08T10:38:17 INFO     app.services.supabase_store | Supabase search doctors specialty=all radius_km=10.0
2026-09-08T10:38:18 INFO     httpx | HTTP Request: GET https://cojqrbvczpzbvcewgxgf.supabase.co/rest/v1/doctors?select=%2A%2C+clinics%28%2A%29%2C+availability%28%2A%29 "HTTP/2 200 OK"
2026-09-08T10:38:18 INFO     app.services.supabase_store | Supabase search doctors completed result_count=1
2026-09-08T10:38:18 INFO     app.routers.search | Doctor search completed result_count=1
2026-09-08T10:38:18 INFO     app.main | Request complete request_id=28c4a992-055e-40d7-be6c-939c03956536 method=GET path=/api/v1/search status=200 duration_ms=154.5 client=127.0.0.1
2026-09-08T10:38:21 INFO     app.main | Request complete request_id=c9a3c226-8e8c-4c03-a635-4810b59c8d50 method=OPTIONS path=/api/v1/search status=200 duration_ms=0.4 client=127.0.0.1
2026-09-08T10:38:21 INFO     app.routers.search | Doctor search requested specialty=all radius_km=50.0
2026-09-08T10:38:21 INFO     app.services.supabase_store | Supabase search doctors specialty=all radius_km=50.0
2026-09-08T10:38:21 INFO     httpx | HTTP Request: GET https://cojqrbvczpzbvcewgxgf.supabase.co/rest/v1/doctors?select=%2A%2C+clinics%28%2A%29%2C+availability%28%2A%29 "HTTP/2 200 OK"
2026-09-08T10:38:21 INFO     app.services.supabase_store | Supabase search doctors completed result_count=2
2026-09-08T10:38:21 INFO     app.routers.search | Doctor search completed result_count=2
2026-09-08T10:38:21 INFO     app.main | Request complete request_id=9596b2b6-30ef-46ef-8a56-93fe8fb971d6 method=GET path=/api/v1/search status=200 duration_ms=141.2 client=127.0.0.1
2026-09-08T10:38:51 INFO     app.routers.doctors | Doctor profile requested doctor_id=f3943902-8deb-4555-ba79-8c520be85999
2026-09-08T10:38:51 INFO     httpx | HTTP Request: GET https://cojqrbvczpzbvcewgxgf.supabase.co/rest/v1/doctors?select=%2A&id=eq.f3943902-8deb-4555-ba79-8c520be85999 "HTTP/2 200 OK"
2026-09-08T10:38:52 INFO     httpx | HTTP Request: GET https://cojqrbvczpzbvcewgxgf.supabase.co/rest/v1/clinics?select=%2A&doctor_id=eq.f3943902-8deb-4555-ba79-8c520be85999 "HTTP/2 200 OK"
2026-09-08T10:38:52 INFO     app.main | Request complete request_id=0dc22d02-6ac4-4699-bebc-e8409a385d5d method=GET path=/api/v1/doctors/me status=200 duration_ms=355.0 client=127.0.0.1
2026-09-08T10:38:52 INFO     app.routers.doctors | Doctor profile requested doctor_id=f3943902-8deb-4555-ba79-8c520be85999
2026-09-08T10:38:52 INFO     httpx | HTTP Request: GET https://cojqrbvczpzbvcewgxgf.supabase.co/rest/v1/doctors?select=%2A&id=eq.f3943902-8deb-4555-ba79-8c520be85999 "HTTP/2 200 OK"
2026-09-08T10:38:52 INFO     httpx | HTTP Request: GET https://cojqrbvczpzbvcewgxgf.supabase.co/rest/v1/clinics?select=%2A&doctor_id=eq.f3943902-8deb-4555-ba79-8c520be85999 "HTTP/2 200 OK"
2026-09-08T10:38:52 INFO     app.main | Request complete request_id=e1b82c96-5364-4691-8e96-a35807b7868b method=GET path=/api/v1/doctors/me status=200 duration_ms=222.0 client=127.0.0.1
2026-09-08T10:42:51 INFO     app.main | Request complete request_id=d6b859fd-02af-4d9a-a57c-e90c94e4644b method=OPTIONS path=/api/v1/doctors/me/clinic status=200 duration_ms=20.7 client=127.0.0.1
2026-09-08T10:42:51 INFO     app.routers.doctors | Clinic upsert requested doctor_id=f3943902-8deb-4555-ba79-8c520be85999 address=e
2026-09-08T10:42:52 INFO     httpx | HTTP Request: GET https://cojqrbvczpzbvcewgxgf.supabase.co/rest/v1/doctors?select=%2A&id=eq.f3943902-8deb-4555-ba79-8c520be85999 "HTTP/2 200 OK"
2026-09-08T10:42:52 INFO     app.routers.doctors | Clinic upsert using provided coordinates lat=10.981306850798038 lng=76.37730612015538
2026-09-08T10:42:52 INFO     app.services.supabase_store | Supabase upsert clinic doctor_id=f3943902-8deb-4555-ba79-8c520be85999
2026-09-08T10:42:52 INFO     httpx | HTTP Request: GET https://cojqrbvczpzbvcewgxgf.supabase.co/rest/v1/clinics?select=%2A&doctor_id=eq.f3943902-8deb-4555-ba79-8c520be85999 "HTTP/2 200 OK"
2026-09-08T10:42:52 INFO     httpx | HTTP Request: PATCH https://cojqrbvczpzbvcewgxgf.supabase.co/rest/v1/clinics?doctor_id=eq.f3943902-8deb-4555-ba79-8c520be85999 "HTTP/2 200 OK"
2026-09-08T10:42:52 INFO     app.main | Request complete request_id=a7ff7cf9-3152-432c-8eae-161a5c515b33 method=POST path=/api/v1/doctors/me/clinic status=201 duration_ms=1089.3 client=127.0.0.1
2026-09-08T10:42:52 INFO     app.routers.doctors | Doctor profile requested doctor_id=f3943902-8deb-4555-ba79-8c520be85999
2026-09-08T10:42:53 INFO     httpx | HTTP Request: GET https://cojqrbvczpzbvcewgxgf.supabase.co/rest/v1/doctors?select=%2A&id=eq.f3943902-8deb-4555-ba79-8c520be85999 "HTTP/2 200 OK"
2026-09-08T10:42:53 INFO     httpx | HTTP Request: GET https://cojqrbvczpzbvcewgxgf.supabase.co/rest/v1/clinics?select=%2A&doctor_id=eq.f3943902-8deb-4555-ba79-8c520be85999 "HTTP/2 200 OK"
2026-09-08T10:42:53 INFO     app.main | Request complete request_id=44c940d4-733a-4cd7-91ba-894cb638f9fd method=GET path=/api/v1/doctors/me status=200 duration_ms=190.9 client=127.0.0.1
2026-09-08T10:43:00 INFO     app.routers.search | Doctor search requested specialty=all radius_km=10.0
2026-09-08T10:43:00 INFO     app.services.supabase_store | Supabase search doctors specialty=all radius_km=10.0
2026-09-08T10:43:01 INFO     httpx | HTTP Request: GET https://cojqrbvczpzbvcewgxgf.supabase.co/rest/v1/doctors?select=%2A%2C+clinics%28%2A%29%2C+availability%28%2A%29 "HTTP/2 200 OK"
2026-09-08T10:43:01 INFO     app.services.supabase_store | Supabase search doctors completed result_count=1
2026-09-08T10:43:01 INFO     app.routers.search | Doctor search completed result_count=1
2026-09-08T10:43:01 INFO     app.main | Request complete request_id=47b15b91-7688-4682-9055-208d27821aaa method=GET path=/api/v1/search status=200 duration_ms=295.1 client=127.0.0.1
2026-09-08T10:43:01 INFO     app.routers.search | Doctor search requested specialty=all radius_km=10.0
2026-09-08T10:43:01 INFO     app.services.supabase_store | Supabase search doctors specialty=all radius_km=10.0
2026-09-08T10:43:01 INFO     httpx | HTTP Request: GET https://cojqrbvczpzbvcewgxgf.supabase.co/rest/v1/doctors?select=%2A%2C+clinics%28%2A%29%2C+availability%28%2A%29 "HTTP/2 200 OK"
2026-09-08T10:43:01 INFO     app.services.supabase_store | Supabase search doctors completed result_count=1
2026-09-08T10:43:01 INFO     app.routers.search | Doctor search completed result_count=1
2026-09-08T10:43:01 INFO     app.main | Request complete request_id=33df1985-c989-49d1-86ca-d9f2bffd2991 method=GET path=/api/v1/search status=200 duration_ms=172.5 client=127.0.0.1
2026-09-08T10:43:04 INFO     app.routers.search | Doctor search requested specialty=all radius_km=50.0
2026-09-08T10:43:04 INFO     app.services.supabase_store | Supabase search doctors specialty=all radius_km=50.0
2026-09-08T10:43:04 INFO     httpx | HTTP Request: GET https://cojqrbvczpzbvcewgxgf.supabase.co/rest/v1/doctors?select=%2A%2C+clinics%28%2A%29%2C+availability%28%2A%29 "HTTP/2 200 OK"
2026-09-08T10:43:04 INFO     app.services.supabase_store | Supabase search doctors completed result_count=2
2026-09-08T10:43:04 INFO     app.routers.search | Doctor search completed result_count=2
2026-09-08T10:43:04 INFO     app.main | Request complete request_id=72b4cdaa-aa63-4a14-903b-984cacb5aa93 method=GET path=/api/v1/search status=200 duration_ms=78.3 client=127.0.0.1
2026-09-08T10:43:14 INFO     app.routers.search | Doctor search requested specialty=all radius_km=50.0
2026-09-08T10:43:14 INFO     app.services.supabase_store | Supabase search doctors specialty=all radius_km=50.0
2026-09-08T10:43:15 INFO     httpx | HTTP Request: GET https://cojqrbvczpzbvcewgxgf.supabase.co/rest/v1/doctors?select=%2A%2C+clinics%28%2A%29%2C+availability%28%2A%29 "HTTP/2 200 OK"
2026-09-08T10:43:15 INFO     app.services.supabase_store | Supabase search doctors completed result_count=2
2026-09-08T10:43:15 INFO     app.routers.search | Doctor search completed result_count=2
2026-09-08T10:43:15 INFO     app.main | Request complete request_id=863ac8e0-6cec-42d3-938f-0d25fbef4a52 method=GET path=/api/v1/search status=200 duration_ms=1461.4 client=127.0.0.1
2026-09-12T13:21:34 INFO     app.routers.auth | Doctor signup requested email=dr@example.com specialty=General Practitioner
2026-09-12T13:21:34 INFO     app.routers.auth | Doctor signup succeeded doctor_id=doctor-1
2026-09-12T13:21:34 INFO     app.routers.auth | Seeded availability row doctor_id=doctor-1
2026-09-12T13:21:34 INFO     app.main | Request complete request_id=06c4fa4f-1d76-46b2-ad8a-1d23c26229c3 method=POST path=/api/v1/auth/signup/doctor status=201 duration_ms=3.4 client=testclient
2026-09-12T13:21:34 INFO     httpx | HTTP Request: POST http://testserver/api/v1/auth/signup/doctor "HTTP/1.1 201 Created"
2026-09-12T13:21:34 INFO     app.routers.doctors | Doctor profile requested doctor_id=doctor-1
2026-09-12T13:21:34 INFO     app.main | Request complete request_id=cddeb3df-b6a3-4be6-9839-a9f337cfd8d7 method=GET path=/api/v1/doctors/me status=200 duration_ms=1.1 client=testclient
2026-09-12T13:21:34 INFO     httpx | HTTP Request: GET http://testserver/api/v1/doctors/me "HTTP/1.1 200 OK"
2026-09-12T13:21:34 INFO     app.routers.auth | Doctor signup requested email=dr2@example.com specialty=Pediatrician
2026-09-12T13:21:34 INFO     app.routers.auth | Doctor signup succeeded doctor_id=doctor-1
2026-09-12T13:21:34 INFO     app.routers.auth | Seeded availability row doctor_id=doctor-1
2026-09-12T13:21:34 INFO     app.main | Request complete request_id=8a88315d-16d5-4503-8eab-281c53b4d1ff method=POST path=/api/v1/auth/signup/doctor status=201 duration_ms=1.0 client=testclient
2026-09-12T13:21:34 INFO     httpx | HTTP Request: POST http://testserver/api/v1/auth/signup/doctor "HTTP/1.1 201 Created"
2026-09-12T13:21:34 INFO     app.routers.auth | Doctor login requested email=dr2@example.com
2026-09-12T13:21:34 INFO     app.routers.auth | Doctor login succeeded doctor_id=doctor-1
2026-09-12T13:21:34 INFO     app.main | Request complete request_id=e07ea54d-1cdc-4210-a222-8849b2ae31e7 method=POST path=/api/v1/auth/login status=200 duration_ms=1.1 client=testclient
2026-09-12T13:21:34 INFO     httpx | HTTP Request: POST http://testserver/api/v1/auth/login "HTTP/1.1 200 OK"
2026-09-12T13:21:34 INFO     app.routers.auth | Doctor signup requested email=drsearch@example.com specialty=General Practitioner
2026-09-12T13:21:34 INFO     app.routers.auth | Doctor signup succeeded doctor_id=doctor-1
2026-09-12T13:21:34 INFO     app.routers.auth | Seeded availability row doctor_id=doctor-1
2026-09-12T13:21:34 INFO     app.main | Request complete request_id=bd7d77ca-ea45-434f-98a3-867642b9ad1d method=POST path=/api/v1/auth/signup/doctor status=201 duration_ms=1.2 client=testclient
2026-09-12T13:21:34 INFO     httpx | HTTP Request: POST http://testserver/api/v1/auth/signup/doctor "HTTP/1.1 201 Created"
2026-09-12T13:21:34 INFO     app.routers.doctors | Clinic upsert requested doctor_id=doctor-1 address=Palakkad, Kerala
2026-09-12T13:21:34 INFO     app.services.geocode | Geocode requested address_length=16
2026-09-12T13:21:34 ERROR    app.services.geocode | Geocode request failed
Traceback (most recent call last):
  File "C:\new\doctorundo\backend\venv\Lib\site-packages\httpx\_transports\default.py", line 66, in map_httpcore_exceptions
    yield
  File "C:\new\doctorundo\backend\venv\Lib\site-packages\httpx\_transports\default.py", line 366, in handle_async_request
    resp = await self._pool.handle_async_request(req)
           ^^^^^^^^^^^^^^^^^^^^^^^^^^^^^^^^^^^^^^^^^^
  File "C:\new\doctorundo\backend\venv\Lib\site-packages\httpcore\_async\connection_pool.py", line 256, in handle_async_request
    raise exc from None
  File "C:\new\doctorundo\backend\venv\Lib\site-packages\httpcore\_async\connection_pool.py", line 236, in handle_async_request
    response = await connection.handle_async_request(
               ^^^^^^^^^^^^^^^^^^^^^^^^^^^^^^^^^^^^^^
  File "C:\new\doctorundo\backend\venv\Lib\site-packages\httpcore\_async\connection.py", line 101, in handle_async_request
    raise exc
  File "C:\new\doctorundo\backend\venv\Lib\site-packages\httpcore\_async\connection.py", line 78, in handle_async_request
    stream = await self._connect(request)
             ^^^^^^^^^^^^^^^^^^^^^^^^^^^^
  File "C:\new\doctorundo\backend\venv\Lib\site-packages\httpcore\_async\connection.py", line 124, in _connect
    stream = await self._network_backend.connect_tcp(**kwargs)
             ^^^^^^^^^^^^^^^^^^^^^^^^^^^^^^^^^^^^^^^^^^^^^^^^^
  File "C:\new\doctorundo\backend\venv\Lib\site-packages\httpcore\_backends\auto.py", line 31, in connect_tcp
    return await self._backend.connect_tcp(
           ^^^^^^^^^^^^^^^^^^^^^^^^^^^^^^^^
  File "C:\new\doctorundo\backend\venv\Lib\site-packages\httpcore\_backends\anyio.py", line 113, in connect_tcp
    with map_exceptions(exc_map):
         ^^^^^^^^^^^^^^^^^^^^^^^
  File "C:\Users\clash\anaconda3\Lib\contextlib.py", line 158, in __exit__
    self.gen.throw(value)
  File "C:\new\doctorundo\backend\venv\Lib\site-packages\httpcore\_exceptions.py", line 14, in map_exceptions
    raise to_exc(exc) from exc
httpcore.ConnectError: All connection attempts failed

The above exception was the direct cause of the following exception:

Traceback (most recent call last):
  File "C:\new\doctorundo\backend\app\services\geocode.py", line 38, in geocode
    response = await client.get(
               ^^^^^^^^^^^^^^^^^
  File "C:\new\doctorundo\backend\venv\Lib\site-packages\httpx\_client.py", line 1757, in get
    return await self.request(
           ^^^^^^^^^^^^^^^^^^^
  File "C:\new\doctorundo\backend\venv\Lib\site-packages\httpx\_client.py", line 1530, in request
    return await self.send(request, auth=auth, follow_redirects=follow_redirects)
           ^^^^^^^^^^^^^^^^^^^^^^^^^^^^^^^^^^^^^^^^^^^^^^^^^^^^^^^^^^^^^^^^^^^^^^
  File "C:\new\doctorundo\backend\venv\Lib\site-packages\httpx\_client.py", line 1617, in send
    response = await self._send_handling_auth(
               ^^^^^^^^^^^^^^^^^^^^^^^^^^^^^^^
  File "C:\new\doctorundo\backend\venv\Lib\site-packages\httpx\_client.py", line 1645, in _send_handling_auth
    response = await self._send_handling_redirects(
               ^^^^^^^^^^^^^^^^^^^^^^^^^^^^^^^^^^^^
  File "C:\new\doctorundo\backend\venv\Lib\site-packages\httpx\_client.py", line 1682, in _send_handling_redirects
    response = await self._send_single_request(request)
               ^^^^^^^^^^^^^^^^^^^^^^^^^^^^^^^^^^^^^^^^
  File "C:\new\doctorundo\backend\venv\Lib\site-packages\httpx\_client.py", line 1719, in _send_single_request
    response = await transport.handle_async_request(request)
               ^^^^^^^^^^^^^^^^^^^^^^^^^^^^^^^^^^^^^^^^^^^^^
  File "C:\new\doctorundo\backend\venv\Lib\site-packages\httpx\_transports\default.py", line 365, in handle_async_request
    with map_httpcore_exceptions():
         ^^^^^^^^^^^^^^^^^^^^^^^^^
  File "C:\Users\clash\anaconda3\Lib\contextlib.py", line 158, in __exit__
    self.gen.throw(value)
  File "C:\new\doctorundo\backend\venv\Lib\site-packages\httpx\_transports\default.py", line 83, in map_httpcore_exceptions
    raise mapped_exc(message) from exc
httpx.ConnectError: All connection attempts failed
2026-09-12T13:21:34 WARNING  app.routers.doctors | Clinic upsert geocoding failed doctor_id=doctor-1 address=Palakkad, Kerala
2026-09-12T13:21:34 WARNING  app.main | Request complete request_id=36539d01-e5a7-441a-8e33-e6511332bc1b method=POST path=/api/v1/doctors/me/clinic status=422 duration_ms=521.9 client=testclient
2026-09-12T13:21:34 INFO     httpx | HTTP Request: POST http://testserver/api/v1/doctors/me/clinic "HTTP/1.1 422 Unprocessable Entity"
2026-09-12T13:22:59 INFO     app.routers.auth | Doctor signup requested email=dr@example.com specialty=General Practitioner
2026-09-12T13:22:59 INFO     app.routers.auth | Doctor signup succeeded doctor_id=doctor-1
2026-09-12T13:22:59 INFO     app.routers.auth | Seeded availability row doctor_id=doctor-1
2026-09-12T13:22:59 INFO     app.main | Request complete request_id=07aec996-1bb4-45fb-95bc-14bf978026ae method=POST path=/api/v1/auth/signup/doctor status=201 duration_ms=2.8 client=testclient
2026-09-12T13:22:59 INFO     httpx | HTTP Request: POST http://testserver/api/v1/auth/signup/doctor "HTTP/1.1 201 Created"
2026-09-12T13:22:59 INFO     app.routers.doctors | Doctor profile requested doctor_id=doctor-1
2026-09-12T13:22:59 INFO     app.main | Request complete request_id=bdbffdd7-502d-4fde-a014-1cd6e92bef20 method=GET path=/api/v1/doctors/me status=200 duration_ms=3.0 client=testclient
2026-09-12T13:22:59 INFO     httpx | HTTP Request: GET http://testserver/api/v1/doctors/me "HTTP/1.1 200 OK"
2026-09-12T13:22:59 INFO     app.routers.auth | Doctor signup requested email=dr2@example.com specialty=Pediatrician
2026-09-12T13:22:59 INFO     app.routers.auth | Doctor signup succeeded doctor_id=doctor-1
2026-09-12T13:22:59 INFO     app.routers.auth | Seeded availability row doctor_id=doctor-1
2026-09-12T13:22:59 INFO     app.main | Request complete request_id=8c762d53-3fd4-427d-bdd3-3e42f1bf78d5 method=POST path=/api/v1/auth/signup/doctor status=201 duration_ms=1.4 client=testclient
2026-09-12T13:22:59 INFO     httpx | HTTP Request: POST http://testserver/api/v1/auth/signup/doctor "HTTP/1.1 201 Created"
2026-09-12T13:22:59 INFO     app.routers.auth | Doctor login requested email=dr2@example.com
2026-09-12T13:22:59 INFO     app.routers.auth | Doctor login succeeded doctor_id=doctor-1
2026-09-12T13:22:59 INFO     app.main | Request complete request_id=d794a0c6-45c2-461f-9fe6-0d8c1e00121a method=POST path=/api/v1/auth/login status=200 duration_ms=2.0 client=testclient
2026-09-12T13:22:59 INFO     httpx | HTTP Request: POST http://testserver/api/v1/auth/login "HTTP/1.1 200 OK"
2026-09-12T13:22:59 INFO     app.routers.auth | Doctor signup requested email=drsearch@example.com specialty=General Practitioner
2026-09-12T13:22:59 INFO     app.routers.auth | Doctor signup succeeded doctor_id=doctor-1
2026-09-12T13:22:59 INFO     app.routers.auth | Seeded availability row doctor_id=doctor-1
2026-09-12T13:22:59 INFO     app.main | Request complete request_id=092fe5d7-d434-4c54-a148-1d5d01e1ef70 method=POST path=/api/v1/auth/signup/doctor status=201 duration_ms=1.2 client=testclient
2026-09-12T13:22:59 INFO     httpx | HTTP Request: POST http://testserver/api/v1/auth/signup/doctor "HTTP/1.1 201 Created"
2026-09-12T13:22:59 INFO     app.routers.doctors | Clinic upsert requested doctor_id=doctor-1 address=Palakkad, Kerala
2026-09-12T13:22:59 INFO     app.services.geocode | Geocode requested address_length=16
2026-09-12T13:23:00 INFO     httpx | HTTP Request: GET https://nominatim.openstreetmap.org/search?q=Palakkad%2C%20Kerala&format=json&limit=1 "HTTP/1.1 200 OK"
2026-09-12T13:23:00 INFO     app.services.geocode | Geocode completed match_found=true
2026-09-12T13:23:00 INFO     app.routers.doctors | Clinic upsert geocoding succeeded lat=10.7873692 lng=76.4742172
2026-09-12T13:23:00 INFO     app.main | Request complete request_id=8868bf59-9b62-4806-b16f-ee716414693a method=POST path=/api/v1/doctors/me/clinic status=201 duration_ms=943.8 client=testclient
2026-09-12T13:23:00 INFO     httpx | HTTP Request: POST http://testserver/api/v1/doctors/me/clinic "HTTP/1.1 201 Created"
2026-09-12T13:23:00 INFO     app.routers.doctors | Availability update requested doctor_id=doctor-1 available=True
2026-09-12T13:23:00 INFO     app.main | Request complete request_id=ef449ec1-67ae-4657-887c-10fe8a84fbc7 method=PUT path=/api/v1/doctors/me/availability status=200 duration_ms=1.5 client=testclient
2026-09-12T13:23:00 INFO     httpx | HTTP Request: PUT http://testserver/api/v1/doctors/me/availability "HTTP/1.1 200 OK"
2026-09-12T13:23:00 INFO     app.routers.search | Doctor search requested specialty=General radius_km=20.0
2026-09-12T13:23:00 INFO     app.routers.search | Doctor search completed result_count=1
2026-09-12T13:23:00 INFO     app.main | Request complete request_id=5eb4dff7-68a9-4347-9248-3f433d4b81c2 method=GET path=/api/v1/search status=200 duration_ms=3.5 client=testclient
2026-09-12T13:23:00 INFO     httpx | HTTP Request: GET http://testserver/api/v1/search?lat=10.786&lng=76.6444&specialty=General&radius_km=20 "HTTP/1.1 200 OK"
2026-09-12T13:57:45 INFO     app.main | Application starting environment=development debug=True
2026-09-12T13:57:55 INFO     app.main | Request complete request_id=1cc3ddfc-d3be-430e-bfd2-9059d538c1c1 method=OPTIONS path=/api/v1/search status=200 duration_ms=1.2 client=127.0.0.1
2026-09-12T13:57:55 INFO     app.main | Request complete request_id=8d3ede2c-5f6a-4595-a132-ce04f1585ba2 method=OPTIONS path=/api/v1/search status=200 duration_ms=2.7 client=127.0.0.1
2026-09-12T13:57:55 INFO     app.routers.search | Doctor search requested specialty=all radius_km=10.0
2026-09-12T13:57:55 INFO     app.services.supabase_store | Supabase search doctors specialty=all radius_km=10.0
2026-09-12T13:57:55 INFO     app.services.supabase_store | Creating Supabase client
2026-09-12T13:57:56 ERROR    app.main | Request failed request_id=81a61117-8850-4b52-b39f-901d8b962354 method=GET path=/api/v1/search
Traceback (most recent call last):
  File "C:\new\doctorundo\backend\venv\Lib\site-packages\starlette\middleware\base.py", line 157, in call_next
    message = await recv_stream.receive()
              ^^^^^^^^^^^^^^^^^^^^^^^^^^^
  File "C:\new\doctorundo\backend\venv\Lib\site-packages\anyio\streams\memory.py", line 98, in receive
    return self.receive_nowait()
           ^^^^^^^^^^^^^^^^^^^^^
  File "C:\new\doctorundo\backend\venv\Lib\site-packages\anyio\streams\memory.py", line 91, in receive_nowait
    raise EndOfStream
anyio.EndOfStream

During handling of the above exception, another exception occurred:

Traceback (most recent call last):
  File "C:\new\doctorundo\backend\app\main.py", line 47, in log_request
    response = await call_next(request)
               ^^^^^^^^^^^^^^^^^^^^^^^^
  File "C:\new\doctorundo\backend\venv\Lib\site-packages\starlette\middleware\base.py", line 163, in call_next
    raise app_exc
  File "C:\new\doctorundo\backend\venv\Lib\site-packages\starlette\middleware\base.py", line 149, in coro
    await self.app(scope, receive_or_disconnect, send_no_error)
  File "C:\new\doctorundo\backend\venv\Lib\site-packages\starlette\middleware\cors.py", line 93, in __call__
    await self.simple_response(scope, receive, send, request_headers=headers)
  File "C:\new\doctorundo\backend\venv\Lib\site-packages\starlette\middleware\cors.py", line 144, in simple_response
    await self.app(scope, receive, send)
  File "C:\new\doctorundo\backend\venv\Lib\site-packages\starlette\middleware\exceptions.py", line 62, in __call__
    await wrap_app_handling_exceptions(self.app, conn)(scope, receive, send)
  File "C:\new\doctorundo\backend\venv\Lib\site-packages\starlette\_exception_handler.py", line 62, in wrapped_app
    raise exc
  File "C:\new\doctorundo\backend\venv\Lib\site-packages\starlette\_exception_handler.py", line 51, in wrapped_app
    await app(scope, receive, sender)
  File "C:\new\doctorundo\backend\venv\Lib\site-packages\starlette\routing.py", line 715, in __call__
    await self.middleware_stack(scope, receive, send)
  File "C:\new\doctorundo\backend\venv\Lib\site-packages\starlette\routing.py", line 735, in app
    await route.handle(scope, receive, send)
  File "C:\new\doctorundo\backend\venv\Lib\site-packages\starlette\routing.py", line 288, in handle
    await self.app(scope, receive, send)
  File "C:\new\doctorundo\backend\venv\Lib\site-packages\starlette\routing.py", line 76, in app
    await wrap_app_handling_exceptions(app, request)(scope, receive, send)
  File "C:\new\doctorundo\backend\venv\Lib\site-packages\starlette\_exception_handler.py", line 62, in wrapped_app
    raise exc
  File "C:\new\doctorundo\backend\venv\Lib\site-packages\starlette\_exception_handler.py", line 51, in wrapped_app
    await app(scope, receive, sender)
  File "C:\new\doctorundo\backend\venv\Lib\site-packages\starlette\routing.py", line 73, in app
    response = await f(request)
               ^^^^^^^^^^^^^^^^
  File "C:\new\doctorundo\backend\venv\Lib\site-packages\fastapi\routing.py", line 301, in app
    raw_response = await run_endpoint_function(
                   ^^^^^^^^^^^^^^^^^^^^^^^^^^^^
  File "C:\new\doctorundo\backend\venv\Lib\site-packages\fastapi\routing.py", line 212, in run_endpoint_function
    return await dependant.call(**values)
           ^^^^^^^^^^^^^^^^^^^^^^^^^^^^^^
  File "C:\new\doctorundo\backend\app\routers\search.py", line 33, in search_doctors
    remote_results = supabase_store.search_doctors(lat, lng, specialty, radius_km)
                     ^^^^^^^^^^^^^^^^^^^^^^^^^^^^^^^^^^^^^^^^^^^^^^^^^^^^^^^^^^^^^
  File "C:\new\doctorundo\backend\app\services\supabase_store.py", line 104, in search_doctors
    query = self.client.table("doctors").select("*, clinics(*), availability(*)")
            ^^^^^^^^^^^
  File "C:\new\doctorundo\backend\app\services\supabase_store.py", line 34, in client
    self._client = get_supabase_client()
                   ^^^^^^^^^^^^^^^^^^^^^
  File "C:\new\doctorundo\backend\app\db.py", line 17, in get_supabase_client
    from supabase import create_client
  File "C:\new\doctorundo\backend\venv\Lib\site-packages\supabase\__init__.py", line 7, in <module>
    from ._async.client import AsyncClient as AClient
  File "C:\new\doctorundo\backend\venv\Lib\site-packages\supabase\_async\client.py", line 18, in <module>
    from ..lib.client_options import ClientOptions
  File "C:\new\doctorundo\backend\venv\Lib\site-packages\supabase\lib\client_options.py", line 8, in <module>
    from supafunc.utils import DEFAULT_FUNCTION_CLIENT_TIMEOUT
ImportError: cannot import name 'DEFAULT_FUNCTION_CLIENT_TIMEOUT' from 'supafunc.utils' (C:\new\doctorundo\backend\venv\Lib\site-packages\supafunc\utils.py)
2026-09-12T13:57:56 INFO     app.routers.search | Doctor search requested specialty=all radius_km=10.0
2026-09-12T13:57:56 INFO     app.services.supabase_store | Supabase search doctors specialty=all radius_km=10.0
2026-09-12T13:57:56 INFO     app.services.supabase_store | Creating Supabase client
2026-09-12T13:57:56 ERROR    app.main | Request failed request_id=fdde02ee-6b5b-482c-838d-70f7a9ef2fd5 method=GET path=/api/v1/search
Traceback (most recent call last):
  File "C:\new\doctorundo\backend\venv\Lib\site-packages\starlette\middleware\base.py", line 157, in call_next
    message = await recv_stream.receive()
              ^^^^^^^^^^^^^^^^^^^^^^^^^^^
  File "C:\new\doctorundo\backend\venv\Lib\site-packages\anyio\streams\memory.py", line 98, in receive
    return self.receive_nowait()
           ^^^^^^^^^^^^^^^^^^^^^
  File "C:\new\doctorundo\backend\venv\Lib\site-packages\anyio\streams\memory.py", line 91, in receive_nowait
    raise EndOfStream
anyio.EndOfStream

During handling of the above exception, another exception occurred:

Traceback (most recent call last):
  File "C:\new\doctorundo\backend\app\main.py", line 47, in log_request
    response = await call_next(request)
               ^^^^^^^^^^^^^^^^^^^^^^^^
  File "C:\new\doctorundo\backend\venv\Lib\site-packages\starlette\middleware\base.py", line 163, in call_next
    raise app_exc
  File "C:\new\doctorundo\backend\venv\Lib\site-packages\starlette\middleware\base.py", line 149, in coro
    await self.app(scope, receive_or_disconnect, send_no_error)
  File "C:\new\doctorundo\backend\venv\Lib\site-packages\starlette\middleware\cors.py", line 93, in __call__
    await self.simple_response(scope, receive, send, request_headers=headers)
  File "C:\new\doctorundo\backend\venv\Lib\site-packages\starlette\middleware\cors.py", line 144, in simple_response
    await self.app(scope, receive, send)
  File "C:\new\doctorundo\backend\venv\Lib\site-packages\starlette\middleware\exceptions.py", line 62, in __call__
    await wrap_app_handling_exceptions(self.app, conn)(scope, receive, send)
  File "C:\new\doctorundo\backend\venv\Lib\site-packages\starlette\_exception_handler.py", line 62, in wrapped_app
    raise exc
  File "C:\new\doctorundo\backend\venv\Lib\site-packages\starlette\_exception_handler.py", line 51, in wrapped_app
    await app(scope, receive, sender)
  File "C:\new\doctorundo\backend\venv\Lib\site-packages\starlette\routing.py", line 715, in __call__
    await self.middleware_stack(scope, receive, send)
  File "C:\new\doctorundo\backend\venv\Lib\site-packages\starlette\routing.py", line 735, in app
    await route.handle(scope, receive, send)
  File "C:\new\doctorundo\backend\venv\Lib\site-packages\starlette\routing.py", line 288, in handle
    await self.app(scope, receive, send)
  File "C:\new\doctorundo\backend\venv\Lib\site-packages\starlette\routing.py", line 76, in app
    await wrap_app_handling_exceptions(app, request)(scope, receive, send)
  File "C:\new\doctorundo\backend\venv\Lib\site-packages\starlette\_exception_handler.py", line 62, in wrapped_app
    raise exc
  File "C:\new\doctorundo\backend\venv\Lib\site-packages\starlette\_exception_handler.py", line 51, in wrapped_app
    await app(scope, receive, sender)
  File "C:\new\doctorundo\backend\venv\Lib\site-packages\starlette\routing.py", line 73, in app
    response = await f(request)
               ^^^^^^^^^^^^^^^^
  File "C:\new\doctorundo\backend\venv\Lib\site-packages\fastapi\routing.py", line 301, in app
    raw_response = await run_endpoint_function(
                   ^^^^^^^^^^^^^^^^^^^^^^^^^^^^
  File "C:\new\doctorundo\backend\venv\Lib\site-packages\fastapi\routing.py", line 212, in run_endpoint_function
    return await dependant.call(**values)
           ^^^^^^^^^^^^^^^^^^^^^^^^^^^^^^
  File "C:\new\doctorundo\backend\app\routers\search.py", line 33, in search_doctors
    remote_results = supabase_store.search_doctors(lat, lng, specialty, radius_km)
                     ^^^^^^^^^^^^^^^^^^^^^^^^^^^^^^^^^^^^^^^^^^^^^^^^^^^^^^^^^^^^^
  File "C:\new\doctorundo\backend\app\services\supabase_store.py", line 104, in search_doctors
    query = self.client.table("doctors").select("*, clinics(*), availability(*)")
            ^^^^^^^^^^^
  File "C:\new\doctorundo\backend\app\services\supabase_store.py", line 34, in client
    self._client = get_supabase_client()
                   ^^^^^^^^^^^^^^^^^^^^^
  File "C:\new\doctorundo\backend\app\db.py", line 17, in get_supabase_client
    from supabase import create_client
  File "C:\new\doctorundo\backend\venv\Lib\site-packages\supabase\__init__.py", line 7, in <module>
    from ._async.client import AsyncClient as AClient
  File "C:\new\doctorundo\backend\venv\Lib\site-packages\supabase\_async\client.py", line 18, in <module>
    from ..lib.client_options import ClientOptions
  File "C:\new\doctorundo\backend\venv\Lib\site-packages\supabase\lib\client_options.py", line 8, in <module>
    from supafunc.utils import DEFAULT_FUNCTION_CLIENT_TIMEOUT
ImportError: cannot import name 'DEFAULT_FUNCTION_CLIENT_TIMEOUT' from 'supafunc.utils' (C:\new\doctorundo\backend\venv\Lib\site-packages\supafunc\utils.py)
2026-09-12T13:57:56 INFO     app.routers.search | Doctor search requested specialty=all radius_km=10.0
2026-09-12T13:57:56 INFO     app.services.supabase_store | Supabase search doctors specialty=all radius_km=10.0
2026-09-12T13:57:56 INFO     app.services.supabase_store | Creating Supabase client
2026-09-12T13:57:56 ERROR    app.main | Request failed request_id=ad862615-9912-43a7-87eb-adae7d466306 method=GET path=/api/v1/search
Traceback (most recent call last):
  File "C:\new\doctorundo\backend\venv\Lib\site-packages\starlette\middleware\base.py", line 157, in call_next
    message = await recv_stream.receive()
              ^^^^^^^^^^^^^^^^^^^^^^^^^^^
  File "C:\new\doctorundo\backend\venv\Lib\site-packages\anyio\streams\memory.py", line 98, in receive
    return self.receive_nowait()
           ^^^^^^^^^^^^^^^^^^^^^
  File "C:\new\doctorundo\backend\venv\Lib\site-packages\anyio\streams\memory.py", line 91, in receive_nowait
    raise EndOfStream
anyio.EndOfStream

During handling of the above exception, another exception occurred:

Traceback (most recent call last):
  File "C:\new\doctorundo\backend\app\main.py", line 47, in log_request
    response = await call_next(request)
               ^^^^^^^^^^^^^^^^^^^^^^^^
  File "C:\new\doctorundo\backend\venv\Lib\site-packages\starlette\middleware\base.py", line 163, in call_next
    raise app_exc
  File "C:\new\doctorundo\backend\venv\Lib\site-packages\starlette\middleware\base.py", line 149, in coro
    await self.app(scope, receive_or_disconnect, send_no_error)
  File "C:\new\doctorundo\backend\venv\Lib\site-packages\starlette\middleware\cors.py", line 93, in __call__
    await self.simple_response(scope, receive, send, request_headers=headers)
  File "C:\new\doctorundo\backend\venv\Lib\site-packages\starlette\middleware\cors.py", line 144, in simple_response
    await self.app(scope, receive, send)
  File "C:\new\doctorundo\backend\venv\Lib\site-packages\starlette\middleware\exceptions.py", line 62, in __call__
    await wrap_app_handling_exceptions(self.app, conn)(scope, receive, send)
  File "C:\new\doctorundo\backend\venv\Lib\site-packages\starlette\_exception_handler.py", line 62, in wrapped_app
    raise exc
  File "C:\new\doctorundo\backend\venv\Lib\site-packages\starlette\_exception_handler.py", line 51, in wrapped_app
    await app(scope, receive, sender)
  File "C:\new\doctorundo\backend\venv\Lib\site-packages\starlette\routing.py", line 715, in __call__
    await self.middleware_stack(scope, receive, send)
  File "C:\new\doctorundo\backend\venv\Lib\site-packages\starlette\routing.py", line 735, in app
    await route.handle(scope, receive, send)
  File "C:\new\doctorundo\backend\venv\Lib\site-packages\starlette\routing.py", line 288, in handle
    await self.app(scope, receive, send)
  File "C:\new\doctorundo\backend\venv\Lib\site-packages\starlette\routing.py", line 76, in app
    await wrap_app_handling_exceptions(app, request)(scope, receive, send)
  File "C:\new\doctorundo\backend\venv\Lib\site-packages\starlette\_exception_handler.py", line 62, in wrapped_app
    raise exc
  File "C:\new\doctorundo\backend\venv\Lib\site-packages\starlette\_exception_handler.py", line 51, in wrapped_app
    await app(scope, receive, sender)
  File "C:\new\doctorundo\backend\venv\Lib\site-packages\starlette\routing.py", line 73, in app
    response = await f(request)
               ^^^^^^^^^^^^^^^^
  File "C:\new\doctorundo\backend\venv\Lib\site-packages\fastapi\routing.py", line 301, in app
    raw_response = await run_endpoint_function(
                   ^^^^^^^^^^^^^^^^^^^^^^^^^^^^
  File "C:\new\doctorundo\backend\venv\Lib\site-packages\fastapi\routing.py", line 212, in run_endpoint_function
    return await dependant.call(**values)
           ^^^^^^^^^^^^^^^^^^^^^^^^^^^^^^
  File "C:\new\doctorundo\backend\app\routers\search.py", line 33, in search_doctors
    remote_results = supabase_store.search_doctors(lat, lng, specialty, radius_km)
                     ^^^^^^^^^^^^^^^^^^^^^^^^^^^^^^^^^^^^^^^^^^^^^^^^^^^^^^^^^^^^^
  File "C:\new\doctorundo\backend\app\services\supabase_store.py", line 104, in search_doctors
    query = self.client.table("doctors").select("*, clinics(*), availability(*)")
            ^^^^^^^^^^^
  File "C:\new\doctorundo\backend\app\services\supabase_store.py", line 34, in client
    self._client = get_supabase_client()
                   ^^^^^^^^^^^^^^^^^^^^^
  File "C:\new\doctorundo\backend\app\db.py", line 17, in get_supabase_client
    from supabase import create_client
  File "C:\new\doctorundo\backend\venv\Lib\site-packages\supabase\__init__.py", line 7, in <module>
    from ._async.client import AsyncClient as AClient
  File "C:\new\doctorundo\backend\venv\Lib\site-packages\supabase\_async\client.py", line 18, in <module>
    from ..lib.client_options import ClientOptions
  File "C:\new\doctorundo\backend\venv\Lib\site-packages\supabase\lib\client_options.py", line 8, in <module>
    from supafunc.utils import DEFAULT_FUNCTION_CLIENT_TIMEOUT
ImportError: cannot import name 'DEFAULT_FUNCTION_CLIENT_TIMEOUT' from 'supafunc.utils' (C:\new\doctorundo\backend\venv\Lib\site-packages\supafunc\utils.py)
2026-09-12T13:58:18 INFO     app.main | Request complete request_id=6351ceab-9695-435a-becf-7ad01812e6e0 method=OPTIONS path=/api/v1/doctors/me status=200 duration_ms=1.2 client=127.0.0.1
2026-09-12T13:58:18 INFO     app.main | Request complete request_id=6ba03b5e-7088-47fe-98d5-8881a55fef4d method=OPTIONS path=/api/v1/doctors/me status=200 duration_ms=3.7 client=127.0.0.1
2026-09-12T13:58:18 INFO     app.routers.doctors | Doctor profile requested doctor_id=f3943902-8deb-4555-ba79-8c520be85999
2026-09-12T13:58:18 INFO     app.services.supabase_store | Creating Supabase client
2026-09-12T13:58:18 ERROR    app.main | Request failed request_id=e2319273-18af-4d7d-936f-ad7b7ca7a0af method=GET path=/api/v1/doctors/me
Traceback (most recent call last):
  File "C:\new\doctorundo\backend\venv\Lib\site-packages\starlette\middleware\base.py", line 157, in call_next
    message = await recv_stream.receive()
              ^^^^^^^^^^^^^^^^^^^^^^^^^^^
  File "C:\new\doctorundo\backend\venv\Lib\site-packages\anyio\streams\memory.py", line 98, in receive
    return self.receive_nowait()
           ^^^^^^^^^^^^^^^^^^^^^
  File "C:\new\doctorundo\backend\venv\Lib\site-packages\anyio\streams\memory.py", line 91, in receive_nowait
    raise EndOfStream
anyio.EndOfStream

During handling of the above exception, another exception occurred:

Traceback (most recent call last):
  File "C:\new\doctorundo\backend\app\main.py", line 47, in log_request
    response = await call_next(request)
               ^^^^^^^^^^^^^^^^^^^^^^^^
  File "C:\new\doctorundo\backend\venv\Lib\site-packages\starlette\middleware\base.py", line 163, in call_next
    raise app_exc
  File "C:\new\doctorundo\backend\venv\Lib\site-packages\starlette\middleware\base.py", line 149, in coro
    await self.app(scope, receive_or_disconnect, send_no_error)
  File "C:\new\doctorundo\backend\venv\Lib\site-packages\starlette\middleware\cors.py", line 93, in __call__
    await self.simple_response(scope, receive, send, request_headers=headers)
  File "C:\new\doctorundo\backend\venv\Lib\site-packages\starlette\middleware\cors.py", line 144, in simple_response
    await self.app(scope, receive, send)
  File "C:\new\doctorundo\backend\venv\Lib\site-packages\starlette\middleware\exceptions.py", line 62, in __call__
    await wrap_app_handling_exceptions(self.app, conn)(scope, receive, send)
  File "C:\new\doctorundo\backend\venv\Lib\site-packages\starlette\_exception_handler.py", line 62, in wrapped_app
    raise exc
  File "C:\new\doctorundo\backend\venv\Lib\site-packages\starlette\_exception_handler.py", line 51, in wrapped_app
    await app(scope, receive, sender)
  File "C:\new\doctorundo\backend\venv\Lib\site-packages\starlette\routing.py", line 715, in __call__
    await self.middleware_stack(scope, receive, send)
  File "C:\new\doctorundo\backend\venv\Lib\site-packages\starlette\routing.py", line 735, in app
    await route.handle(scope, receive, send)
  File "C:\new\doctorundo\backend\venv\Lib\site-packages\starlette\routing.py", line 288, in handle
    await self.app(scope, receive, send)
  File "C:\new\doctorundo\backend\venv\Lib\site-packages\starlette\routing.py", line 76, in app
    await wrap_app_handling_exceptions(app, request)(scope, receive, send)
  File "C:\new\doctorundo\backend\venv\Lib\site-packages\starlette\_exception_handler.py", line 62, in wrapped_app
    raise exc
  File "C:\new\doctorundo\backend\venv\Lib\site-packages\starlette\_exception_handler.py", line 51, in wrapped_app
    await app(scope, receive, sender)
  File "C:\new\doctorundo\backend\venv\Lib\site-packages\starlette\routing.py", line 73, in app
    response = await f(request)
               ^^^^^^^^^^^^^^^^
  File "C:\new\doctorundo\backend\venv\Lib\site-packages\fastapi\routing.py", line 301, in app
    raw_response = await run_endpoint_function(
                   ^^^^^^^^^^^^^^^^^^^^^^^^^^^^
  File "C:\new\doctorundo\backend\venv\Lib\site-packages\fastapi\routing.py", line 212, in run_endpoint_function
    return await dependant.call(**values)
           ^^^^^^^^^^^^^^^^^^^^^^^^^^^^^^
  File "C:\new\doctorundo\backend\app\routers\doctors.py", line 64, in get_doctor_profile
    doctor = supabase_store.get_doctor_by_id(doctor_id)
             ^^^^^^^^^^^^^^^^^^^^^^^^^^^^^^^^^^^^^^^^^^
  File "C:\new\doctorundo\backend\app\services\supabase_store.py", line 53, in get_doctor_by_id
    response = self.client.table("doctors").select("*").eq("id", doctor_id).execute()
               ^^^^^^^^^^^
  File "C:\new\doctorundo\backend\app\services\supabase_store.py", line 34, in client
    self._client = get_supabase_client()
                   ^^^^^^^^^^^^^^^^^^^^^
  File "C:\new\doctorundo\backend\app\db.py", line 17, in get_supabase_client
    from supabase import create_client
  File "C:\new\doctorundo\backend\venv\Lib\site-packages\supabase\__init__.py", line 7, in <module>
    from ._async.client import AsyncClient as AClient
  File "C:\new\doctorundo\backend\venv\Lib\site-packages\supabase\_async\client.py", line 18, in <module>
    from ..lib.client_options import ClientOptions
  File "C:\new\doctorundo\backend\venv\Lib\site-packages\supabase\lib\client_options.py", line 8, in <module>
    from supafunc.utils import DEFAULT_FUNCTION_CLIENT_TIMEOUT
ImportError: cannot import name 'DEFAULT_FUNCTION_CLIENT_TIMEOUT' from 'supafunc.utils' (C:\new\doctorundo\backend\venv\Lib\site-packages\supafunc\utils.py)
2026-09-12T13:58:18 INFO     app.routers.doctors | Doctor profile requested doctor_id=f3943902-8deb-4555-ba79-8c520be85999
2026-09-12T13:58:18 INFO     app.services.supabase_store | Creating Supabase client
2026-09-12T13:58:18 ERROR    app.main | Request failed request_id=f7d1f47c-b5fd-43c9-82ab-06e0932c49f3 method=GET path=/api/v1/doctors/me
Traceback (most recent call last):
  File "C:\new\doctorundo\backend\venv\Lib\site-packages\starlette\middleware\base.py", line 157, in call_next
    message = await recv_stream.receive()
              ^^^^^^^^^^^^^^^^^^^^^^^^^^^
  File "C:\new\doctorundo\backend\venv\Lib\site-packages\anyio\streams\memory.py", line 98, in receive
    return self.receive_nowait()
           ^^^^^^^^^^^^^^^^^^^^^
  File "C:\new\doctorundo\backend\venv\Lib\site-packages\anyio\streams\memory.py", line 91, in receive_nowait
    raise EndOfStream
anyio.EndOfStream

During handling of the above exception, another exception occurred:

Traceback (most recent call last):
  File "C:\new\doctorundo\backend\app\main.py", line 47, in log_request
    response = await call_next(request)
               ^^^^^^^^^^^^^^^^^^^^^^^^
  File "C:\new\doctorundo\backend\venv\Lib\site-packages\starlette\middleware\base.py", line 163, in call_next
    raise app_exc
  File "C:\new\doctorundo\backend\venv\Lib\site-packages\starlette\middleware\base.py", line 149, in coro
    await self.app(scope, receive_or_disconnect, send_no_error)
  File "C:\new\doctorundo\backend\venv\Lib\site-packages\starlette\middleware\cors.py", line 93, in __call__
    await self.simple_response(scope, receive, send, request_headers=headers)
  File "C:\new\doctorundo\backend\venv\Lib\site-packages\starlette\middleware\cors.py", line 144, in simple_response
    await self.app(scope, receive, send)
  File "C:\new\doctorundo\backend\venv\Lib\site-packages\starlette\middleware\exceptions.py", line 62, in __call__
    await wrap_app_handling_exceptions(self.app, conn)(scope, receive, send)
  File "C:\new\doctorundo\backend\venv\Lib\site-packages\starlette\_exception_handler.py", line 62, in wrapped_app
    raise exc
  File "C:\new\doctorundo\backend\venv\Lib\site-packages\starlette\_exception_handler.py", line 51, in wrapped_app
    await app(scope, receive, sender)
  File "C:\new\doctorundo\backend\venv\Lib\site-packages\starlette\routing.py", line 715, in __call__
    await self.middleware_stack(scope, receive, send)
  File "C:\new\doctorundo\backend\venv\Lib\site-packages\starlette\routing.py", line 735, in app
    await route.handle(scope, receive, send)
  File "C:\new\doctorundo\backend\venv\Lib\site-packages\starlette\routing.py", line 288, in handle
    await self.app(scope, receive, send)
  File "C:\new\doctorundo\backend\venv\Lib\site-packages\starlette\routing.py", line 76, in app
    await wrap_app_handling_exceptions(app, request)(scope, receive, send)
  File "C:\new\doctorundo\backend\venv\Lib\site-packages\starlette\_exception_handler.py", line 62, in wrapped_app
    raise exc
  File "C:\new\doctorundo\backend\venv\Lib\site-packages\starlette\_exception_handler.py", line 51, in wrapped_app
    await app(scope, receive, sender)
  File "C:\new\doctorundo\backend\venv\Lib\site-packages\starlette\routing.py", line 73, in app
    response = await f(request)
               ^^^^^^^^^^^^^^^^
  File "C:\new\doctorundo\backend\venv\Lib\site-packages\fastapi\routing.py", line 301, in app
    raw_response = await run_endpoint_function(
                   ^^^^^^^^^^^^^^^^^^^^^^^^^^^^
  File "C:\new\doctorundo\backend\venv\Lib\site-packages\fastapi\routing.py", line 212, in run_endpoint_function
    return await dependant.call(**values)
           ^^^^^^^^^^^^^^^^^^^^^^^^^^^^^^
  File "C:\new\doctorundo\backend\app\routers\doctors.py", line 64, in get_doctor_profile
    doctor = supabase_store.get_doctor_by_id(doctor_id)
             ^^^^^^^^^^^^^^^^^^^^^^^^^^^^^^^^^^^^^^^^^^
  File "C:\new\doctorundo\backend\app\services\supabase_store.py", line 53, in get_doctor_by_id
    response = self.client.table("doctors").select("*").eq("id", doctor_id).execute()
               ^^^^^^^^^^^
  File "C:\new\doctorundo\backend\app\services\supabase_store.py", line 34, in client
    self._client = get_supabase_client()
                   ^^^^^^^^^^^^^^^^^^^^^
  File "C:\new\doctorundo\backend\app\db.py", line 17, in get_supabase_client
    from supabase import create_client
  File "C:\new\doctorundo\backend\venv\Lib\site-packages\supabase\__init__.py", line 7, in <module>
    from ._async.client import AsyncClient as AClient
  File "C:\new\doctorundo\backend\venv\Lib\site-packages\supabase\_async\client.py", line 18, in <module>
    from ..lib.client_options import ClientOptions
  File "C:\new\doctorundo\backend\venv\Lib\site-packages\supabase\lib\client_options.py", line 8, in <module>
    from supafunc.utils import DEFAULT_FUNCTION_CLIENT_TIMEOUT
ImportError: cannot import name 'DEFAULT_FUNCTION_CLIENT_TIMEOUT' from 'supafunc.utils' (C:\new\doctorundo\backend\venv\Lib\site-packages\supafunc\utils.py)
2026-09-12T13:58:18 INFO     app.routers.doctors | Doctor profile requested doctor_id=f3943902-8deb-4555-ba79-8c520be85999
2026-09-12T13:58:18 INFO     app.services.supabase_store | Creating Supabase client
2026-09-12T13:58:18 ERROR    app.main | Request failed request_id=168cc36d-1d86-408a-a2c2-142cb5f64752 method=GET path=/api/v1/doctors/me
Traceback (most recent call last):
  File "C:\new\doctorundo\backend\venv\Lib\site-packages\starlette\middleware\base.py", line 157, in call_next
    message = await recv_stream.receive()
              ^^^^^^^^^^^^^^^^^^^^^^^^^^^
  File "C:\new\doctorundo\backend\venv\Lib\site-packages\anyio\streams\memory.py", line 98, in receive
    return self.receive_nowait()
           ^^^^^^^^^^^^^^^^^^^^^
  File "C:\new\doctorundo\backend\venv\Lib\site-packages\anyio\streams\memory.py", line 91, in receive_nowait
    raise EndOfStream
anyio.EndOfStream

During handling of the above exception, another exception occurred:

Traceback (most recent call last):
  File "C:\new\doctorundo\backend\app\main.py", line 47, in log_request
    response = await call_next(request)
               ^^^^^^^^^^^^^^^^^^^^^^^^
  File "C:\new\doctorundo\backend\venv\Lib\site-packages\starlette\middleware\base.py", line 163, in call_next
    raise app_exc
  File "C:\new\doctorundo\backend\venv\Lib\site-packages\starlette\middleware\base.py", line 149, in coro
    await self.app(scope, receive_or_disconnect, send_no_error)
  File "C:\new\doctorundo\backend\venv\Lib\site-packages\starlette\middleware\cors.py", line 93, in __call__
    await self.simple_response(scope, receive, send, request_headers=headers)
  File "C:\new\doctorundo\backend\venv\Lib\site-packages\starlette\middleware\cors.py", line 144, in simple_response
    await self.app(scope, receive, send)
  File "C:\new\doctorundo\backend\venv\Lib\site-packages\starlette\middleware\exceptions.py", line 62, in __call__
    await wrap_app_handling_exceptions(self.app, conn)(scope, receive, send)
  File "C:\new\doctorundo\backend\venv\Lib\site-packages\starlette\_exception_handler.py", line 62, in wrapped_app
    raise exc
  File "C:\new\doctorundo\backend\venv\Lib\site-packages\starlette\_exception_handler.py", line 51, in wrapped_app
    await app(scope, receive, sender)
  File "C:\new\doctorundo\backend\venv\Lib\site-packages\starlette\routing.py", line 715, in __call__
    await self.middleware_stack(scope, receive, send)
  File "C:\new\doctorundo\backend\venv\Lib\site-packages\starlette\routing.py", line 735, in app
    await route.handle(scope, receive, send)
  File "C:\new\doctorundo\backend\venv\Lib\site-packages\starlette\routing.py", line 288, in handle
    await self.app(scope, receive, send)
  File "C:\new\doctorundo\backend\venv\Lib\site-packages\starlette\routing.py", line 76, in app
    await wrap_app_handling_exceptions(app, request)(scope, receive, send)
  File "C:\new\doctorundo\backend\venv\Lib\site-packages\starlette\_exception_handler.py", line 62, in wrapped_app
    raise exc
  File "C:\new\doctorundo\backend\venv\Lib\site-packages\starlette\_exception_handler.py", line 51, in wrapped_app
    await app(scope, receive, sender)
  File "C:\new\doctorundo\backend\venv\Lib\site-packages\starlette\routing.py", line 73, in app
    response = await f(request)
               ^^^^^^^^^^^^^^^^
  File "C:\new\doctorundo\backend\venv\Lib\site-packages\fastapi\routing.py", line 301, in app
    raw_response = await run_endpoint_function(
                   ^^^^^^^^^^^^^^^^^^^^^^^^^^^^
  File "C:\new\doctorundo\backend\venv\Lib\site-packages\fastapi\routing.py", line 212, in run_endpoint_function
    return await dependant.call(**values)
           ^^^^^^^^^^^^^^^^^^^^^^^^^^^^^^
  File "C:\new\doctorundo\backend\app\routers\doctors.py", line 64, in get_doctor_profile
    doctor = supabase_store.get_doctor_by_id(doctor_id)
             ^^^^^^^^^^^^^^^^^^^^^^^^^^^^^^^^^^^^^^^^^^
  File "C:\new\doctorundo\backend\app\services\supabase_store.py", line 53, in get_doctor_by_id
    response = self.client.table("doctors").select("*").eq("id", doctor_id).execute()
               ^^^^^^^^^^^
  File "C:\new\doctorundo\backend\app\services\supabase_store.py", line 34, in client
    self._client = get_supabase_client()
                   ^^^^^^^^^^^^^^^^^^^^^
  File "C:\new\doctorundo\backend\app\db.py", line 17, in get_supabase_client
    from supabase import create_client
  File "C:\new\doctorundo\backend\venv\Lib\site-packages\supabase\__init__.py", line 7, in <module>
    from ._async.client import AsyncClient as AClient
  File "C:\new\doctorundo\backend\venv\Lib\site-packages\supabase\_async\client.py", line 18, in <module>
    from ..lib.client_options import ClientOptions
  File "C:\new\doctorundo\backend\venv\Lib\site-packages\supabase\lib\client_options.py", line 8, in <module>
    from supafunc.utils import DEFAULT_FUNCTION_CLIENT_TIMEOUT
ImportError: cannot import name 'DEFAULT_FUNCTION_CLIENT_TIMEOUT' from 'supafunc.utils' (C:\new\doctorundo\backend\venv\Lib\site-packages\supafunc\utils.py)
2026-09-12T13:58:19 INFO     app.routers.search | Doctor search requested specialty=all radius_km=10.0
2026-09-12T13:58:19 INFO     app.services.supabase_store | Supabase search doctors specialty=all radius_km=10.0
2026-09-12T13:58:19 INFO     app.services.supabase_store | Creating Supabase client
2026-09-12T13:58:19 ERROR    app.main | Request failed request_id=6c575cfa-f05c-41fa-83c7-72ed1a28909d method=GET path=/api/v1/search
Traceback (most recent call last):
  File "C:\new\doctorundo\backend\venv\Lib\site-packages\starlette\middleware\base.py", line 157, in call_next
    message = await recv_stream.receive()
              ^^^^^^^^^^^^^^^^^^^^^^^^^^^
  File "C:\new\doctorundo\backend\venv\Lib\site-packages\anyio\streams\memory.py", line 98, in receive
    return self.receive_nowait()
           ^^^^^^^^^^^^^^^^^^^^^
  File "C:\new\doctorundo\backend\venv\Lib\site-packages\anyio\streams\memory.py", line 91, in receive_nowait
    raise EndOfStream
anyio.EndOfStream

During handling of the above exception, another exception occurred:

Traceback (most recent call last):
  File "C:\new\doctorundo\backend\app\main.py", line 47, in log_request
    response = await call_next(request)
               ^^^^^^^^^^^^^^^^^^^^^^^^
  File "C:\new\doctorundo\backend\venv\Lib\site-packages\starlette\middleware\base.py", line 163, in call_next
    raise app_exc
  File "C:\new\doctorundo\backend\venv\Lib\site-packages\starlette\middleware\base.py", line 149, in coro
    await self.app(scope, receive_or_disconnect, send_no_error)
  File "C:\new\doctorundo\backend\venv\Lib\site-packages\starlette\middleware\cors.py", line 93, in __call__
    await self.simple_response(scope, receive, send, request_headers=headers)
  File "C:\new\doctorundo\backend\venv\Lib\site-packages\starlette\middleware\cors.py", line 144, in simple_response
    await self.app(scope, receive, send)
  File "C:\new\doctorundo\backend\venv\Lib\site-packages\starlette\middleware\exceptions.py", line 62, in __call__
    await wrap_app_handling_exceptions(self.app, conn)(scope, receive, send)
  File "C:\new\doctorundo\backend\venv\Lib\site-packages\starlette\_exception_handler.py", line 62, in wrapped_app
    raise exc
  File "C:\new\doctorundo\backend\venv\Lib\site-packages\starlette\_exception_handler.py", line 51, in wrapped_app
    await app(scope, receive, sender)
  File "C:\new\doctorundo\backend\venv\Lib\site-packages\starlette\routing.py", line 715, in __call__
    await self.middleware_stack(scope, receive, send)
  File "C:\new\doctorundo\backend\venv\Lib\site-packages\starlette\routing.py", line 735, in app
    await route.handle(scope, receive, send)
  File "C:\new\doctorundo\backend\venv\Lib\site-packages\starlette\routing.py", line 288, in handle
    await self.app(scope, receive, send)
  File "C:\new\doctorundo\backend\venv\Lib\site-packages\starlette\routing.py", line 76, in app
    await wrap_app_handling_exceptions(app, request)(scope, receive, send)
  File "C:\new\doctorundo\backend\venv\Lib\site-packages\starlette\_exception_handler.py", line 62, in wrapped_app
    raise exc
  File "C:\new\doctorundo\backend\venv\Lib\site-packages\starlette\_exception_handler.py", line 51, in wrapped_app
    await app(scope, receive, sender)
  File "C:\new\doctorundo\backend\venv\Lib\site-packages\starlette\routing.py", line 73, in app
    response = await f(request)
               ^^^^^^^^^^^^^^^^
  File "C:\new\doctorundo\backend\venv\Lib\site-packages\fastapi\routing.py", line 301, in app
    raw_response = await run_endpoint_function(
                   ^^^^^^^^^^^^^^^^^^^^^^^^^^^^
  File "C:\new\doctorundo\backend\venv\Lib\site-packages\fastapi\routing.py", line 212, in run_endpoint_function
    return await dependant.call(**values)
           ^^^^^^^^^^^^^^^^^^^^^^^^^^^^^^
  File "C:\new\doctorundo\backend\app\routers\search.py", line 33, in search_doctors
    remote_results = supabase_store.search_doctors(lat, lng, specialty, radius_km)
                     ^^^^^^^^^^^^^^^^^^^^^^^^^^^^^^^^^^^^^^^^^^^^^^^^^^^^^^^^^^^^^
  File "C:\new\doctorundo\backend\app\services\supabase_store.py", line 104, in search_doctors
    query = self.client.table("doctors").select("*, clinics(*), availability(*)")
            ^^^^^^^^^^^
  File "C:\new\doctorundo\backend\app\services\supabase_store.py", line 34, in client
    self._client = get_supabase_client()
                   ^^^^^^^^^^^^^^^^^^^^^
  File "C:\new\doctorundo\backend\app\db.py", line 17, in get_supabase_client
    from supabase import create_client
  File "C:\new\doctorundo\backend\venv\Lib\site-packages\supabase\__init__.py", line 7, in <module>
    from ._async.client import AsyncClient as AClient
  File "C:\new\doctorundo\backend\venv\Lib\site-packages\supabase\_async\client.py", line 18, in <module>
    from ..lib.client_options import ClientOptions
  File "C:\new\doctorundo\backend\venv\Lib\site-packages\supabase\lib\client_options.py", line 8, in <module>
    from supafunc.utils import DEFAULT_FUNCTION_CLIENT_TIMEOUT
ImportError: cannot import name 'DEFAULT_FUNCTION_CLIENT_TIMEOUT' from 'supafunc.utils' (C:\new\doctorundo\backend\venv\Lib\site-packages\supafunc\utils.py)
2026-09-12T13:58:20 INFO     app.routers.search | Doctor search requested specialty=all radius_km=10.0
2026-09-12T13:58:20 INFO     app.services.supabase_store | Supabase search doctors specialty=all radius_km=10.0
2026-09-12T13:58:20 INFO     app.services.supabase_store | Creating Supabase client
2026-09-12T13:58:20 ERROR    app.main | Request failed request_id=c42cfbb9-ad5a-4c62-a371-93718e80f9ed method=GET path=/api/v1/search
Traceback (most recent call last):
  File "C:\new\doctorundo\backend\venv\Lib\site-packages\starlette\middleware\base.py", line 157, in call_next
    message = await recv_stream.receive()
              ^^^^^^^^^^^^^^^^^^^^^^^^^^^
  File "C:\new\doctorundo\backend\venv\Lib\site-packages\anyio\streams\memory.py", line 98, in receive
    return self.receive_nowait()
           ^^^^^^^^^^^^^^^^^^^^^
  File "C:\new\doctorundo\backend\venv\Lib\site-packages\anyio\streams\memory.py", line 91, in receive_nowait
    raise EndOfStream
anyio.EndOfStream

During handling of the above exception, another exception occurred:

Traceback (most recent call last):
  File "C:\new\doctorundo\backend\app\main.py", line 47, in log_request
    response = await call_next(request)
               ^^^^^^^^^^^^^^^^^^^^^^^^
  File "C:\new\doctorundo\backend\venv\Lib\site-packages\starlette\middleware\base.py", line 163, in call_next
    raise app_exc
  File "C:\new\doctorundo\backend\venv\Lib\site-packages\starlette\middleware\base.py", line 149, in coro
    await self.app(scope, receive_or_disconnect, send_no_error)
  File "C:\new\doctorundo\backend\venv\Lib\site-packages\starlette\middleware\cors.py", line 93, in __call__
    await self.simple_response(scope, receive, send, request_headers=headers)
  File "C:\new\doctorundo\backend\venv\Lib\site-packages\starlette\middleware\cors.py", line 144, in simple_response
    await self.app(scope, receive, send)
  File "C:\new\doctorundo\backend\venv\Lib\site-packages\starlette\middleware\exceptions.py", line 62, in __call__
    await wrap_app_handling_exceptions(self.app, conn)(scope, receive, send)
  File "C:\new\doctorundo\backend\venv\Lib\site-packages\starlette\_exception_handler.py", line 62, in wrapped_app
    raise exc
  File "C:\new\doctorundo\backend\venv\Lib\site-packages\starlette\_exception_handler.py", line 51, in wrapped_app
    await app(scope, receive, sender)
  File "C:\new\doctorundo\backend\venv\Lib\site-packages\starlette\routing.py", line 715, in __call__
    await self.middleware_stack(scope, receive, send)
  File "C:\new\doctorundo\backend\venv\Lib\site-packages\starlette\routing.py", line 735, in app
    await route.handle(scope, receive, send)
  File "C:\new\doctorundo\backend\venv\Lib\site-packages\starlette\routing.py", line 288, in handle
    await self.app(scope, receive, send)
  File "C:\new\doctorundo\backend\venv\Lib\site-packages\starlette\routing.py", line 76, in app
    await wrap_app_handling_exceptions(app, request)(scope, receive, send)
  File "C:\new\doctorundo\backend\venv\Lib\site-packages\starlette\_exception_handler.py", line 62, in wrapped_app
    raise exc
  File "C:\new\doctorundo\backend\venv\Lib\site-packages\starlette\_exception_handler.py", line 51, in wrapped_app
    await app(scope, receive, sender)
  File "C:\new\doctorundo\backend\venv\Lib\site-packages\starlette\routing.py", line 73, in app
    response = await f(request)
               ^^^^^^^^^^^^^^^^
  File "C:\new\doctorundo\backend\venv\Lib\site-packages\fastapi\routing.py", line 301, in app
    raw_response = await run_endpoint_function(
                   ^^^^^^^^^^^^^^^^^^^^^^^^^^^^
  File "C:\new\doctorundo\backend\venv\Lib\site-packages\fastapi\routing.py", line 212, in run_endpoint_function
    return await dependant.call(**values)
           ^^^^^^^^^^^^^^^^^^^^^^^^^^^^^^
  File "C:\new\doctorundo\backend\app\routers\search.py", line 33, in search_doctors
    remote_results = supabase_store.search_doctors(lat, lng, specialty, radius_km)
                     ^^^^^^^^^^^^^^^^^^^^^^^^^^^^^^^^^^^^^^^^^^^^^^^^^^^^^^^^^^^^^
  File "C:\new\doctorundo\backend\app\services\supabase_store.py", line 104, in search_doctors
    query = self.client.table("doctors").select("*, clinics(*), availability(*)")
            ^^^^^^^^^^^
  File "C:\new\doctorundo\backend\app\services\supabase_store.py", line 34, in client
    self._client = get_supabase_client()
                   ^^^^^^^^^^^^^^^^^^^^^
  File "C:\new\doctorundo\backend\app\db.py", line 17, in get_supabase_client
    from supabase import create_client
  File "C:\new\doctorundo\backend\venv\Lib\site-packages\supabase\__init__.py", line 7, in <module>
    from ._async.client import AsyncClient as AClient
  File "C:\new\doctorundo\backend\venv\Lib\site-packages\supabase\_async\client.py", line 18, in <module>
    from ..lib.client_options import ClientOptions
  File "C:\new\doctorundo\backend\venv\Lib\site-packages\supabase\lib\client_options.py", line 8, in <module>
    from supafunc.utils import DEFAULT_FUNCTION_CLIENT_TIMEOUT
ImportError: cannot import name 'DEFAULT_FUNCTION_CLIENT_TIMEOUT' from 'supafunc.utils' (C:\new\doctorundo\backend\venv\Lib\site-packages\supafunc\utils.py)
2026-09-12T13:58:20 INFO     app.routers.search | Doctor search requested specialty=all radius_km=10.0
2026-09-12T13:58:20 INFO     app.services.supabase_store | Supabase search doctors specialty=all radius_km=10.0
2026-09-12T13:58:20 INFO     app.services.supabase_store | Creating Supabase client
2026-09-12T13:58:20 ERROR    app.main | Request failed request_id=7bb0a233-b2c2-4f24-bc73-ebebfc6427f0 method=GET path=/api/v1/search
Traceback (most recent call last):
  File "C:\new\doctorundo\backend\venv\Lib\site-packages\starlette\middleware\base.py", line 157, in call_next
    message = await recv_stream.receive()
              ^^^^^^^^^^^^^^^^^^^^^^^^^^^
  File "C:\new\doctorundo\backend\venv\Lib\site-packages\anyio\streams\memory.py", line 98, in receive
    return self.receive_nowait()
           ^^^^^^^^^^^^^^^^^^^^^
  File "C:\new\doctorundo\backend\venv\Lib\site-packages\anyio\streams\memory.py", line 91, in receive_nowait
    raise EndOfStream
anyio.EndOfStream

During handling of the above exception, another exception occurred:

Traceback (most recent call last):
  File "C:\new\doctorundo\backend\app\main.py", line 47, in log_request
    response = await call_next(request)
               ^^^^^^^^^^^^^^^^^^^^^^^^
  File "C:\new\doctorundo\backend\venv\Lib\site-packages\starlette\middleware\base.py", line 163, in call_next
    raise app_exc
  File "C:\new\doctorundo\backend\venv\Lib\site-packages\starlette\middleware\base.py", line 149, in coro
    await self.app(scope, receive_or_disconnect, send_no_error)
  File "C:\new\doctorundo\backend\venv\Lib\site-packages\starlette\middleware\cors.py", line 93, in __call__
    await self.simple_response(scope, receive, send, request_headers=headers)
  File "C:\new\doctorundo\backend\venv\Lib\site-packages\starlette\middleware\cors.py", line 144, in simple_response
    await self.app(scope, receive, send)
  File "C:\new\doctorundo\backend\venv\Lib\site-packages\starlette\middleware\exceptions.py", line 62, in __call__
    await wrap_app_handling_exceptions(self.app, conn)(scope, receive, send)
  File "C:\new\doctorundo\backend\venv\Lib\site-packages\starlette\_exception_handler.py", line 62, in wrapped_app
    raise exc
  File "C:\new\doctorundo\backend\venv\Lib\site-packages\starlette\_exception_handler.py", line 51, in wrapped_app
    await app(scope, receive, sender)
  File "C:\new\doctorundo\backend\venv\Lib\site-packages\starlette\routing.py", line 715, in __call__
    await self.middleware_stack(scope, receive, send)
  File "C:\new\doctorundo\backend\venv\Lib\site-packages\starlette\routing.py", line 735, in app
    await route.handle(scope, receive, send)
  File "C:\new\doctorundo\backend\venv\Lib\site-packages\starlette\routing.py", line 288, in handle
    await self.app(scope, receive, send)
  File "C:\new\doctorundo\backend\venv\Lib\site-packages\starlette\routing.py", line 76, in app
    await wrap_app_handling_exceptions(app, request)(scope, receive, send)
  File "C:\new\doctorundo\backend\venv\Lib\site-packages\starlette\_exception_handler.py", line 62, in wrapped_app
    raise exc
  File "C:\new\doctorundo\backend\venv\Lib\site-packages\starlette\_exception_handler.py", line 51, in wrapped_app
    await app(scope, receive, sender)
  File "C:\new\doctorundo\backend\venv\Lib\site-packages\starlette\routing.py", line 73, in app
    response = await f(request)
               ^^^^^^^^^^^^^^^^
  File "C:\new\doctorundo\backend\venv\Lib\site-packages\fastapi\routing.py", line 301, in app
    raw_response = await run_endpoint_function(
                   ^^^^^^^^^^^^^^^^^^^^^^^^^^^^
  File "C:\new\doctorundo\backend\venv\Lib\site-packages\fastapi\routing.py", line 212, in run_endpoint_function
    return await dependant.call(**values)
           ^^^^^^^^^^^^^^^^^^^^^^^^^^^^^^
  File "C:\new\doctorundo\backend\app\routers\search.py", line 33, in search_doctors
    remote_results = supabase_store.search_doctors(lat, lng, specialty, radius_km)
                     ^^^^^^^^^^^^^^^^^^^^^^^^^^^^^^^^^^^^^^^^^^^^^^^^^^^^^^^^^^^^^
  File "C:\new\doctorundo\backend\app\services\supabase_store.py", line 104, in search_doctors
    query = self.client.table("doctors").select("*, clinics(*), availability(*)")
            ^^^^^^^^^^^
  File "C:\new\doctorundo\backend\app\services\supabase_store.py", line 34, in client
    self._client = get_supabase_client()
                   ^^^^^^^^^^^^^^^^^^^^^
  File "C:\new\doctorundo\backend\app\db.py", line 17, in get_supabase_client
    from supabase import create_client
  File "C:\new\doctorundo\backend\venv\Lib\site-packages\supabase\__init__.py", line 7, in <module>
    from ._async.client import AsyncClient as AClient
  File "C:\new\doctorundo\backend\venv\Lib\site-packages\supabase\_async\client.py", line 18, in <module>
    from ..lib.client_options import ClientOptions
  File "C:\new\doctorundo\backend\venv\Lib\site-packages\supabase\lib\client_options.py", line 8, in <module>
    from supafunc.utils import DEFAULT_FUNCTION_CLIENT_TIMEOUT
ImportError: cannot import name 'DEFAULT_FUNCTION_CLIENT_TIMEOUT' from 'supafunc.utils' (C:\new\doctorundo\backend\venv\Lib\site-packages\supafunc\utils.py)
2026-09-12T14:00:19 INFO     app.main | Application starting environment=development debug=True
2026-09-12T14:00:34 INFO     app.routers.search | Doctor search requested specialty=all radius_km=10.0
2026-09-12T14:00:34 INFO     app.services.supabase_store | Supabase search doctors specialty=all radius_km=10.0
2026-09-12T14:00:34 INFO     app.services.supabase_store | Creating Supabase client
2026-09-12T14:00:34 INFO     app.db | Initializing Supabase service-role client
2026-09-12T14:00:38 INFO     httpx | HTTP Request: GET https://cojqrbvczpzbvcewgxgf.supabase.co/rest/v1/doctors?select=%2A%2C+clinics%28%2A%29%2C+availability%28%2A%29 "HTTP/2 200 OK"
2026-09-12T14:00:38 INFO     app.services.supabase_store | Supabase search doctors completed result_count=0
2026-09-12T14:00:38 INFO     app.routers.search | Doctor search completed result_count=0
2026-09-12T14:00:38 INFO     app.main | Request complete request_id=7283fb83-637f-48fc-806a-f19c45ac6c05 method=GET path=/api/v1/search status=200 duration_ms=4678.6 client=127.0.0.1
2026-09-12T14:01:00 INFO     app.main | Request complete request_id=4721137e-1297-4fe3-a3bb-2a38b8af495d method=OPTIONS path=/api/v1/search status=200 duration_ms=0.4 client=127.0.0.1
2026-09-12T14:01:00 INFO     app.routers.search | Doctor search requested specialty=all radius_km=50.0
2026-09-12T14:01:00 INFO     app.services.supabase_store | Supabase search doctors specialty=all radius_km=50.0
2026-09-12T14:01:00 INFO     httpx | HTTP Request: GET https://cojqrbvczpzbvcewgxgf.supabase.co/rest/v1/doctors?select=%2A%2C+clinics%28%2A%29%2C+availability%28%2A%29 "HTTP/2 200 OK"
2026-09-12T14:01:00 INFO     app.services.supabase_store | Supabase search doctors completed result_count=2
2026-09-12T14:01:00 INFO     app.routers.search | Doctor search completed result_count=2
2026-09-12T14:01:00 INFO     app.main | Request complete request_id=59a9ad42-594c-4a7e-a7d3-ec94f257aa71 method=GET path=/api/v1/search status=200 duration_ms=280.2 client=127.0.0.1
2026-09-12T14:10:41 INFO     app.main | Request complete request_id=3cab3536-5800-4422-952e-def83ce7c758 method=OPTIONS path=/api/v1/search status=200 duration_ms=14.7 client=127.0.0.1
2026-09-12T14:10:41 INFO     app.routers.search | Doctor search requested specialty=all radius_km=10.0
2026-09-12T14:10:41 INFO     app.services.supabase_store | Supabase search doctors specialty=all radius_km=10.0
2026-09-12T14:10:42 INFO     httpx | HTTP Request: GET https://cojqrbvczpzbvcewgxgf.supabase.co/rest/v1/doctors?select=%2A%2C+clinics%28%2A%29%2C+availability%28%2A%29 "HTTP/2 200 OK"
2026-09-12T14:10:42 INFO     app.services.supabase_store | Supabase search doctors completed result_count=0
2026-09-12T14:10:42 INFO     app.routers.search | Doctor search completed result_count=0
2026-09-12T14:10:42 INFO     app.main | Request complete request_id=cfe8ff59-b51c-4a79-982e-d424193e40a7 method=GET path=/api/v1/search status=200 duration_ms=935.8 client=127.0.0.1
2026-09-12T14:11:11 INFO     app.main | Request complete request_id=96522f70-735e-40b5-898a-10126e3304fb method=OPTIONS path=/api/v1/search status=200 duration_ms=0.4 client=127.0.0.1
2026-09-12T14:11:11 INFO     app.routers.search | Doctor search requested specialty=all radius_km=50.0
2026-09-12T14:11:11 INFO     app.services.supabase_store | Supabase search doctors specialty=all radius_km=50.0
2026-09-12T14:11:11 INFO     httpx | HTTP Request: GET https://cojqrbvczpzbvcewgxgf.supabase.co/rest/v1/doctors?select=%2A%2C+clinics%28%2A%29%2C+availability%28%2A%29 "HTTP/2 200 OK"
2026-09-12T14:11:11 INFO     app.services.supabase_store | Supabase search doctors completed result_count=2
2026-09-12T14:11:11 INFO     app.routers.search | Doctor search completed result_count=2
2026-09-12T14:11:11 INFO     app.main | Request complete request_id=299d6847-b3d6-4167-8301-c2262211d50b method=GET path=/api/v1/search status=200 duration_ms=430.8 client=127.0.0.1
2026-09-12T14:11:19 INFO     app.main | Request complete request_id=82b4105c-a68c-450b-895e-94c4cdd43544 method=OPTIONS path=/api/v1/doctors/me status=200 duration_ms=0.7 client=127.0.0.1
2026-09-12T14:11:19 INFO     app.main | Request complete request_id=f36d15c5-b881-4189-831f-9012da99810d method=OPTIONS path=/api/v1/doctors/me status=200 duration_ms=7.5 client=127.0.0.1
2026-09-12T14:11:20 INFO     app.routers.doctors | Doctor profile requested doctor_id=f3943902-8deb-4555-ba79-8c520be85999
2026-09-12T14:11:20 INFO     httpx | HTTP Request: GET https://cojqrbvczpzbvcewgxgf.supabase.co/rest/v1/doctors?select=%2A&id=eq.f3943902-8deb-4555-ba79-8c520be85999 "HTTP/2 200 OK"
2026-09-12T14:11:20 INFO     httpx | HTTP Request: GET https://cojqrbvczpzbvcewgxgf.supabase.co/rest/v1/clinics?select=%2A&doctor_id=eq.f3943902-8deb-4555-ba79-8c520be85999 "HTTP/2 200 OK"
2026-09-12T14:11:20 INFO     app.main | Request complete request_id=6535310c-fee0-4abd-b8a8-ed638fead6fc method=GET path=/api/v1/doctors/me status=200 duration_ms=361.7 client=127.0.0.1
2026-09-12T14:11:20 INFO     app.routers.doctors | Doctor profile requested doctor_id=f3943902-8deb-4555-ba79-8c520be85999
2026-09-12T14:11:20 INFO     httpx | HTTP Request: GET https://cojqrbvczpzbvcewgxgf.supabase.co/rest/v1/doctors?select=%2A&id=eq.f3943902-8deb-4555-ba79-8c520be85999 "HTTP/2 200 OK"
2026-09-12T14:11:20 INFO     httpx | HTTP Request: GET https://cojqrbvczpzbvcewgxgf.supabase.co/rest/v1/clinics?select=%2A&doctor_id=eq.f3943902-8deb-4555-ba79-8c520be85999 "HTTP/2 200 OK"
2026-09-12T14:11:20 INFO     app.main | Request complete request_id=25767138-04c8-475b-9139-89a7660ee7bb method=GET path=/api/v1/doctors/me status=200 duration_ms=261.4 client=127.0.0.1
2026-09-12T14:11:36 INFO     app.main | Request complete request_id=77b7525f-2ad5-4c65-832e-9cff676906ae method=OPTIONS path=/api/v1/doctors/me/clinic status=200 duration_ms=0.5 client=127.0.0.1
2026-09-12T14:11:36 INFO     app.routers.doctors | Clinic upsert requested doctor_id=f3943902-8deb-4555-ba79-8c520be85999 address=e
2026-09-12T14:11:36 INFO     httpx | HTTP Request: GET https://cojqrbvczpzbvcewgxgf.supabase.co/rest/v1/doctors?select=%2A&id=eq.f3943902-8deb-4555-ba79-8c520be85999 "HTTP/2 200 OK"
2026-09-12T14:11:36 INFO     app.routers.doctors | Clinic upsert using provided coordinates lat=10.981306850798 lng=76.3773061201554
2026-09-12T14:11:36 INFO     app.services.supabase_store | Supabase upsert clinic doctor_id=f3943902-8deb-4555-ba79-8c520be85999
2026-09-12T14:11:36 INFO     httpx | HTTP Request: GET https://cojqrbvczpzbvcewgxgf.supabase.co/rest/v1/clinics?select=%2A&doctor_id=eq.f3943902-8deb-4555-ba79-8c520be85999 "HTTP/2 200 OK"
2026-09-12T14:11:37 INFO     httpx | HTTP Request: PATCH https://cojqrbvczpzbvcewgxgf.supabase.co/rest/v1/clinics?doctor_id=eq.f3943902-8deb-4555-ba79-8c520be85999 "HTTP/2 200 OK"
2026-09-12T14:11:37 INFO     app.main | Request complete request_id=f545ca50-d422-406c-85b9-04afe7d7cb0e method=POST path=/api/v1/doctors/me/clinic status=201 duration_ms=397.7 client=127.0.0.1
2026-09-12T14:11:37 INFO     app.routers.doctors | Doctor profile requested doctor_id=f3943902-8deb-4555-ba79-8c520be85999
2026-09-12T14:11:37 INFO     httpx | HTTP Request: GET https://cojqrbvczpzbvcewgxgf.supabase.co/rest/v1/doctors?select=%2A&id=eq.f3943902-8deb-4555-ba79-8c520be85999 "HTTP/2 200 OK"
2026-09-12T14:11:37 INFO     httpx | HTTP Request: GET https://cojqrbvczpzbvcewgxgf.supabase.co/rest/v1/clinics?select=%2A&doctor_id=eq.f3943902-8deb-4555-ba79-8c520be85999 "HTTP/2 200 OK"
2026-09-12T14:11:37 INFO     app.main | Request complete request_id=1b07d2a2-dbc6-46aa-8e54-5888243fad55 method=GET path=/api/v1/doctors/me status=200 duration_ms=139.8 client=127.0.0.1
2026-09-12T14:11:46 INFO     app.main | Request complete request_id=69969e50-1108-439a-b7bf-69ad32e0b4e9 method=OPTIONS path=/api/v1/doctors/me/availability status=200 duration_ms=0.6 client=127.0.0.1
2026-09-12T14:11:46 INFO     app.routers.doctors | Availability update requested doctor_id=f3943902-8deb-4555-ba79-8c520be85999 available=True
2026-09-12T14:11:46 INFO     httpx | HTTP Request: GET https://cojqrbvczpzbvcewgxgf.supabase.co/rest/v1/doctors?select=%2A&id=eq.f3943902-8deb-4555-ba79-8c520be85999 "HTTP/2 200 OK"
2026-09-12T14:11:46 INFO     app.services.supabase_store | Supabase upsert availability doctor_id=f3943902-8deb-4555-ba79-8c520be85999 available=True
2026-09-12T14:11:47 INFO     httpx | HTTP Request: GET https://cojqrbvczpzbvcewgxgf.supabase.co/rest/v1/availability?select=%2A&doctor_id=eq.f3943902-8deb-4555-ba79-8c520be85999 "HTTP/2 200 OK"
2026-09-12T14:11:47 INFO     httpx | HTTP Request: PATCH https://cojqrbvczpzbvcewgxgf.supabase.co/rest/v1/availability?doctor_id=eq.f3943902-8deb-4555-ba79-8c520be85999 "HTTP/2 200 OK"
2026-09-12T14:11:47 INFO     app.main | Request complete request_id=24324548-ed88-473f-9ab9-1cc258d1450d method=PUT path=/api/v1/doctors/me/availability status=200 duration_ms=385.7 client=127.0.0.1
2026-09-12T14:11:48 INFO     app.routers.search | Doctor search requested specialty=all radius_km=10.0
2026-09-12T14:11:48 INFO     app.services.supabase_store | Supabase search doctors specialty=all radius_km=10.0
2026-09-12T14:11:49 INFO     httpx | HTTP Request: GET https://cojqrbvczpzbvcewgxgf.supabase.co/rest/v1/doctors?select=%2A%2C+clinics%28%2A%29%2C+availability%28%2A%29 "HTTP/2 200 OK"
2026-09-12T14:11:49 INFO     app.services.supabase_store | Supabase search doctors completed result_count=0
2026-09-12T14:11:49 INFO     app.routers.search | Doctor search completed result_count=0
2026-09-12T14:11:49 INFO     app.main | Request complete request_id=64c70e8e-99ff-47c5-bce3-b0c0ea3d7f13 method=GET path=/api/v1/search status=200 duration_ms=94.0 client=127.0.0.1
2026-09-12T14:11:49 INFO     app.routers.search | Doctor search requested specialty=all radius_km=10.0
2026-09-12T14:11:49 INFO     app.services.supabase_store | Supabase search doctors specialty=all radius_km=10.0
2026-09-12T14:11:49 INFO     httpx | HTTP Request: GET https://cojqrbvczpzbvcewgxgf.supabase.co/rest/v1/doctors?select=%2A%2C+clinics%28%2A%29%2C+availability%28%2A%29 "HTTP/2 200 OK"
2026-09-12T14:11:49 INFO     app.services.supabase_store | Supabase search doctors completed result_count=0
2026-09-12T14:11:49 INFO     app.routers.search | Doctor search completed result_count=0
2026-09-12T14:11:49 INFO     app.main | Request complete request_id=a7490dac-118e-404f-b086-e907fc0337f3 method=GET path=/api/v1/search status=200 duration_ms=90.6 client=127.0.0.1
2026-09-12T14:11:59 INFO     app.main | Request complete request_id=19dbd4cb-9969-498f-85b6-e88e486be679 method=OPTIONS path=/api/v1/search status=200 duration_ms=0.5 client=127.0.0.1
2026-09-12T14:11:59 INFO     app.routers.search | Doctor search requested specialty=all radius_km=10.0
2026-09-12T14:11:59 INFO     app.services.supabase_store | Supabase search doctors specialty=all radius_km=10.0
2026-09-12T14:12:00 INFO     httpx | HTTP Request: GET https://cojqrbvczpzbvcewgxgf.supabase.co/rest/v1/doctors?select=%2A%2C+clinics%28%2A%29%2C+availability%28%2A%29 "HTTP/2 200 OK"
2026-09-12T14:12:00 INFO     app.services.supabase_store | Supabase search doctors completed result_count=2
2026-09-12T14:12:00 INFO     app.routers.search | Doctor search completed result_count=2
2026-09-12T14:12:00 INFO     app.main | Request complete request_id=c3bed20f-6871-40df-886e-5c7d42ac7cc0 method=GET path=/api/v1/search status=200 duration_ms=284.6 client=127.0.0.1
2026-09-12T14:12:04 INFO     app.routers.search | Doctor search requested specialty=all radius_km=50.0
2026-09-12T14:12:04 INFO     app.services.supabase_store | Supabase search doctors specialty=all radius_km=50.0
2026-09-12T14:12:04 INFO     httpx | HTTP Request: GET https://cojqrbvczpzbvcewgxgf.supabase.co/rest/v1/doctors?select=%2A%2C+clinics%28%2A%29%2C+availability%28%2A%29 "HTTP/2 200 OK"
2026-09-12T14:12:04 INFO     app.services.supabase_store | Supabase search doctors completed result_count=3
2026-09-12T14:12:04 INFO     app.routers.search | Doctor search completed result_count=3
2026-09-12T14:12:04 INFO     app.main | Request complete request_id=1294251d-97c7-443b-a0a4-5a7cef143fcf method=GET path=/api/v1/search status=200 duration_ms=244.3 client=127.0.0.1
2026-09-12T14:59:48 INFO     app.main | Request complete request_id=d81b3562-3970-464e-9154-e963788e6d85 method=OPTIONS path=/api/v1/search status=200 duration_ms=13.7 client=127.0.0.1
2026-09-12T14:59:48 INFO     app.main | Request complete request_id=d4a5bce7-2058-4316-b29e-2b11f0b33770 method=OPTIONS path=/api/v1/search status=200 duration_ms=15.9 client=127.0.0.1
2026-09-12T14:59:48 INFO     app.routers.search | Doctor search requested specialty=all radius_km=10.0
2026-09-12T14:59:49 INFO     app.services.supabase_store | Supabase search doctors specialty=all radius_km=10.0
2026-09-12T14:59:49 INFO     httpx | HTTP Request: GET https://cojqrbvczpzbvcewgxgf.supabase.co/rest/v1/doctors?select=%2A%2C+clinics%28%2A%29%2C+availability%28%2A%29 "HTTP/2 200 OK"
2026-09-12T14:59:49 INFO     app.services.supabase_store | Supabase search doctors completed result_count=0
2026-09-12T14:59:49 INFO     app.routers.search | Doctor search completed result_count=0
2026-09-12T14:59:49 INFO     app.main | Request complete request_id=ac7ab2e2-c860-4316-9343-d0ad6584ddc4 method=GET path=/api/v1/search status=200 duration_ms=618.9 client=127.0.0.1
2026-09-12T14:59:49 INFO     app.routers.search | Doctor search requested specialty=all radius_km=10.0
2026-09-12T14:59:49 INFO     app.services.supabase_store | Supabase search doctors specialty=all radius_km=10.0
2026-09-12T14:59:49 INFO     httpx | HTTP Request: GET https://cojqrbvczpzbvcewgxgf.supabase.co/rest/v1/doctors?select=%2A%2C+clinics%28%2A%29%2C+availability%28%2A%29 "HTTP/2 200 OK"
2026-09-12T14:59:49 INFO     app.services.supabase_store | Supabase search doctors completed result_count=0
2026-09-12T14:59:49 INFO     app.routers.search | Doctor search completed result_count=0
2026-09-12T14:59:49 INFO     app.main | Request complete request_id=2730e711-7efe-462b-a4ea-0df31102b9a8 method=GET path=/api/v1/search status=200 duration_ms=91.8 client=127.0.0.1
2026-09-12T15:04:54 INFO     app.routers.search | Doctor search requested specialty=all radius_km=10.0
2026-09-12T15:04:54 INFO     app.services.supabase_store | Supabase search doctors specialty=all radius_km=10.0
2026-09-12T15:04:56 INFO     httpx | HTTP Request: GET https://cojqrbvczpzbvcewgxgf.supabase.co/rest/v1/doctors?select=%2A%2C+clinics%28%2A%29%2C+availability%28%2A%29 "HTTP/2 200 OK"
2026-09-12T15:04:56 INFO     app.services.supabase_store | Supabase search doctors completed result_count=0
2026-09-12T15:04:56 INFO     app.routers.search | Doctor search completed result_count=0
2026-09-12T15:04:56 INFO     app.main | Request complete request_id=46636756-9d74-47d5-a1f7-d91d0250c90c method=GET path=/api/v1/search status=200 duration_ms=2407.1 client=127.0.0.1
2026-09-12T15:04:56 INFO     app.routers.search | Doctor search requested specialty=all radius_km=10.0
2026-09-12T15:04:56 INFO     app.services.supabase_store | Supabase search doctors specialty=all radius_km=10.0
2026-09-12T15:04:57 INFO     httpx | HTTP Request: GET https://cojqrbvczpzbvcewgxgf.supabase.co/rest/v1/doctors?select=%2A%2C+clinics%28%2A%29%2C+availability%28%2A%29 "HTTP/2 200 OK"
2026-09-12T15:04:57 INFO     app.services.supabase_store | Supabase search doctors completed result_count=0
2026-09-12T15:04:57 INFO     app.routers.search | Doctor search completed result_count=0
2026-09-12T15:04:57 INFO     app.main | Request complete request_id=fc7a0d87-114d-429f-ac67-787834b7e957 method=GET path=/api/v1/search status=200 duration_ms=237.1 client=127.0.0.1
2026-09-13T12:54:39 INFO     app.main | Request complete request_id=1e3fcab3-a8af-4af6-b85e-497f8383c5f5 method=OPTIONS path=/api/v1/search status=200 duration_ms=86.0 client=127.0.0.1
2026-09-13T12:54:39 INFO     app.main | Request complete request_id=c9f62a7c-0f98-48d2-810e-299adea79a23 method=OPTIONS path=/api/v1/search status=200 duration_ms=109.4 client=127.0.0.1
2026-09-13T12:54:39 INFO     app.routers.search | Doctor search requested specialty=all radius_km=10.0
2026-09-13T12:54:39 INFO     app.services.supabase_store | Supabase search doctors specialty=all radius_km=10.0
2026-09-13T12:54:41 INFO     httpx | HTTP Request: GET https://cojqrbvczpzbvcewgxgf.supabase.co/rest/v1/doctors?select=%2A%2C+clinics%28%2A%29%2C+availability%28%2A%29 "HTTP/2 200 OK"
2026-09-13T12:54:41 INFO     app.services.supabase_store | Supabase search doctors completed result_count=0
2026-09-13T12:54:41 INFO     app.routers.search | Doctor search completed result_count=0
2026-09-13T12:54:41 INFO     app.main | Request complete request_id=d1319723-f210-4b5d-864d-f6949298894e method=GET path=/api/v1/search status=200 duration_ms=1956.3 client=127.0.0.1
2026-09-13T12:54:41 INFO     app.routers.search | Doctor search requested specialty=all radius_km=10.0
2026-09-13T12:54:41 INFO     app.services.supabase_store | Supabase search doctors specialty=all radius_km=10.0
2026-09-13T12:54:41 INFO     httpx | HTTP Request: GET https://cojqrbvczpzbvcewgxgf.supabase.co/rest/v1/doctors?select=%2A%2C+clinics%28%2A%29%2C+availability%28%2A%29 "HTTP/2 200 OK"
2026-09-13T12:54:41 INFO     app.services.supabase_store | Supabase search doctors completed result_count=0
2026-09-13T12:54:41 INFO     app.routers.search | Doctor search completed result_count=0
2026-09-13T12:54:41 INFO     app.main | Request complete request_id=ba60b3b3-410d-4078-b4c1-3209746a74b9 method=GET path=/api/v1/search status=200 duration_ms=232.1 client=127.0.0.1
2026-09-13T12:54:58 INFO     app.main | Request complete request_id=ad4ee378-1a1f-4c8a-80bb-14fcd1047d3a method=OPTIONS path=/chat status=200 duration_ms=1.1 client=127.0.0.1
2026-09-13T12:54:58 WARNING  app.main | Request complete request_id=08b8cc52-9676-4b38-bbe1-cca7bba5f5df method=POST path=/chat status=404 duration_ms=19.7 client=127.0.0.1
2026-09-13T12:55:02 WARNING  app.main | Request complete request_id=d72c6fbf-6c97-4cbc-9b68-248c155b8be0 method=POST path=/chat status=404 duration_ms=1.5 client=127.0.0.1
2026-09-13T12:58:54 INFO     app.main | Request complete request_id=ad3ec4de-694a-4b8b-97f4-9bd6ee886e2a method=GET path=/health status=200 duration_ms=59.5 client=127.0.0.1
2026-09-13T12:59:02 INFO     app.main | Request complete request_id=3238d610-8a77-4b2e-b53d-5e326c9d6f99 method=GET path=/docs status=200 duration_ms=18.6 client=127.0.0.1
2026-09-13T12:59:32 INFO     app.main | Request complete request_id=f0672025-e823-4342-8be6-f7edda53db6c method=GET path=/health status=200 duration_ms=16.9 client=127.0.0.1
2026-09-13T12:59:40 WARNING  app.main | Request complete request_id=cfe1be20-44c4-4f85-9646-396aab99d3fc method=POST path=/chat status=404 duration_ms=16.7 client=127.0.0.1
2026-09-13T13:00:13 WARNING  app.main | Request complete request_id=b217b056-222c-4c68-abeb-91baf21e1440 method=POST path=/chat status=404 duration_ms=0.6 client=127.0.0.1
2026-09-13T13:00:31 WARNING  app.main | Request complete request_id=52b76a0c-6ef8-4387-87cf-f10e112bf0de method=POST path=/chat status=404 duration_ms=0.8 client=127.0.0.1
2026-09-13T13:01:15 WARNING  app.main | Request complete request_id=f7ff1573-d2a0-4cde-9a38-256fddfc7bcc method=POST path=/chat status=404 duration_ms=1.0 client=127.0.0.1
2026-09-13T13:01:35 INFO     app.main | Request complete request_id=a908cad3-10b6-4e9d-8f58-5c6b4d0ff757 method=GET path=/openapi.json status=200 duration_ms=255.6 client=127.0.0.1
2026-09-13T13:07:34 INFO     app.main | Application shutting down
2026-09-19T10:54:45 INFO     app.routers.auth | Doctor signup requested email=dr@example.com specialty=General Practitioner
2026-09-19T10:54:45 INFO     app.routers.auth | Doctor signup succeeded doctor_id=doctor-1
2026-09-19T10:54:45 INFO     app.routers.auth | Seeded availability row doctor_id=doctor-1
2026-09-19T10:54:45 INFO     app.main | Request complete request_id=bb60ef2e-deb1-446c-b445-e11733abbaab method=POST path=/api/v1/auth/signup/doctor status=201 duration_ms=14.9 client=testclient
2026-09-19T10:54:45 INFO     httpx | HTTP Request: POST http://testserver/api/v1/auth/signup/doctor "HTTP/1.1 201 Created"
2026-09-19T10:54:45 INFO     app.routers.doctors | Doctor profile requested doctor_id=doctor-1
2026-09-19T10:54:45 INFO     app.main | Request complete request_id=58fd110a-088b-47de-8360-1082b5d77aac method=GET path=/api/v1/doctors/me status=200 duration_ms=1.3 client=testclient
2026-09-19T10:54:45 INFO     httpx | HTTP Request: GET http://testserver/api/v1/doctors/me "HTTP/1.1 200 OK"
2026-09-19T10:54:45 INFO     app.routers.auth | Doctor signup requested email=dr2@example.com specialty=Pediatrician
2026-09-19T10:54:45 INFO     app.routers.auth | Doctor signup succeeded doctor_id=doctor-1
2026-09-19T10:54:45 INFO     app.routers.auth | Seeded availability row doctor_id=doctor-1
2026-09-19T10:54:45 INFO     app.main | Request complete request_id=2059aa63-8d07-45a5-bfd5-d4ba1020302a method=POST path=/api/v1/auth/signup/doctor status=201 duration_ms=1.5 client=testclient
2026-09-19T10:54:45 INFO     httpx | HTTP Request: POST http://testserver/api/v1/auth/signup/doctor "HTTP/1.1 201 Created"
2026-09-19T10:54:45 INFO     app.routers.auth | Doctor login requested email=dr2@example.com
2026-09-19T10:54:45 INFO     app.routers.auth | Doctor login succeeded doctor_id=doctor-1
2026-09-19T10:54:45 INFO     app.main | Request complete request_id=82a32660-d90c-4008-a8e9-52943d8575d2 method=POST path=/api/v1/auth/login status=200 duration_ms=4.0 client=testclient
2026-09-19T10:54:45 INFO     httpx | HTTP Request: POST http://testserver/api/v1/auth/login "HTTP/1.1 200 OK"
2026-09-19T10:54:45 INFO     app.routers.auth | Doctor signup requested email=editable@example.com specialty=Pediatrician
2026-09-19T10:54:45 INFO     app.routers.auth | Doctor signup succeeded doctor_id=doctor-1
2026-09-19T10:54:45 INFO     app.routers.auth | Seeded availability row doctor_id=doctor-1
2026-09-19T10:54:45 INFO     app.routers.auth | Seeded clinic stub doctor_id=doctor-1
2026-09-19T10:54:45 INFO     app.main | Request complete request_id=088a285c-c494-4e18-ba5a-c4c522fdbc6a method=POST path=/api/v1/auth/signup/doctor status=201 duration_ms=2.0 client=testclient
2026-09-19T10:54:45 INFO     httpx | HTTP Request: POST http://testserver/api/v1/auth/signup/doctor "HTTP/1.1 201 Created"
2026-09-19T10:54:45 INFO     app.routers.doctors | Doctor profile requested doctor_id=doctor-1
2026-09-19T10:54:45 INFO     app.main | Request complete request_id=3db2eba8-2aa9-4e75-854b-4e88ff78703d method=GET path=/api/v1/doctors/me status=200 duration_ms=2.2 client=testclient
2026-09-19T10:54:45 INFO     httpx | HTTP Request: GET http://testserver/api/v1/doctors/me "HTTP/1.1 200 OK"
2026-09-19T10:54:45 INFO     app.routers.doctors | Doctor profile update requested doctor_id=doctor-1 fields=['available_days', 'bio', 'consult_fee', 'languages', 'name']
2026-09-19T10:54:45 INFO     app.main | Request complete request_id=a6753b32-d881-4d65-a18f-2bada6e98c84 method=PUT path=/api/v1/doctors/me status=200 duration_ms=8.1 client=testclient
2026-09-19T10:54:45 INFO     httpx | HTTP Request: PUT http://testserver/api/v1/doctors/me "HTTP/1.1 200 OK"
2026-09-19T10:54:45 INFO     app.routers.doctors | Doctor profile requested doctor_id=doctor-1
2026-09-19T10:54:45 INFO     app.main | Request complete request_id=1caa8010-68a8-492f-9dec-633e77162062 method=GET path=/api/v1/doctors/me status=200 duration_ms=1.7 client=testclient
2026-09-19T10:54:45 INFO     httpx | HTTP Request: GET http://testserver/api/v1/doctors/me "HTTP/1.1 200 OK"
2026-09-19T10:54:45 INFO     app.routers.auth | Doctor signup requested email=drlive@example.com specialty=General Practitioner
2026-09-19T10:54:45 INFO     app.routers.auth | Doctor signup succeeded doctor_id=doctor-1
2026-09-19T10:54:45 INFO     app.routers.auth | Seeded availability row doctor_id=doctor-1
2026-09-19T10:54:45 INFO     app.main | Request complete request_id=0d6dad9c-e85b-4742-b5b0-c041cf8efc57 method=POST path=/api/v1/auth/signup/doctor status=201 duration_ms=2.0 client=testclient
2026-09-19T10:54:45 INFO     httpx | HTTP Request: POST http://testserver/api/v1/auth/signup/doctor "HTTP/1.1 201 Created"
2026-09-19T10:54:45 INFO     app.routers.doctors | Clinic upsert requested doctor_id=doctor-1 address=Palakkad, Kerala
2026-09-19T10:54:45 INFO     app.routers.doctors | Clinic upsert using provided coordinates lat=10.786 lng=76.6444
2026-09-19T10:54:45 INFO     app.main | Request complete request_id=ed648617-9af6-4acb-900b-2919bd5d6bc2 method=POST path=/api/v1/doctors/me/clinic status=201 duration_ms=4.5 client=testclient
2026-09-19T10:54:45 INFO     httpx | HTTP Request: POST http://testserver/api/v1/doctors/me/clinic "HTTP/1.1 201 Created"
2026-09-19T10:54:45 INFO     app.routers.doctors | Availability update requested doctor_id=doctor-1 available=True
2026-09-19T10:54:45 INFO     app.main | Request complete request_id=510c8ea7-d71d-4bf3-aee7-2fe97634a870 method=PUT path=/api/v1/doctors/me/availability status=200 duration_ms=2.4 client=testclient
2026-09-19T10:54:45 INFO     httpx | HTTP Request: PUT http://testserver/api/v1/doctors/me/availability "HTTP/1.1 200 OK"
2026-09-19T10:54:45 INFO     app.routers.auth | Doctor signup requested email=droffline@example.com specialty=General Practitioner
2026-09-19T10:54:45 INFO     app.routers.auth | Doctor signup succeeded doctor_id=doctor-2
2026-09-19T10:54:45 INFO     app.routers.auth | Seeded availability row doctor_id=doctor-2
2026-09-19T10:54:45 INFO     app.main | Request complete request_id=e8bea023-43f4-4413-abde-7f6ac4e68d87 method=POST path=/api/v1/auth/signup/doctor status=201 duration_ms=1.6 client=testclient
2026-09-19T10:54:45 INFO     httpx | HTTP Request: POST http://testserver/api/v1/auth/signup/doctor "HTTP/1.1 201 Created"
2026-09-19T10:54:45 INFO     app.routers.doctors | Clinic upsert requested doctor_id=doctor-2 address=Palakkad, Kerala
2026-09-19T10:54:45 INFO     app.routers.doctors | Clinic upsert using provided coordinates lat=10.786 lng=76.6444
2026-09-19T10:54:45 INFO     app.main | Request complete request_id=88959983-3619-4f69-98bd-0ebf143652c0 method=POST path=/api/v1/doctors/me/clinic status=201 duration_ms=2.1 client=testclient
2026-09-19T10:54:45 INFO     httpx | HTTP Request: POST http://testserver/api/v1/doctors/me/clinic "HTTP/1.1 201 Created"
2026-09-19T10:54:45 INFO     app.routers.search | Doctor search requested specialty=General radius_km=20.0
2026-09-19T10:54:45 INFO     app.routers.search | Doctor search completed result_count=2
2026-09-19T10:54:45 INFO     app.main | Request complete request_id=d98f28f9-b9b6-425a-9d35-45ab05ab86ca method=GET path=/api/v1/search status=200 duration_ms=1.6 client=testclient
2026-09-19T10:54:45 INFO     httpx | HTTP Request: GET http://testserver/api/v1/search?lat=10.786&lng=76.6444&specialty=General&radius_km=20 "HTTP/1.1 200 OK"
2026-09-19T10:54:45 INFO     app.routers.auth | Doctor signup requested email=dractive@example.com specialty=General Practitioner
2026-09-19T10:54:45 INFO     app.routers.auth | Doctor signup succeeded doctor_id=doctor-1
2026-09-19T10:54:45 INFO     app.routers.auth | Seeded availability row doctor_id=doctor-1
2026-09-19T10:54:45 INFO     app.main | Request complete request_id=c0e96dae-370d-4d58-a671-daa19341e747 method=POST path=/api/v1/auth/signup/doctor status=201 duration_ms=2.3 client=testclient
2026-09-19T10:54:45 INFO     httpx | HTTP Request: POST http://testserver/api/v1/auth/signup/doctor "HTTP/1.1 201 Created"
2026-09-19T10:54:45 INFO     app.routers.doctors | Clinic upsert requested doctor_id=doctor-1 address=Palakkad, Kerala
2026-09-19T10:54:45 INFO     app.routers.doctors | Clinic upsert using provided coordinates lat=10.786 lng=76.6444
2026-09-19T10:54:45 INFO     app.main | Request complete request_id=476d4573-869d-4d45-993c-6f0e3cfa5637 method=POST path=/api/v1/doctors/me/clinic status=201 duration_ms=2.7 client=testclient
2026-09-19T10:54:45 INFO     httpx | HTTP Request: POST http://testserver/api/v1/doctors/me/clinic "HTTP/1.1 201 Created"
2026-09-19T10:54:45 INFO     app.routers.auth | Doctor signup requested email=drinactive@example.com specialty=General Practitioner
2026-09-19T10:54:45 INFO     app.routers.auth | Doctor signup succeeded doctor_id=doctor-2
2026-09-19T10:54:45 INFO     app.routers.auth | Seeded availability row doctor_id=doctor-2
2026-09-19T10:54:45 INFO     app.main | Request complete request_id=39eb2ab5-d219-4d09-b011-0fe94931392c method=POST path=/api/v1/auth/signup/doctor status=201 duration_ms=1.7 client=testclient
2026-09-19T10:54:45 INFO     httpx | HTTP Request: POST http://testserver/api/v1/auth/signup/doctor "HTTP/1.1 201 Created"
2026-09-19T10:54:45 INFO     app.routers.doctors | Clinic upsert requested doctor_id=doctor-2 address=Palakkad, Kerala
2026-09-19T10:54:45 INFO     app.routers.doctors | Clinic upsert using provided coordinates lat=10.786 lng=76.6444
2026-09-19T10:54:45 INFO     app.main | Request complete request_id=23eaf223-00b8-4b4a-ad4c-d3c73b36bf16 method=POST path=/api/v1/doctors/me/clinic status=201 duration_ms=2.9 client=testclient
2026-09-19T10:54:45 INFO     httpx | HTTP Request: POST http://testserver/api/v1/doctors/me/clinic "HTTP/1.1 201 Created"
2026-09-19T10:54:45 INFO     app.routers.search | Doctor search requested specialty=General radius_km=20.0
2026-09-19T10:54:45 INFO     app.routers.search | Doctor search completed result_count=1
2026-09-19T10:54:45 INFO     app.main | Request complete request_id=bab43184-c4c7-4fe2-867b-fab0e83caa15 method=GET path=/api/v1/search status=200 duration_ms=1.6 client=testclient
2026-09-19T10:54:45 INFO     httpx | HTTP Request: GET http://testserver/api/v1/search?lat=10.786&lng=76.6444&specialty=General&radius_km=20 "HTTP/1.1 200 OK"
2026-09-19T10:54:45 INFO     app.routers.auth | Doctor signup requested email=drheart@example.com specialty=Cardiologist
2026-09-19T10:54:45 INFO     app.routers.auth | Doctor signup succeeded doctor_id=doctor-1
2026-09-19T10:54:45 INFO     app.routers.auth | Seeded availability row doctor_id=doctor-1
2026-09-19T10:54:45 INFO     app.main | Request complete request_id=5aeafc1a-2a48-4515-b0a6-057ea2756019 method=POST path=/api/v1/auth/signup/doctor status=201 duration_ms=2.2 client=testclient
2026-09-19T10:54:45 INFO     httpx | HTTP Request: POST http://testserver/api/v1/auth/signup/doctor "HTTP/1.1 201 Created"
2026-09-19T10:54:45 INFO     app.routers.doctors | Clinic upsert requested doctor_id=doctor-1 address=Palakkad, Kerala
2026-09-19T10:54:45 INFO     app.routers.doctors | Clinic upsert using provided coordinates lat=10.786 lng=76.6444
2026-09-19T10:54:46 INFO     app.main | Request complete request_id=f299fb38-2735-4e23-ba1c-46dcdfabebf4 method=POST path=/api/v1/doctors/me/clinic status=201 duration_ms=2.3 client=testclient
2026-09-19T10:54:46 INFO     httpx | HTTP Request: POST http://testserver/api/v1/doctors/me/clinic "HTTP/1.1 201 Created"
2026-09-19T10:54:46 INFO     app.routers.auth | Doctor signup requested email=drgeneral@example.com specialty=General Practitioner
2026-09-19T10:54:46 INFO     app.routers.auth | Doctor signup succeeded doctor_id=doctor-2
2026-09-19T10:54:46 INFO     app.routers.auth | Seeded availability row doctor_id=doctor-2
2026-09-19T10:54:46 INFO     app.main | Request complete request_id=876e8da8-1ea9-495b-9ca2-bfc936bd41b4 method=POST path=/api/v1/auth/signup/doctor status=201 duration_ms=2.7 client=testclient
2026-09-19T10:54:46 INFO     httpx | HTTP Request: POST http://testserver/api/v1/auth/signup/doctor "HTTP/1.1 201 Created"
2026-09-19T10:54:46 INFO     app.routers.doctors | Clinic upsert requested doctor_id=doctor-2 address=Palakkad, Kerala
2026-09-19T10:54:46 INFO     app.routers.doctors | Clinic upsert using provided coordinates lat=10.786 lng=76.6444
2026-09-19T10:54:46 INFO     app.main | Request complete request_id=b15e77b0-390a-416c-b348-8ca9a8137323 method=POST path=/api/v1/doctors/me/clinic status=201 duration_ms=2.6 client=testclient
2026-09-19T10:54:46 INFO     httpx | HTTP Request: POST http://testserver/api/v1/doctors/me/clinic "HTTP/1.1 201 Created"
2026-09-19T10:54:46 INFO     app.routers.doctors | Availability update requested doctor_id=doctor-2 available=True
2026-09-19T10:54:46 INFO     app.main | Request complete request_id=2e8cd10f-20b4-4702-b659-6ce64bfad83c method=PUT path=/api/v1/doctors/me/availability status=200 duration_ms=2.5 client=testclient
2026-09-19T10:54:46 INFO     httpx | HTTP Request: PUT http://testserver/api/v1/doctors/me/availability "HTTP/1.1 200 OK"
2026-09-19T10:54:46 INFO     app.routers.search | Doctor search requested specialty=Cardio radius_km=20.0
2026-09-19T10:54:46 INFO     app.routers.search | Doctor search completed result_count=1
2026-09-19T10:54:46 INFO     app.main | Request complete request_id=4eb88ba6-8b57-406b-b4cd-62377cd78b70 method=GET path=/api/v1/search status=200 duration_ms=1.7 client=testclient
2026-09-19T10:54:46 INFO     httpx | HTTP Request: GET http://testserver/api/v1/search?lat=10.786&lng=76.6444&specialty=Cardio&radius_km=20 "HTTP/1.1 200 OK"
2026-09-19T10:54:46 INFO     app.routers.auth | Doctor signup requested email=drpending@example.com specialty=General Practitioner
2026-09-19T10:54:46 INFO     app.routers.auth | Doctor signup succeeded doctor_id=doctor-1
2026-09-19T10:54:46 INFO     app.routers.auth | Seeded availability row doctor_id=doctor-1
2026-09-19T10:54:46 INFO     app.main | Request complete request_id=d1f21e02-48e7-4009-ad75-cd26e3a53e40 method=POST path=/api/v1/auth/signup/doctor status=201 duration_ms=1.5 client=testclient
2026-09-19T10:54:46 INFO     httpx | HTTP Request: POST http://testserver/api/v1/auth/signup/doctor "HTTP/1.1 201 Created"
2026-09-19T10:54:46 INFO     app.routers.doctors | Clinic upsert requested doctor_id=doctor-1 address=Palakkad, Kerala
2026-09-19T10:54:46 INFO     app.routers.doctors | Clinic upsert using provided coordinates lat=10.786 lng=76.6444
2026-09-19T10:54:46 INFO     app.main | Request complete request_id=b98026f6-e094-4c07-bdb8-5485d4727b10 method=POST path=/api/v1/doctors/me/clinic status=201 duration_ms=1.6 client=testclient
2026-09-19T10:54:46 INFO     httpx | HTTP Request: POST http://testserver/api/v1/doctors/me/clinic "HTTP/1.1 201 Created"
2026-09-19T10:54:46 INFO     app.routers.doctors | Availability update requested doctor_id=doctor-1 available=True
2026-09-19T10:54:46 WARNING  app.main | Request complete request_id=e719c5d5-b384-4ad1-8bb4-7fd6972afe71 method=PUT path=/api/v1/doctors/me/availability status=409 duration_ms=1.1 client=testclient
2026-09-19T10:54:46 INFO     httpx | HTTP Request: PUT http://testserver/api/v1/doctors/me/availability "HTTP/1.1 409 Conflict"
2026-09-19T10:54:46 INFO     app.routers.auth | Doctor signup requested email=drschedule@example.com specialty=General Practitioner
2026-09-19T10:54:46 INFO     app.routers.auth | Doctor signup succeeded doctor_id=doctor-1
2026-09-19T10:54:46 INFO     app.routers.auth | Seeded availability row doctor_id=doctor-1
2026-09-19T10:54:46 INFO     app.main | Request complete request_id=207fb80f-2917-40ca-86fc-50ae10707924 method=POST path=/api/v1/auth/signup/doctor status=201 duration_ms=1.4 client=testclient
2026-09-19T10:54:46 INFO     httpx | HTTP Request: POST http://testserver/api/v1/auth/signup/doctor "HTTP/1.1 201 Created"
2026-09-19T10:54:46 INFO     app.routers.doctors | Clinic upsert requested doctor_id=doctor-1 address=Palakkad, Kerala
2026-09-19T10:54:46 INFO     app.routers.doctors | Clinic upsert using provided coordinates lat=10.786 lng=76.6444
2026-09-19T10:54:46 INFO     app.main | Request complete request_id=0c1b4990-462d-4412-a7da-27b1a1149df1 method=POST path=/api/v1/doctors/me/clinic status=201 duration_ms=1.8 client=testclient
2026-09-19T10:54:46 INFO     httpx | HTTP Request: POST http://testserver/api/v1/doctors/me/clinic "HTTP/1.1 201 Created"
2026-09-19T10:54:46 INFO     app.routers.doctors | Doctor profile requested doctor_id=doctor-1
2026-09-19T10:54:46 INFO     app.main | Request complete request_id=2d96d302-a1ad-43d0-af6c-04c7c0be7343 method=GET path=/api/v1/doctors/me status=200 duration_ms=1.9 client=testclient
2026-09-19T10:54:46 INFO     httpx | HTTP Request: GET http://testserver/api/v1/doctors/me "HTTP/1.1 200 OK"
2026-09-19T10:54:46 WARNING  app.main | Request complete request_id=7fe554af-7f27-4eb8-af64-a2f93e3fd019 method=POST path=/api/v1/doctors/me/clinic status=422 duration_ms=2.7 client=testclient
2026-09-19T10:54:46 INFO     httpx | HTTP Request: POST http://testserver/api/v1/doctors/me/clinic "HTTP/1.1 422 Unprocessable Entity"
2026-09-19T10:57:44 INFO     app.routers.auth | Doctor signup requested email=dr@example.com specialty=General Practitioner
2026-09-19T10:57:44 INFO     app.routers.auth | Doctor signup succeeded doctor_id=doctor-1
2026-09-19T10:57:44 INFO     app.routers.auth | Seeded availability row doctor_id=doctor-1
2026-09-19T10:57:44 INFO     app.main | Request complete request_id=6b9e3b8e-6f40-49d9-ba55-d8b32d54cbd4 method=POST path=/api/v1/auth/signup/doctor status=201 duration_ms=13.7 client=testclient
2026-09-19T10:57:44 INFO     httpx | HTTP Request: POST http://testserver/api/v1/auth/signup/doctor "HTTP/1.1 201 Created"
2026-09-19T10:57:44 INFO     app.routers.doctors | Doctor profile requested doctor_id=doctor-1
2026-09-19T10:57:44 INFO     app.main | Request complete request_id=b3097128-93bf-457c-8506-4b05027ada2c method=GET path=/api/v1/doctors/me status=200 duration_ms=1.9 client=testclient
2026-09-19T10:57:44 INFO     httpx | HTTP Request: GET http://testserver/api/v1/doctors/me "HTTP/1.1 200 OK"
2026-09-19T10:57:44 INFO     app.routers.auth | Doctor signup requested email=dr2@example.com specialty=Pediatrician
2026-09-19T10:57:44 INFO     app.routers.auth | Doctor signup succeeded doctor_id=doctor-1
2026-09-19T10:57:44 INFO     app.routers.auth | Seeded availability row doctor_id=doctor-1
2026-09-19T10:57:44 INFO     app.main | Request complete request_id=e5eaa771-a866-4141-8efb-1979491d9065 method=POST path=/api/v1/auth/signup/doctor status=201 duration_ms=1.9 client=testclient
2026-09-19T10:57:44 INFO     httpx | HTTP Request: POST http://testserver/api/v1/auth/signup/doctor "HTTP/1.1 201 Created"
2026-09-19T10:57:44 INFO     app.routers.auth | Doctor login requested email=dr2@example.com
2026-09-19T10:57:44 INFO     app.routers.auth | Doctor login succeeded doctor_id=doctor-1
2026-09-19T10:57:44 INFO     app.main | Request complete request_id=c537d468-176f-4b26-9df4-781ef9a2d731 method=POST path=/api/v1/auth/login status=200 duration_ms=4.7 client=testclient
2026-09-19T10:57:44 INFO     httpx | HTTP Request: POST http://testserver/api/v1/auth/login "HTTP/1.1 200 OK"
2026-09-19T10:57:44 INFO     app.routers.auth | Doctor signup requested email=editable@example.com specialty=Pediatrician
2026-09-19T10:57:44 INFO     app.routers.auth | Doctor signup succeeded doctor_id=doctor-1
2026-09-19T10:57:44 INFO     app.routers.auth | Seeded availability row doctor_id=doctor-1
2026-09-19T10:57:44 INFO     app.routers.auth | Seeded clinic stub doctor_id=doctor-1
2026-09-19T10:57:44 INFO     app.main | Request complete request_id=3733d753-eac2-45d8-a990-bec6c7441303 method=POST path=/api/v1/auth/signup/doctor status=201 duration_ms=1.5 client=testclient
2026-09-19T10:57:44 INFO     httpx | HTTP Request: POST http://testserver/api/v1/auth/signup/doctor "HTTP/1.1 201 Created"
2026-09-19T10:57:44 INFO     app.routers.doctors | Doctor profile requested doctor_id=doctor-1
2026-09-19T10:57:44 INFO     app.main | Request complete request_id=b773bf68-3558-4683-8eb7-70788d709531 method=GET path=/api/v1/doctors/me status=200 duration_ms=1.3 client=testclient
2026-09-19T10:57:44 INFO     httpx | HTTP Request: GET http://testserver/api/v1/doctors/me "HTTP/1.1 200 OK"
2026-09-19T10:57:44 INFO     app.routers.doctors | Doctor profile update requested doctor_id=doctor-1 fields=['available_days', 'bio', 'consult_fee', 'languages', 'name']
2026-09-19T10:57:44 INFO     app.main | Request complete request_id=4a1fe9e0-b4fd-4416-8733-3d05196cfb13 method=PUT path=/api/v1/doctors/me status=200 duration_ms=4.7 client=testclient
2026-09-19T10:57:44 INFO     httpx | HTTP Request: PUT http://testserver/api/v1/doctors/me "HTTP/1.1 200 OK"
2026-09-19T10:57:44 INFO     app.routers.doctors | Doctor profile requested doctor_id=doctor-1
2026-09-19T10:57:44 INFO     app.main | Request complete request_id=d167dc85-3f1d-4d7f-af12-233967551747 method=GET path=/api/v1/doctors/me status=200 duration_ms=0.9 client=testclient
2026-09-19T10:57:44 INFO     httpx | HTTP Request: GET http://testserver/api/v1/doctors/me "HTTP/1.1 200 OK"
2026-09-19T10:57:44 INFO     app.routers.auth | Doctor signup requested email=drlive@example.com specialty=General Practitioner
2026-09-19T10:57:44 INFO     app.routers.auth | Doctor signup succeeded doctor_id=doctor-1
2026-09-19T10:57:44 INFO     app.routers.auth | Seeded availability row doctor_id=doctor-1
2026-09-19T10:57:44 INFO     app.main | Request complete request_id=7bee22f0-0ae7-410b-947f-82b008ed0952 method=POST path=/api/v1/auth/signup/doctor status=201 duration_ms=1.8 client=testclient
2026-09-19T10:57:44 INFO     httpx | HTTP Request: POST http://testserver/api/v1/auth/signup/doctor "HTTP/1.1 201 Created"
2026-09-19T10:57:44 INFO     app.routers.doctors | Clinic upsert requested doctor_id=doctor-1 address=Palakkad, Kerala
2026-09-19T10:57:44 INFO     app.routers.doctors | Clinic upsert using provided coordinates lat=10.786 lng=76.6444
2026-09-19T10:57:44 INFO     app.main | Request complete request_id=b7cd4bc0-b537-4900-a82f-880501ae88a2 method=POST path=/api/v1/doctors/me/clinic status=201 duration_ms=3.7 client=testclient
2026-09-19T10:57:44 INFO     httpx | HTTP Request: POST http://testserver/api/v1/doctors/me/clinic "HTTP/1.1 201 Created"
2026-09-19T10:57:44 INFO     app.routers.doctors | Availability update requested doctor_id=doctor-1 available=True
2026-09-19T10:57:44 INFO     app.main | Request complete request_id=26760842-6842-4230-b9a8-42f241a3b51f method=PUT path=/api/v1/doctors/me/availability status=200 duration_ms=2.3 client=testclient
2026-09-19T10:57:44 INFO     httpx | HTTP Request: PUT http://testserver/api/v1/doctors/me/availability "HTTP/1.1 200 OK"
2026-09-19T10:57:44 INFO     app.routers.auth | Doctor signup requested email=droffline@example.com specialty=General Practitioner
2026-09-19T10:57:44 INFO     app.routers.auth | Doctor signup succeeded doctor_id=doctor-2
2026-09-19T10:57:44 INFO     app.routers.auth | Seeded availability row doctor_id=doctor-2
2026-09-19T10:57:44 INFO     app.main | Request complete request_id=a097aeac-c675-48ce-b77c-dd1d760d2796 method=POST path=/api/v1/auth/signup/doctor status=201 duration_ms=1.5 client=testclient
2026-09-19T10:57:44 INFO     httpx | HTTP Request: POST http://testserver/api/v1/auth/signup/doctor "HTTP/1.1 201 Created"
2026-09-19T10:57:44 INFO     app.routers.doctors | Clinic upsert requested doctor_id=doctor-2 address=Palakkad, Kerala
2026-09-19T10:57:44 INFO     app.routers.doctors | Clinic upsert using provided coordinates lat=10.786 lng=76.6444
2026-09-19T10:57:44 INFO     app.main | Request complete request_id=ff6182b8-fdd4-43d7-bcf1-b7f3b161d21f method=POST path=/api/v1/doctors/me/clinic status=201 duration_ms=1.1 client=testclient
2026-09-19T10:57:44 INFO     httpx | HTTP Request: POST http://testserver/api/v1/doctors/me/clinic "HTTP/1.1 201 Created"
2026-09-19T10:57:44 INFO     app.routers.search | Doctor search requested specialty=General radius_km=20.0
2026-09-19T10:57:44 INFO     app.routers.search | Doctor search completed result_count=2
2026-09-19T10:57:44 INFO     app.main | Request complete request_id=eeb27daf-575f-4339-954b-f9c7daa47a52 method=GET path=/api/v1/search status=200 duration_ms=2.6 client=testclient
2026-09-19T10:57:44 INFO     httpx | HTTP Request: GET http://testserver/api/v1/search?lat=10.786&lng=76.6444&specialty=General&radius_km=20 "HTTP/1.1 200 OK"
2026-09-19T10:57:44 INFO     app.routers.auth | Doctor signup requested email=dractive@example.com specialty=General Practitioner
2026-09-19T10:57:44 INFO     app.routers.auth | Doctor signup succeeded doctor_id=doctor-1
2026-09-19T10:57:44 INFO     app.routers.auth | Seeded availability row doctor_id=doctor-1
2026-09-19T10:57:44 INFO     app.main | Request complete request_id=b5ee1a74-888b-4783-99e6-11bdd8298b1e method=POST path=/api/v1/auth/signup/doctor status=201 duration_ms=1.3 client=testclient
2026-09-19T10:57:44 INFO     httpx | HTTP Request: POST http://testserver/api/v1/auth/signup/doctor "HTTP/1.1 201 Created"
2026-09-19T10:57:44 INFO     app.routers.doctors | Clinic upsert requested doctor_id=doctor-1 address=Palakkad, Kerala
2026-09-19T10:57:44 INFO     app.routers.doctors | Clinic upsert using provided coordinates lat=10.786 lng=76.6444
2026-09-19T10:57:44 INFO     app.main | Request complete request_id=fc146950-0651-45aa-847d-6ec01c5559eb method=POST path=/api/v1/doctors/me/clinic status=201 duration_ms=1.5 client=testclient
2026-09-19T10:57:44 INFO     httpx | HTTP Request: POST http://testserver/api/v1/doctors/me/clinic "HTTP/1.1 201 Created"
2026-09-19T10:57:44 INFO     app.routers.auth | Doctor signup requested email=drinactive@example.com specialty=General Practitioner
2026-09-19T10:57:44 INFO     app.routers.auth | Doctor signup succeeded doctor_id=doctor-2
2026-09-19T10:57:44 INFO     app.routers.auth | Seeded availability row doctor_id=doctor-2
2026-09-19T10:57:44 INFO     app.main | Request complete request_id=635ddb96-a30d-4f37-8b7c-5874ff0c0d31 method=POST path=/api/v1/auth/signup/doctor status=201 duration_ms=1.4 client=testclient
2026-09-19T10:57:44 INFO     httpx | HTTP Request: POST http://testserver/api/v1/auth/signup/doctor "HTTP/1.1 201 Created"
2026-09-19T10:57:44 INFO     app.routers.doctors | Clinic upsert requested doctor_id=doctor-2 address=Palakkad, Kerala
2026-09-19T10:57:44 INFO     app.routers.doctors | Clinic upsert using provided coordinates lat=10.786 lng=76.6444
2026-09-19T10:57:44 INFO     app.main | Request complete request_id=1c358a88-a2fa-4be9-8cd6-1f50909a4b5e method=POST path=/api/v1/doctors/me/clinic status=201 duration_ms=1.1 client=testclient
2026-09-19T10:57:44 INFO     httpx | HTTP Request: POST http://testserver/api/v1/doctors/me/clinic "HTTP/1.1 201 Created"
2026-09-19T10:57:44 INFO     app.routers.search | Doctor search requested specialty=General radius_km=20.0
2026-09-19T10:57:44 INFO     app.routers.search | Doctor search completed result_count=1
2026-09-19T10:57:44 INFO     app.main | Request complete request_id=487f6e83-edda-4d01-89e9-80cbf80f5384 method=GET path=/api/v1/search status=200 duration_ms=1.0 client=testclient
2026-09-19T10:57:44 INFO     httpx | HTTP Request: GET http://testserver/api/v1/search?lat=10.786&lng=76.6444&specialty=General&radius_km=20 "HTTP/1.1 200 OK"
2026-09-19T10:57:44 INFO     app.routers.auth | Doctor signup requested email=drheart@example.com specialty=Cardiologist
2026-09-19T10:57:44 INFO     app.routers.auth | Doctor signup succeeded doctor_id=doctor-1
2026-09-19T10:57:44 INFO     app.routers.auth | Seeded availability row doctor_id=doctor-1
2026-09-19T10:57:44 INFO     app.main | Request complete request_id=deb2aa33-4bf0-43e9-8ecd-eca857c769a6 method=POST path=/api/v1/auth/signup/doctor status=201 duration_ms=1.4 client=testclient
2026-09-19T10:57:44 INFO     httpx | HTTP Request: POST http://testserver/api/v1/auth/signup/doctor "HTTP/1.1 201 Created"
2026-09-19T10:57:44 INFO     app.routers.doctors | Clinic upsert requested doctor_id=doctor-1 address=Palakkad, Kerala
2026-09-19T10:57:44 INFO     app.routers.doctors | Clinic upsert using provided coordinates lat=10.786 lng=76.6444
2026-09-19T10:57:44 INFO     app.main | Request complete request_id=2d6dc70a-3eba-4bcd-b94f-9badd926f25c method=POST path=/api/v1/doctors/me/clinic status=201 duration_ms=1.0 client=testclient
2026-09-19T10:57:44 INFO     httpx | HTTP Request: POST http://testserver/api/v1/doctors/me/clinic "HTTP/1.1 201 Created"
2026-09-19T10:57:44 INFO     app.routers.auth | Doctor signup requested email=drgeneral@example.com specialty=General Practitioner
2026-09-19T10:57:44 INFO     app.routers.auth | Doctor signup succeeded doctor_id=doctor-2
2026-09-19T10:57:44 INFO     app.routers.auth | Seeded availability row doctor_id=doctor-2
2026-09-19T10:57:44 INFO     app.main | Request complete request_id=a3537e20-993b-40f6-97f3-83dd96cb8beb method=POST path=/api/v1/auth/signup/doctor status=201 duration_ms=1.3 client=testclient
2026-09-19T10:57:44 INFO     httpx | HTTP Request: POST http://testserver/api/v1/auth/signup/doctor "HTTP/1.1 201 Created"
2026-09-19T10:57:44 INFO     app.routers.doctors | Clinic upsert requested doctor_id=doctor-2 address=Palakkad, Kerala
2026-09-19T10:57:44 INFO     app.routers.doctors | Clinic upsert using provided coordinates lat=10.786 lng=76.6444
2026-09-19T10:57:44 INFO     app.main | Request complete request_id=e8ce6b46-07c3-4790-a94b-e41411bcda3e method=POST path=/api/v1/doctors/me/clinic status=201 duration_ms=1.5 client=testclient
2026-09-19T10:57:44 INFO     httpx | HTTP Request: POST http://testserver/api/v1/doctors/me/clinic "HTTP/1.1 201 Created"
2026-09-19T10:57:44 INFO     app.routers.doctors | Availability update requested doctor_id=doctor-2 available=True
2026-09-19T10:57:44 INFO     app.main | Request complete request_id=44911dfa-b2aa-44c8-805b-e6b3979ab78c method=PUT path=/api/v1/doctors/me/availability status=200 duration_ms=0.8 client=testclient
2026-09-19T10:57:44 INFO     httpx | HTTP Request: PUT http://testserver/api/v1/doctors/me/availability "HTTP/1.1 200 OK"
2026-09-19T10:57:44 INFO     app.routers.search | Doctor search requested specialty=Cardio radius_km=20.0
2026-09-19T10:57:44 INFO     app.routers.search | Doctor search completed result_count=1
2026-09-19T10:57:44 INFO     app.main | Request complete request_id=d6013749-2ba4-4426-9ffc-8eb2fac17115 method=GET path=/api/v1/search status=200 duration_ms=1.3 client=testclient
2026-09-19T10:57:44 INFO     httpx | HTTP Request: GET http://testserver/api/v1/search?lat=10.786&lng=76.6444&specialty=Cardio&radius_km=20 "HTTP/1.1 200 OK"
2026-09-19T10:57:44 INFO     app.routers.auth | Doctor signup requested email=drpending@example.com specialty=General Practitioner
2026-09-19T10:57:44 INFO     app.routers.auth | Doctor signup succeeded doctor_id=doctor-1
2026-09-19T10:57:44 INFO     app.routers.auth | Seeded availability row doctor_id=doctor-1
2026-09-19T10:57:44 INFO     app.main | Request complete request_id=ba7c0384-9517-42b2-b82b-be8908f9ce9c method=POST path=/api/v1/auth/signup/doctor status=201 duration_ms=1.2 client=testclient
2026-09-19T10:57:44 INFO     httpx | HTTP Request: POST http://testserver/api/v1/auth/signup/doctor "HTTP/1.1 201 Created"
2026-09-19T10:57:44 INFO     app.routers.doctors | Clinic upsert requested doctor_id=doctor-1 address=Palakkad, Kerala
2026-09-19T10:57:44 INFO     app.routers.doctors | Clinic upsert using provided coordinates lat=10.786 lng=76.6444
2026-09-19T10:57:44 INFO     app.main | Request complete request_id=3a6b14c2-93d4-4542-8d2a-ede0c63f7f23 method=POST path=/api/v1/doctors/me/clinic status=201 duration_ms=1.2 client=testclient
2026-09-19T10:57:44 INFO     httpx | HTTP Request: POST http://testserver/api/v1/doctors/me/clinic "HTTP/1.1 201 Created"
2026-09-19T10:57:44 INFO     app.routers.doctors | Availability update requested doctor_id=doctor-1 available=True
2026-09-19T10:57:44 WARNING  app.main | Request complete request_id=b2bd1c62-aedb-4b3a-97e0-f9cd06219eb3 method=PUT path=/api/v1/doctors/me/availability status=409 duration_ms=1.2 client=testclient
2026-09-19T10:57:44 INFO     httpx | HTTP Request: PUT http://testserver/api/v1/doctors/me/availability "HTTP/1.1 409 Conflict"
2026-09-19T10:57:44 INFO     app.routers.auth | Doctor signup requested email=drschedule@example.com specialty=General Practitioner
2026-09-19T10:57:44 INFO     app.routers.auth | Doctor signup succeeded doctor_id=doctor-1
2026-09-19T10:57:44 INFO     app.routers.auth | Seeded availability row doctor_id=doctor-1
2026-09-19T10:57:44 INFO     app.main | Request complete request_id=73e69531-55b4-48a2-9003-06944c98070c method=POST path=/api/v1/auth/signup/doctor status=201 duration_ms=1.2 client=testclient
2026-09-19T10:57:44 INFO     httpx | HTTP Request: POST http://testserver/api/v1/auth/signup/doctor "HTTP/1.1 201 Created"
2026-09-19T10:57:44 INFO     app.routers.doctors | Clinic upsert requested doctor_id=doctor-1 address=Palakkad, Kerala
2026-09-19T10:57:44 INFO     app.routers.doctors | Clinic upsert using provided coordinates lat=10.786 lng=76.6444
2026-09-19T10:57:44 INFO     app.main | Request complete request_id=4e433bec-5cdf-4aeb-ae1d-5d2da48ee404 method=POST path=/api/v1/doctors/me/clinic status=201 duration_ms=1.2 client=testclient
2026-09-19T10:57:44 INFO     httpx | HTTP Request: POST http://testserver/api/v1/doctors/me/clinic "HTTP/1.1 201 Created"
2026-09-19T10:57:44 INFO     app.routers.doctors | Doctor profile requested doctor_id=doctor-1
2026-09-19T10:57:44 INFO     app.main | Request complete request_id=a2ebbd00-bc25-4a69-9edd-4244c5727738 method=GET path=/api/v1/doctors/me status=200 duration_ms=1.4 client=testclient
2026-09-19T10:57:44 INFO     httpx | HTTP Request: GET http://testserver/api/v1/doctors/me "HTTP/1.1 200 OK"
2026-09-19T10:57:44 WARNING  app.main | Request complete request_id=24457748-94da-402d-a803-99c668118312 method=POST path=/api/v1/doctors/me/clinic status=422 duration_ms=3.2 client=testclient
2026-09-19T10:57:44 INFO     httpx | HTTP Request: POST http://testserver/api/v1/doctors/me/clinic "HTTP/1.1 422 Unprocessable Entity"
2026-09-19T11:00:24 INFO     app.main | Application starting environment=development debug=True
2026-09-19T11:01:39 INFO     app.main | Request complete request_id=c3208be0-dc9a-49b7-8023-7d118a2c4805 method=OPTIONS path=/api/v1/search status=200 duration_ms=3.1 client=127.0.0.1
2026-09-19T11:01:39 INFO     app.routers.search | Doctor search requested specialty=all radius_km=10.0
2026-09-19T11:01:39 INFO     app.services.supabase_store | Supabase search doctors specialty=all radius_km=10.0
2026-09-19T11:01:39 INFO     app.services.supabase_store | Creating Supabase client
2026-09-19T11:01:40 ERROR    app.main | Request failed request_id=465c2da2-80dd-4cd9-8389-89fe5e32a1bc method=GET path=/api/v1/search
Traceback (most recent call last):
  File "C:\new\doctorundo\.venv\Lib\site-packages\starlette\middleware\base.py", line 157, in call_next
    message = await recv_stream.receive()
              ^^^^^^^^^^^^^^^^^^^^^^^^^^^
  File "C:\new\doctorundo\.venv\Lib\site-packages\anyio\streams\memory.py", line 98, in receive
    return self.receive_nowait()
           ^^^^^^^^^^^^^^^^^^^^^
  File "C:\new\doctorundo\.venv\Lib\site-packages\anyio\streams\memory.py", line 91, in receive_nowait
    raise EndOfStream
anyio.EndOfStream

During handling of the above exception, another exception occurred:

Traceback (most recent call last):
  File "C:\new\doctorundo\backend\app\main.py", line 47, in log_request
    response = await call_next(request)
               ^^^^^^^^^^^^^^^^^^^^^^^^
  File "C:\new\doctorundo\.venv\Lib\site-packages\starlette\middleware\base.py", line 163, in call_next
    raise app_exc
  File "C:\new\doctorundo\.venv\Lib\site-packages\starlette\middleware\base.py", line 149, in coro
    await self.app(scope, receive_or_disconnect, send_no_error)
  File "C:\new\doctorundo\.venv\Lib\site-packages\starlette\middleware\cors.py", line 93, in __call__
    await self.simple_response(scope, receive, send, request_headers=headers)
  File "C:\new\doctorundo\.venv\Lib\site-packages\starlette\middleware\cors.py", line 144, in simple_response
    await self.app(scope, receive, send)
  File "C:\new\doctorundo\.venv\Lib\site-packages\starlette\middleware\exceptions.py", line 62, in __call__
    await wrap_app_handling_exceptions(self.app, conn)(scope, receive, send)
  File "C:\new\doctorundo\.venv\Lib\site-packages\starlette\_exception_handler.py", line 62, in wrapped_app
    raise exc
  File "C:\new\doctorundo\.venv\Lib\site-packages\starlette\_exception_handler.py", line 51, in wrapped_app
    await app(scope, receive, sender)
  File "C:\new\doctorundo\.venv\Lib\site-packages\starlette\routing.py", line 715, in __call__
    await self.middleware_stack(scope, receive, send)
  File "C:\new\doctorundo\.venv\Lib\site-packages\starlette\routing.py", line 735, in app
    await route.handle(scope, receive, send)
  File "C:\new\doctorundo\.venv\Lib\site-packages\starlette\routing.py", line 288, in handle
    await self.app(scope, receive, send)
  File "C:\new\doctorundo\.venv\Lib\site-packages\starlette\routing.py", line 76, in app
    await wrap_app_handling_exceptions(app, request)(scope, receive, send)
  File "C:\new\doctorundo\.venv\Lib\site-packages\starlette\_exception_handler.py", line 62, in wrapped_app
    raise exc
  File "C:\new\doctorundo\.venv\Lib\site-packages\starlette\_exception_handler.py", line 51, in wrapped_app
    await app(scope, receive, sender)
  File "C:\new\doctorundo\.venv\Lib\site-packages\starlette\routing.py", line 73, in app
    response = await f(request)
               ^^^^^^^^^^^^^^^^
  File "C:\new\doctorundo\.venv\Lib\site-packages\fastapi\routing.py", line 301, in app
    raw_response = await run_endpoint_function(
                   ^^^^^^^^^^^^^^^^^^^^^^^^^^^^
  File "C:\new\doctorundo\.venv\Lib\site-packages\fastapi\routing.py", line 212, in run_endpoint_function
    return await dependant.call(**values)
           ^^^^^^^^^^^^^^^^^^^^^^^^^^^^^^
  File "C:\new\doctorundo\backend\app\routers\search.py", line 34, in search_doctors
    remote_results = supabase_store.search_doctors(lat, lng, specialty, radius_km)
                     ^^^^^^^^^^^^^^^^^^^^^^^^^^^^^^^^^^^^^^^^^^^^^^^^^^^^^^^^^^^^^
  File "C:\new\doctorundo\backend\app\services\supabase_store.py", line 108, in search_doctors
    query = self.client.table("doctors").select("*, clinics(*), availability(*)")
            ^^^^^^^^^^^
  File "C:\new\doctorundo\backend\app\services\supabase_store.py", line 34, in client
    self._client = get_supabase_client()
                   ^^^^^^^^^^^^^^^^^^^^^
  File "C:\new\doctorundo\backend\app\db.py", line 17, in get_supabase_client
    from supabase import create_client
  File "C:\new\doctorundo\.venv\Lib\site-packages\supabase\__init__.py", line 7, in <module>
    from ._async.client import AsyncClient as AClient
  File "C:\new\doctorundo\.venv\Lib\site-packages\supabase\_async\client.py", line 18, in <module>
    from ..lib.client_options import ClientOptions
  File "C:\new\doctorundo\.venv\Lib\site-packages\supabase\lib\client_options.py", line 8, in <module>
    from supafunc.utils import DEFAULT_FUNCTION_CLIENT_TIMEOUT
ImportError: cannot import name 'DEFAULT_FUNCTION_CLIENT_TIMEOUT' from 'supafunc.utils' (C:\new\doctorundo\.venv\Lib\site-packages\supafunc\utils.py)
2026-09-19T11:01:57 INFO     app.routers.search | Doctor search requested specialty=all radius_km=10.0
2026-09-19T11:01:57 INFO     app.services.supabase_store | Supabase search doctors specialty=all radius_km=10.0
2026-09-19T11:01:57 INFO     app.services.supabase_store | Creating Supabase client
2026-09-19T11:01:57 ERROR    app.main | Request failed request_id=8e9b1c1f-1185-4fd0-a38e-4219994efba9 method=GET path=/api/v1/search
Traceback (most recent call last):
  File "C:\new\doctorundo\.venv\Lib\site-packages\starlette\middleware\base.py", line 157, in call_next
    message = await recv_stream.receive()
              ^^^^^^^^^^^^^^^^^^^^^^^^^^^
  File "C:\new\doctorundo\.venv\Lib\site-packages\anyio\streams\memory.py", line 98, in receive
    return self.receive_nowait()
           ^^^^^^^^^^^^^^^^^^^^^
  File "C:\new\doctorundo\.venv\Lib\site-packages\anyio\streams\memory.py", line 91, in receive_nowait
    raise EndOfStream
anyio.EndOfStream

During handling of the above exception, another exception occurred:

Traceback (most recent call last):
  File "C:\new\doctorundo\backend\app\main.py", line 47, in log_request
    response = await call_next(request)
               ^^^^^^^^^^^^^^^^^^^^^^^^
  File "C:\new\doctorundo\.venv\Lib\site-packages\starlette\middleware\base.py", line 163, in call_next
    raise app_exc
  File "C:\new\doctorundo\.venv\Lib\site-packages\starlette\middleware\base.py", line 149, in coro
    await self.app(scope, receive_or_disconnect, send_no_error)
  File "C:\new\doctorundo\.venv\Lib\site-packages\starlette\middleware\cors.py", line 93, in __call__
    await self.simple_response(scope, receive, send, request_headers=headers)
  File "C:\new\doctorundo\.venv\Lib\site-packages\starlette\middleware\cors.py", line 144, in simple_response
    await self.app(scope, receive, send)
  File "C:\new\doctorundo\.venv\Lib\site-packages\starlette\middleware\exceptions.py", line 62, in __call__
    await wrap_app_handling_exceptions(self.app, conn)(scope, receive, send)
  File "C:\new\doctorundo\.venv\Lib\site-packages\starlette\_exception_handler.py", line 62, in wrapped_app
    raise exc
  File "C:\new\doctorundo\.venv\Lib\site-packages\starlette\_exception_handler.py", line 51, in wrapped_app
    await app(scope, receive, sender)
  File "C:\new\doctorundo\.venv\Lib\site-packages\starlette\routing.py", line 715, in __call__
    await self.middleware_stack(scope, receive, send)
  File "C:\new\doctorundo\.venv\Lib\site-packages\starlette\routing.py", line 735, in app
    await route.handle(scope, receive, send)
  File "C:\new\doctorundo\.venv\Lib\site-packages\starlette\routing.py", line 288, in handle
    await self.app(scope, receive, send)
  File "C:\new\doctorundo\.venv\Lib\site-packages\starlette\routing.py", line 76, in app
    await wrap_app_handling_exceptions(app, request)(scope, receive, send)
  File "C:\new\doctorundo\.venv\Lib\site-packages\starlette\_exception_handler.py", line 62, in wrapped_app
    raise exc
  File "C:\new\doctorundo\.venv\Lib\site-packages\starlette\_exception_handler.py", line 51, in wrapped_app
    await app(scope, receive, sender)
  File "C:\new\doctorundo\.venv\Lib\site-packages\starlette\routing.py", line 73, in app
    response = await f(request)
               ^^^^^^^^^^^^^^^^
  File "C:\new\doctorundo\.venv\Lib\site-packages\fastapi\routing.py", line 301, in app
    raw_response = await run_endpoint_function(
                   ^^^^^^^^^^^^^^^^^^^^^^^^^^^^
  File "C:\new\doctorundo\.venv\Lib\site-packages\fastapi\routing.py", line 212, in run_endpoint_function
    return await dependant.call(**values)
           ^^^^^^^^^^^^^^^^^^^^^^^^^^^^^^
  File "C:\new\doctorundo\backend\app\routers\search.py", line 34, in search_doctors
    remote_results = supabase_store.search_doctors(lat, lng, specialty, radius_km)
                     ^^^^^^^^^^^^^^^^^^^^^^^^^^^^^^^^^^^^^^^^^^^^^^^^^^^^^^^^^^^^^
  File "C:\new\doctorundo\backend\app\services\supabase_store.py", line 108, in search_doctors
    query = self.client.table("doctors").select("*, clinics(*), availability(*)")
            ^^^^^^^^^^^
  File "C:\new\doctorundo\backend\app\services\supabase_store.py", line 34, in client
    self._client = get_supabase_client()
                   ^^^^^^^^^^^^^^^^^^^^^
  File "C:\new\doctorundo\backend\app\db.py", line 17, in get_supabase_client
    from supabase import create_client
  File "C:\new\doctorundo\.venv\Lib\site-packages\supabase\__init__.py", line 7, in <module>
    from ._async.client import AsyncClient as AClient
  File "C:\new\doctorundo\.venv\Lib\site-packages\supabase\_async\client.py", line 18, in <module>
    from ..lib.client_options import ClientOptions
  File "C:\new\doctorundo\.venv\Lib\site-packages\supabase\lib\client_options.py", line 8, in <module>
    from supafunc.utils import DEFAULT_FUNCTION_CLIENT_TIMEOUT
ImportError: cannot import name 'DEFAULT_FUNCTION_CLIENT_TIMEOUT' from 'supafunc.utils' (C:\new\doctorundo\.venv\Lib\site-packages\supafunc\utils.py)
2026-09-19T11:04:19 INFO     app.routers.search | Doctor search requested specialty=all radius_km=10.0
2026-09-19T11:04:19 INFO     app.services.supabase_store | Supabase search doctors specialty=all radius_km=10.0
2026-09-19T11:04:19 INFO     app.services.supabase_store | Creating Supabase client
2026-09-19T11:04:19 ERROR    app.main | Request failed request_id=202a9aa3-dec1-42e4-b945-d6a376230b93 method=GET path=/api/v1/search
Traceback (most recent call last):
  File "C:\new\doctorundo\.venv\Lib\site-packages\starlette\middleware\base.py", line 157, in call_next
    message = await recv_stream.receive()
              ^^^^^^^^^^^^^^^^^^^^^^^^^^^
  File "C:\new\doctorundo\.venv\Lib\site-packages\anyio\streams\memory.py", line 98, in receive
    return self.receive_nowait()
           ^^^^^^^^^^^^^^^^^^^^^
  File "C:\new\doctorundo\.venv\Lib\site-packages\anyio\streams\memory.py", line 91, in receive_nowait
    raise EndOfStream
anyio.EndOfStream

During handling of the above exception, another exception occurred:

Traceback (most recent call last):
  File "C:\new\doctorundo\backend\app\main.py", line 47, in log_request
    response = await call_next(request)
               ^^^^^^^^^^^^^^^^^^^^^^^^
  File "C:\new\doctorundo\.venv\Lib\site-packages\starlette\middleware\base.py", line 163, in call_next
    raise app_exc
  File "C:\new\doctorundo\.venv\Lib\site-packages\starlette\middleware\base.py", line 149, in coro
    await self.app(scope, receive_or_disconnect, send_no_error)
  File "C:\new\doctorundo\.venv\Lib\site-packages\starlette\middleware\cors.py", line 93, in __call__
    await self.simple_response(scope, receive, send, request_headers=headers)
  File "C:\new\doctorundo\.venv\Lib\site-packages\starlette\middleware\cors.py", line 144, in simple_response
    await self.app(scope, receive, send)
  File "C:\new\doctorundo\.venv\Lib\site-packages\starlette\middleware\exceptions.py", line 62, in __call__
    await wrap_app_handling_exceptions(self.app, conn)(scope, receive, send)
  File "C:\new\doctorundo\.venv\Lib\site-packages\starlette\_exception_handler.py", line 62, in wrapped_app
    raise exc
  File "C:\new\doctorundo\.venv\Lib\site-packages\starlette\_exception_handler.py", line 51, in wrapped_app
    await app(scope, receive, sender)
  File "C:\new\doctorundo\.venv\Lib\site-packages\starlette\routing.py", line 715, in __call__
    await self.middleware_stack(scope, receive, send)
  File "C:\new\doctorundo\.venv\Lib\site-packages\starlette\routing.py", line 735, in app
    await route.handle(scope, receive, send)
  File "C:\new\doctorundo\.venv\Lib\site-packages\starlette\routing.py", line 288, in handle
    await self.app(scope, receive, send)
  File "C:\new\doctorundo\.venv\Lib\site-packages\starlette\routing.py", line 76, in app
    await wrap_app_handling_exceptions(app, request)(scope, receive, send)
  File "C:\new\doctorundo\.venv\Lib\site-packages\starlette\_exception_handler.py", line 62, in wrapped_app
    raise exc
  File "C:\new\doctorundo\.venv\Lib\site-packages\starlette\_exception_handler.py", line 51, in wrapped_app
    await app(scope, receive, sender)
  File "C:\new\doctorundo\.venv\Lib\site-packages\starlette\routing.py", line 73, in app
    response = await f(request)
               ^^^^^^^^^^^^^^^^
  File "C:\new\doctorundo\.venv\Lib\site-packages\fastapi\routing.py", line 301, in app
    raw_response = await run_endpoint_function(
                   ^^^^^^^^^^^^^^^^^^^^^^^^^^^^
  File "C:\new\doctorundo\.venv\Lib\site-packages\fastapi\routing.py", line 212, in run_endpoint_function
    return await dependant.call(**values)
           ^^^^^^^^^^^^^^^^^^^^^^^^^^^^^^
  File "C:\new\doctorundo\backend\app\routers\search.py", line 34, in search_doctors
    remote_results = supabase_store.search_doctors(lat, lng, specialty, radius_km)
                     ^^^^^^^^^^^^^^^^^^^^^^^^^^^^^^^^^^^^^^^^^^^^^^^^^^^^^^^^^^^^^
  File "C:\new\doctorundo\backend\app\services\supabase_store.py", line 108, in search_doctors
    query = self.client.table("doctors").select("*, clinics(*), availability(*)")
            ^^^^^^^^^^^
  File "C:\new\doctorundo\backend\app\services\supabase_store.py", line 34, in client
    self._client = get_supabase_client()
                   ^^^^^^^^^^^^^^^^^^^^^
  File "C:\new\doctorundo\backend\app\db.py", line 17, in get_supabase_client
    from supabase import create_client
  File "C:\new\doctorundo\.venv\Lib\site-packages\supabase\__init__.py", line 7, in <module>
    from ._async.client import AsyncClient as AClient
  File "C:\new\doctorundo\.venv\Lib\site-packages\supabase\_async\client.py", line 18, in <module>
    from ..lib.client_options import ClientOptions
  File "C:\new\doctorundo\.venv\Lib\site-packages\supabase\lib\client_options.py", line 8, in <module>
    from supafunc.utils import DEFAULT_FUNCTION_CLIENT_TIMEOUT
ImportError: cannot import name 'DEFAULT_FUNCTION_CLIENT_TIMEOUT' from 'supafunc.utils' (C:\new\doctorundo\.venv\Lib\site-packages\supafunc\utils.py)
2026-09-19T11:06:06 INFO     app.main | Request complete request_id=0322ac00-39a7-4ef3-8342-d8c1720b6ebb method=OPTIONS path=/api/v1/doctors/me status=200 duration_ms=4.0 client=127.0.0.1
2026-09-19T11:06:06 INFO     app.main | Request complete request_id=2413a8bd-89fd-42aa-addf-cb546a2c4e3e method=OPTIONS path=/api/v1/doctors/me status=200 duration_ms=0.4 client=127.0.0.1
2026-09-19T11:06:06 INFO     app.routers.doctors | Doctor profile requested doctor_id=f3943902-8deb-4555-ba79-8c520be85999
2026-09-19T11:06:06 INFO     app.services.supabase_store | Creating Supabase client
2026-09-19T11:06:06 ERROR    app.main | Request failed request_id=51290f90-826f-47b5-8e81-468861d18f5d method=GET path=/api/v1/doctors/me
Traceback (most recent call last):
  File "C:\new\doctorundo\.venv\Lib\site-packages\starlette\middleware\base.py", line 157, in call_next
    message = await recv_stream.receive()
              ^^^^^^^^^^^^^^^^^^^^^^^^^^^
  File "C:\new\doctorundo\.venv\Lib\site-packages\anyio\streams\memory.py", line 98, in receive
    return self.receive_nowait()
           ^^^^^^^^^^^^^^^^^^^^^
  File "C:\new\doctorundo\.venv\Lib\site-packages\anyio\streams\memory.py", line 91, in receive_nowait
    raise EndOfStream
anyio.EndOfStream

During handling of the above exception, another exception occurred:

Traceback (most recent call last):
  File "C:\new\doctorundo\backend\app\main.py", line 47, in log_request
    response = await call_next(request)
               ^^^^^^^^^^^^^^^^^^^^^^^^
  File "C:\new\doctorundo\.venv\Lib\site-packages\starlette\middleware\base.py", line 163, in call_next
    raise app_exc
  File "C:\new\doctorundo\.venv\Lib\site-packages\starlette\middleware\base.py", line 149, in coro
    await self.app(scope, receive_or_disconnect, send_no_error)
  File "C:\new\doctorundo\.venv\Lib\site-packages\starlette\middleware\cors.py", line 93, in __call__
    await self.simple_response(scope, receive, send, request_headers=headers)
  File "C:\new\doctorundo\.venv\Lib\site-packages\starlette\middleware\cors.py", line 144, in simple_response
    await self.app(scope, receive, send)
  File "C:\new\doctorundo\.venv\Lib\site-packages\starlette\middleware\exceptions.py", line 62, in __call__
    await wrap_app_handling_exceptions(self.app, conn)(scope, receive, send)
  File "C:\new\doctorundo\.venv\Lib\site-packages\starlette\_exception_handler.py", line 62, in wrapped_app
    raise exc
  File "C:\new\doctorundo\.venv\Lib\site-packages\starlette\_exception_handler.py", line 51, in wrapped_app
    await app(scope, receive, sender)
  File "C:\new\doctorundo\.venv\Lib\site-packages\starlette\routing.py", line 715, in __call__
    await self.middleware_stack(scope, receive, send)
  File "C:\new\doctorundo\.venv\Lib\site-packages\starlette\routing.py", line 735, in app
    await route.handle(scope, receive, send)
  File "C:\new\doctorundo\.venv\Lib\site-packages\starlette\routing.py", line 288, in handle
    await self.app(scope, receive, send)
  File "C:\new\doctorundo\.venv\Lib\site-packages\starlette\routing.py", line 76, in app
    await wrap_app_handling_exceptions(app, request)(scope, receive, send)
  File "C:\new\doctorundo\.venv\Lib\site-packages\starlette\_exception_handler.py", line 62, in wrapped_app
    raise exc
  File "C:\new\doctorundo\.venv\Lib\site-packages\starlette\_exception_handler.py", line 51, in wrapped_app
    await app(scope, receive, sender)
  File "C:\new\doctorundo\.venv\Lib\site-packages\starlette\routing.py", line 73, in app
    response = await f(request)
               ^^^^^^^^^^^^^^^^
  File "C:\new\doctorundo\.venv\Lib\site-packages\fastapi\routing.py", line 301, in app
    raw_response = await run_endpoint_function(
                   ^^^^^^^^^^^^^^^^^^^^^^^^^^^^
  File "C:\new\doctorundo\.venv\Lib\site-packages\fastapi\routing.py", line 212, in run_endpoint_function
    return await dependant.call(**values)
           ^^^^^^^^^^^^^^^^^^^^^^^^^^^^^^
  File "C:\new\doctorundo\backend\app\routers\doctors.py", line 90, in get_doctor_profile
    doctor = supabase_store.get_doctor_by_id(doctor_id)
             ^^^^^^^^^^^^^^^^^^^^^^^^^^^^^^^^^^^^^^^^^^
  File "C:\new\doctorundo\backend\app\services\supabase_store.py", line 53, in get_doctor_by_id
    response = self.client.table("doctors").select("*").eq("id", doctor_id).execute()
               ^^^^^^^^^^^
  File "C:\new\doctorundo\backend\app\services\supabase_store.py", line 34, in client
    self._client = get_supabase_client()
                   ^^^^^^^^^^^^^^^^^^^^^
  File "C:\new\doctorundo\backend\app\db.py", line 17, in get_supabase_client
    from supabase import create_client
  File "C:\new\doctorundo\.venv\Lib\site-packages\supabase\__init__.py", line 7, in <module>
    from ._async.client import AsyncClient as AClient
  File "C:\new\doctorundo\.venv\Lib\site-packages\supabase\_async\client.py", line 18, in <module>
    from ..lib.client_options import ClientOptions
  File "C:\new\doctorundo\.venv\Lib\site-packages\supabase\lib\client_options.py", line 8, in <module>
    from supafunc.utils import DEFAULT_FUNCTION_CLIENT_TIMEOUT
ImportError: cannot import name 'DEFAULT_FUNCTION_CLIENT_TIMEOUT' from 'supafunc.utils' (C:\new\doctorundo\.venv\Lib\site-packages\supafunc\utils.py)
2026-09-19T11:06:07 INFO     app.routers.doctors | Doctor profile requested doctor_id=f3943902-8deb-4555-ba79-8c520be85999
2026-09-19T11:06:07 INFO     app.services.supabase_store | Creating Supabase client
2026-09-19T11:06:07 ERROR    app.main | Request failed request_id=de8b28aa-c550-4e79-aa9f-27fa443047bd method=GET path=/api/v1/doctors/me
Traceback (most recent call last):
  File "C:\new\doctorundo\.venv\Lib\site-packages\starlette\middleware\base.py", line 157, in call_next
    message = await recv_stream.receive()
              ^^^^^^^^^^^^^^^^^^^^^^^^^^^
  File "C:\new\doctorundo\.venv\Lib\site-packages\anyio\streams\memory.py", line 98, in receive
    return self.receive_nowait()
           ^^^^^^^^^^^^^^^^^^^^^
  File "C:\new\doctorundo\.venv\Lib\site-packages\anyio\streams\memory.py", line 91, in receive_nowait
    raise EndOfStream
anyio.EndOfStream

During handling of the above exception, another exception occurred:

Traceback (most recent call last):
  File "C:\new\doctorundo\backend\app\main.py", line 47, in log_request
    response = await call_next(request)
               ^^^^^^^^^^^^^^^^^^^^^^^^
  File "C:\new\doctorundo\.venv\Lib\site-packages\starlette\middleware\base.py", line 163, in call_next
    raise app_exc
  File "C:\new\doctorundo\.venv\Lib\site-packages\starlette\middleware\base.py", line 149, in coro
    await self.app(scope, receive_or_disconnect, send_no_error)
  File "C:\new\doctorundo\.venv\Lib\site-packages\starlette\middleware\cors.py", line 93, in __call__
    await self.simple_response(scope, receive, send, request_headers=headers)
  File "C:\new\doctorundo\.venv\Lib\site-packages\starlette\middleware\cors.py", line 144, in simple_response
    await self.app(scope, receive, send)
  File "C:\new\doctorundo\.venv\Lib\site-packages\starlette\middleware\exceptions.py", line 62, in __call__
    await wrap_app_handling_exceptions(self.app, conn)(scope, receive, send)
  File "C:\new\doctorundo\.venv\Lib\site-packages\starlette\_exception_handler.py", line 62, in wrapped_app
    raise exc
  File "C:\new\doctorundo\.venv\Lib\site-packages\starlette\_exception_handler.py", line 51, in wrapped_app
    await app(scope, receive, sender)
  File "C:\new\doctorundo\.venv\Lib\site-packages\starlette\routing.py", line 715, in __call__
    await self.middleware_stack(scope, receive, send)
  File "C:\new\doctorundo\.venv\Lib\site-packages\starlette\routing.py", line 735, in app
    await route.handle(scope, receive, send)
  File "C:\new\doctorundo\.venv\Lib\site-packages\starlette\routing.py", line 288, in handle
    await self.app(scope, receive, send)
  File "C:\new\doctorundo\.venv\Lib\site-packages\starlette\routing.py", line 76, in app
    await wrap_app_handling_exceptions(app, request)(scope, receive, send)
  File "C:\new\doctorundo\.venv\Lib\site-packages\starlette\_exception_handler.py", line 62, in wrapped_app
    raise exc
  File "C:\new\doctorundo\.venv\Lib\site-packages\starlette\_exception_handler.py", line 51, in wrapped_app
    await app(scope, receive, sender)
  File "C:\new\doctorundo\.venv\Lib\site-packages\starlette\routing.py", line 73, in app
    response = await f(request)
               ^^^^^^^^^^^^^^^^
  File "C:\new\doctorundo\.venv\Lib\site-packages\fastapi\routing.py", line 301, in app
    raw_response = await run_endpoint_function(
                   ^^^^^^^^^^^^^^^^^^^^^^^^^^^^
  File "C:\new\doctorundo\.venv\Lib\site-packages\fastapi\routing.py", line 212, in run_endpoint_function
    return await dependant.call(**values)
           ^^^^^^^^^^^^^^^^^^^^^^^^^^^^^^
  File "C:\new\doctorundo\backend\app\routers\doctors.py", line 90, in get_doctor_profile
    doctor = supabase_store.get_doctor_by_id(doctor_id)
             ^^^^^^^^^^^^^^^^^^^^^^^^^^^^^^^^^^^^^^^^^^
  File "C:\new\doctorundo\backend\app\services\supabase_store.py", line 53, in get_doctor_by_id
    response = self.client.table("doctors").select("*").eq("id", doctor_id).execute()
               ^^^^^^^^^^^
  File "C:\new\doctorundo\backend\app\services\supabase_store.py", line 34, in client
    self._client = get_supabase_client()
                   ^^^^^^^^^^^^^^^^^^^^^
  File "C:\new\doctorundo\backend\app\db.py", line 17, in get_supabase_client
    from supabase import create_client
  File "C:\new\doctorundo\.venv\Lib\site-packages\supabase\__init__.py", line 7, in <module>
    from ._async.client import AsyncClient as AClient
  File "C:\new\doctorundo\.venv\Lib\site-packages\supabase\_async\client.py", line 18, in <module>
    from ..lib.client_options import ClientOptions
  File "C:\new\doctorundo\.venv\Lib\site-packages\supabase\lib\client_options.py", line 8, in <module>
    from supafunc.utils import DEFAULT_FUNCTION_CLIENT_TIMEOUT
ImportError: cannot import name 'DEFAULT_FUNCTION_CLIENT_TIMEOUT' from 'supafunc.utils' (C:\new\doctorundo\.venv\Lib\site-packages\supafunc\utils.py)
2026-09-19T11:06:07 INFO     app.routers.doctors | Doctor profile requested doctor_id=f3943902-8deb-4555-ba79-8c520be85999
2026-09-19T11:06:07 INFO     app.services.supabase_store | Creating Supabase client
2026-09-19T11:06:07 ERROR    app.main | Request failed request_id=d8a77468-b8e3-4bee-bba1-ae7a6211d4c8 method=GET path=/api/v1/doctors/me
Traceback (most recent call last):
  File "C:\new\doctorundo\.venv\Lib\site-packages\starlette\middleware\base.py", line 157, in call_next
    message = await recv_stream.receive()
              ^^^^^^^^^^^^^^^^^^^^^^^^^^^
  File "C:\new\doctorundo\.venv\Lib\site-packages\anyio\streams\memory.py", line 98, in receive
    return self.receive_nowait()
           ^^^^^^^^^^^^^^^^^^^^^
  File "C:\new\doctorundo\.venv\Lib\site-packages\anyio\streams\memory.py", line 91, in receive_nowait
    raise EndOfStream
anyio.EndOfStream

During handling of the above exception, another exception occurred:

Traceback (most recent call last):
  File "C:\new\doctorundo\backend\app\main.py", line 47, in log_request
    response = await call_next(request)
               ^^^^^^^^^^^^^^^^^^^^^^^^
  File "C:\new\doctorundo\.venv\Lib\site-packages\starlette\middleware\base.py", line 163, in call_next
    raise app_exc
  File "C:\new\doctorundo\.venv\Lib\site-packages\starlette\middleware\base.py", line 149, in coro
    await self.app(scope, receive_or_disconnect, send_no_error)
  File "C:\new\doctorundo\.venv\Lib\site-packages\starlette\middleware\cors.py", line 93, in __call__
    await self.simple_response(scope, receive, send, request_headers=headers)
  File "C:\new\doctorundo\.venv\Lib\site-packages\starlette\middleware\cors.py", line 144, in simple_response
    await self.app(scope, receive, send)
  File "C:\new\doctorundo\.venv\Lib\site-packages\starlette\middleware\exceptions.py", line 62, in __call__
    await wrap_app_handling_exceptions(self.app, conn)(scope, receive, send)
  File "C:\new\doctorundo\.venv\Lib\site-packages\starlette\_exception_handler.py", line 62, in wrapped_app
    raise exc
  File "C:\new\doctorundo\.venv\Lib\site-packages\starlette\_exception_handler.py", line 51, in wrapped_app
    await app(scope, receive, sender)
  File "C:\new\doctorundo\.venv\Lib\site-packages\starlette\routing.py", line 715, in __call__
    await self.middleware_stack(scope, receive, send)
  File "C:\new\doctorundo\.venv\Lib\site-packages\starlette\routing.py", line 735, in app
    await route.handle(scope, receive, send)
  File "C:\new\doctorundo\.venv\Lib\site-packages\starlette\routing.py", line 288, in handle
    await self.app(scope, receive, send)
  File "C:\new\doctorundo\.venv\Lib\site-packages\starlette\routing.py", line 76, in app
    await wrap_app_handling_exceptions(app, request)(scope, receive, send)
  File "C:\new\doctorundo\.venv\Lib\site-packages\starlette\_exception_handler.py", line 62, in wrapped_app
    raise exc
  File "C:\new\doctorundo\.venv\Lib\site-packages\starlette\_exception_handler.py", line 51, in wrapped_app
    await app(scope, receive, sender)
  File "C:\new\doctorundo\.venv\Lib\site-packages\starlette\routing.py", line 73, in app
    response = await f(request)
               ^^^^^^^^^^^^^^^^
  File "C:\new\doctorundo\.venv\Lib\site-packages\fastapi\routing.py", line 301, in app
    raw_response = await run_endpoint_function(
                   ^^^^^^^^^^^^^^^^^^^^^^^^^^^^
  File "C:\new\doctorundo\.venv\Lib\site-packages\fastapi\routing.py", line 212, in run_endpoint_function
    return await dependant.call(**values)
           ^^^^^^^^^^^^^^^^^^^^^^^^^^^^^^
  File "C:\new\doctorundo\backend\app\routers\doctors.py", line 90, in get_doctor_profile
    doctor = supabase_store.get_doctor_by_id(doctor_id)
             ^^^^^^^^^^^^^^^^^^^^^^^^^^^^^^^^^^^^^^^^^^
  File "C:\new\doctorundo\backend\app\services\supabase_store.py", line 53, in get_doctor_by_id
    response = self.client.table("doctors").select("*").eq("id", doctor_id).execute()
               ^^^^^^^^^^^
  File "C:\new\doctorundo\backend\app\services\supabase_store.py", line 34, in client
    self._client = get_supabase_client()
                   ^^^^^^^^^^^^^^^^^^^^^
  File "C:\new\doctorundo\backend\app\db.py", line 17, in get_supabase_client
    from supabase import create_client
  File "C:\new\doctorundo\.venv\Lib\site-packages\supabase\__init__.py", line 7, in <module>
    from ._async.client import AsyncClient as AClient
  File "C:\new\doctorundo\.venv\Lib\site-packages\supabase\_async\client.py", line 18, in <module>
    from ..lib.client_options import ClientOptions
  File "C:\new\doctorundo\.venv\Lib\site-packages\supabase\lib\client_options.py", line 8, in <module>
    from supafunc.utils import DEFAULT_FUNCTION_CLIENT_TIMEOUT
ImportError: cannot import name 'DEFAULT_FUNCTION_CLIENT_TIMEOUT' from 'supafunc.utils' (C:\new\doctorundo\.venv\Lib\site-packages\supafunc\utils.py)
2026-09-19T11:06:09 INFO     app.routers.doctors | Doctor profile requested doctor_id=f3943902-8deb-4555-ba79-8c520be85999
2026-09-19T11:06:09 INFO     app.services.supabase_store | Creating Supabase client
2026-09-19T11:06:09 ERROR    app.main | Request failed request_id=65f48a95-f093-476d-9bc5-c5a1026d1508 method=GET path=/api/v1/doctors/me
Traceback (most recent call last):
  File "C:\new\doctorundo\.venv\Lib\site-packages\starlette\middleware\base.py", line 157, in call_next
    message = await recv_stream.receive()
              ^^^^^^^^^^^^^^^^^^^^^^^^^^^
  File "C:\new\doctorundo\.venv\Lib\site-packages\anyio\streams\memory.py", line 98, in receive
    return self.receive_nowait()
           ^^^^^^^^^^^^^^^^^^^^^
  File "C:\new\doctorundo\.venv\Lib\site-packages\anyio\streams\memory.py", line 91, in receive_nowait
    raise EndOfStream
anyio.EndOfStream

During handling of the above exception, another exception occurred:

Traceback (most recent call last):
  File "C:\new\doctorundo\backend\app\main.py", line 47, in log_request
    response = await call_next(request)
               ^^^^^^^^^^^^^^^^^^^^^^^^
  File "C:\new\doctorundo\.venv\Lib\site-packages\starlette\middleware\base.py", line 163, in call_next
    raise app_exc
  File "C:\new\doctorundo\.venv\Lib\site-packages\starlette\middleware\base.py", line 149, in coro
    await self.app(scope, receive_or_disconnect, send_no_error)
  File "C:\new\doctorundo\.venv\Lib\site-packages\starlette\middleware\cors.py", line 93, in __call__
    await self.simple_response(scope, receive, send, request_headers=headers)
  File "C:\new\doctorundo\.venv\Lib\site-packages\starlette\middleware\cors.py", line 144, in simple_response
    await self.app(scope, receive, send)
  File "C:\new\doctorundo\.venv\Lib\site-packages\starlette\middleware\exceptions.py", line 62, in __call__
    await wrap_app_handling_exceptions(self.app, conn)(scope, receive, send)
  File "C:\new\doctorundo\.venv\Lib\site-packages\starlette\_exception_handler.py", line 62, in wrapped_app
    raise exc
  File "C:\new\doctorundo\.venv\Lib\site-packages\starlette\_exception_handler.py", line 51, in wrapped_app
    await app(scope, receive, sender)
  File "C:\new\doctorundo\.venv\Lib\site-packages\starlette\routing.py", line 715, in __call__
    await self.middleware_stack(scope, receive, send)
  File "C:\new\doctorundo\.venv\Lib\site-packages\starlette\routing.py", line 735, in app
    await route.handle(scope, receive, send)
  File "C:\new\doctorundo\.venv\Lib\site-packages\starlette\routing.py", line 288, in handle
    await self.app(scope, receive, send)
  File "C:\new\doctorundo\.venv\Lib\site-packages\starlette\routing.py", line 76, in app
    await wrap_app_handling_exceptions(app, request)(scope, receive, send)
  File "C:\new\doctorundo\.venv\Lib\site-packages\starlette\_exception_handler.py", line 62, in wrapped_app
    raise exc
  File "C:\new\doctorundo\.venv\Lib\site-packages\starlette\_exception_handler.py", line 51, in wrapped_app
    await app(scope, receive, sender)
  File "C:\new\doctorundo\.venv\Lib\site-packages\starlette\routing.py", line 73, in app
    response = await f(request)
               ^^^^^^^^^^^^^^^^
  File "C:\new\doctorundo\.venv\Lib\site-packages\fastapi\routing.py", line 301, in app
    raw_response = await run_endpoint_function(
                   ^^^^^^^^^^^^^^^^^^^^^^^^^^^^
  File "C:\new\doctorundo\.venv\Lib\site-packages\fastapi\routing.py", line 212, in run_endpoint_function
    return await dependant.call(**values)
           ^^^^^^^^^^^^^^^^^^^^^^^^^^^^^^
  File "C:\new\doctorundo\backend\app\routers\doctors.py", line 90, in get_doctor_profile
    doctor = supabase_store.get_doctor_by_id(doctor_id)
             ^^^^^^^^^^^^^^^^^^^^^^^^^^^^^^^^^^^^^^^^^^
  File "C:\new\doctorundo\backend\app\services\supabase_store.py", line 53, in get_doctor_by_id
    response = self.client.table("doctors").select("*").eq("id", doctor_id).execute()
               ^^^^^^^^^^^
  File "C:\new\doctorundo\backend\app\services\supabase_store.py", line 34, in client
    self._client = get_supabase_client()
                   ^^^^^^^^^^^^^^^^^^^^^
  File "C:\new\doctorundo\backend\app\db.py", line 17, in get_supabase_client
    from supabase import create_client
  File "C:\new\doctorundo\.venv\Lib\site-packages\supabase\__init__.py", line 7, in <module>
    from ._async.client import AsyncClient as AClient
  File "C:\new\doctorundo\.venv\Lib\site-packages\supabase\_async\client.py", line 18, in <module>
    from ..lib.client_options import ClientOptions
  File "C:\new\doctorundo\.venv\Lib\site-packages\supabase\lib\client_options.py", line 8, in <module>
    from supafunc.utils import DEFAULT_FUNCTION_CLIENT_TIMEOUT
ImportError: cannot import name 'DEFAULT_FUNCTION_CLIENT_TIMEOUT' from 'supafunc.utils' (C:\new\doctorundo\.venv\Lib\site-packages\supafunc\utils.py)
2026-09-19T11:06:10 INFO     app.routers.doctors | Doctor profile requested doctor_id=f3943902-8deb-4555-ba79-8c520be85999
2026-09-19T11:06:10 INFO     app.services.supabase_store | Creating Supabase client
2026-09-19T11:06:10 ERROR    app.main | Request failed request_id=3c6ea250-c3f6-4164-91d4-83709a188e82 method=GET path=/api/v1/doctors/me
Traceback (most recent call last):
  File "C:\new\doctorundo\.venv\Lib\site-packages\starlette\middleware\base.py", line 157, in call_next
    message = await recv_stream.receive()
              ^^^^^^^^^^^^^^^^^^^^^^^^^^^
  File "C:\new\doctorundo\.venv\Lib\site-packages\anyio\streams\memory.py", line 98, in receive
    return self.receive_nowait()
           ^^^^^^^^^^^^^^^^^^^^^
  File "C:\new\doctorundo\.venv\Lib\site-packages\anyio\streams\memory.py", line 91, in receive_nowait
    raise EndOfStream
anyio.EndOfStream

During handling of the above exception, another exception occurred:

Traceback (most recent call last):
  File "C:\new\doctorundo\backend\app\main.py", line 47, in log_request
    response = await call_next(request)
               ^^^^^^^^^^^^^^^^^^^^^^^^
  File "C:\new\doctorundo\.venv\Lib\site-packages\starlette\middleware\base.py", line 163, in call_next
    raise app_exc
  File "C:\new\doctorundo\.venv\Lib\site-packages\starlette\middleware\base.py", line 149, in coro
    await self.app(scope, receive_or_disconnect, send_no_error)
  File "C:\new\doctorundo\.venv\Lib\site-packages\starlette\middleware\cors.py", line 93, in __call__
    await self.simple_response(scope, receive, send, request_headers=headers)
  File "C:\new\doctorundo\.venv\Lib\site-packages\starlette\middleware\cors.py", line 144, in simple_response
    await self.app(scope, receive, send)
  File "C:\new\doctorundo\.venv\Lib\site-packages\starlette\middleware\exceptions.py", line 62, in __call__
    await wrap_app_handling_exceptions(self.app, conn)(scope, receive, send)
  File "C:\new\doctorundo\.venv\Lib\site-packages\starlette\_exception_handler.py", line 62, in wrapped_app
    raise exc
  File "C:\new\doctorundo\.venv\Lib\site-packages\starlette\_exception_handler.py", line 51, in wrapped_app
    await app(scope, receive, sender)
  File "C:\new\doctorundo\.venv\Lib\site-packages\starlette\routing.py", line 715, in __call__
    await self.middleware_stack(scope, receive, send)
  File "C:\new\doctorundo\.venv\Lib\site-packages\starlette\routing.py", line 735, in app
    await route.handle(scope, receive, send)
  File "C:\new\doctorundo\.venv\Lib\site-packages\starlette\routing.py", line 288, in handle
    await self.app(scope, receive, send)
  File "C:\new\doctorundo\.venv\Lib\site-packages\starlette\routing.py", line 76, in app
    await wrap_app_handling_exceptions(app, request)(scope, receive, send)
  File "C:\new\doctorundo\.venv\Lib\site-packages\starlette\_exception_handler.py", line 62, in wrapped_app
    raise exc
  File "C:\new\doctorundo\.venv\Lib\site-packages\starlette\_exception_handler.py", line 51, in wrapped_app
    await app(scope, receive, sender)
  File "C:\new\doctorundo\.venv\Lib\site-packages\starlette\routing.py", line 73, in app
    response = await f(request)
               ^^^^^^^^^^^^^^^^
  File "C:\new\doctorundo\.venv\Lib\site-packages\fastapi\routing.py", line 301, in app
    raw_response = await run_endpoint_function(
                   ^^^^^^^^^^^^^^^^^^^^^^^^^^^^
  File "C:\new\doctorundo\.venv\Lib\site-packages\fastapi\routing.py", line 212, in run_endpoint_function
    return await dependant.call(**values)
           ^^^^^^^^^^^^^^^^^^^^^^^^^^^^^^
  File "C:\new\doctorundo\backend\app\routers\doctors.py", line 90, in get_doctor_profile
    doctor = supabase_store.get_doctor_by_id(doctor_id)
             ^^^^^^^^^^^^^^^^^^^^^^^^^^^^^^^^^^^^^^^^^^
  File "C:\new\doctorundo\backend\app\services\supabase_store.py", line 53, in get_doctor_by_id
    response = self.client.table("doctors").select("*").eq("id", doctor_id).execute()
               ^^^^^^^^^^^
  File "C:\new\doctorundo\backend\app\services\supabase_store.py", line 34, in client
    self._client = get_supabase_client()
                   ^^^^^^^^^^^^^^^^^^^^^
  File "C:\new\doctorundo\backend\app\db.py", line 17, in get_supabase_client
    from supabase import create_client
  File "C:\new\doctorundo\.venv\Lib\site-packages\supabase\__init__.py", line 7, in <module>
    from ._async.client import AsyncClient as AClient
  File "C:\new\doctorundo\.venv\Lib\site-packages\supabase\_async\client.py", line 18, in <module>
    from ..lib.client_options import ClientOptions
  File "C:\new\doctorundo\.venv\Lib\site-packages\supabase\lib\client_options.py", line 8, in <module>
    from supafunc.utils import DEFAULT_FUNCTION_CLIENT_TIMEOUT
ImportError: cannot import name 'DEFAULT_FUNCTION_CLIENT_TIMEOUT' from 'supafunc.utils' (C:\new\doctorundo\.venv\Lib\site-packages\supafunc\utils.py)
2026-09-19T11:08:03 INFO     app.main | Application shutting down
2026-09-19T11:11:21 INFO     app.routers.auth | Doctor signup requested email=dr@example.com specialty=General Practitioner
2026-09-19T11:11:21 INFO     app.routers.auth | Doctor signup succeeded doctor_id=doctor-1
2026-09-19T11:11:21 INFO     app.routers.auth | Seeded availability row doctor_id=doctor-1
2026-09-19T11:11:21 INFO     app.main | Request complete request_id=20c95146-bf80-4584-a87e-72239739de61 method=POST path=/api/v1/auth/signup/doctor status=201 duration_ms=11.7 client=testclient
2026-09-19T11:11:21 INFO     httpx | HTTP Request: POST http://testserver/api/v1/auth/signup/doctor "HTTP/1.1 201 Created"
2026-09-19T11:11:21 INFO     app.routers.doctors | Doctor profile requested doctor_id=doctor-1
2026-09-19T11:11:21 INFO     app.main | Request complete request_id=36feefcb-0191-4e70-a010-388ed6884384 method=GET path=/api/v1/doctors/me status=200 duration_ms=2.1 client=testclient
2026-09-19T11:11:21 INFO     httpx | HTTP Request: GET http://testserver/api/v1/doctors/me "HTTP/1.1 200 OK"
2026-09-19T11:11:21 INFO     app.routers.auth | Doctor signup requested email=dr2@example.com specialty=Pediatrician
2026-09-19T11:11:21 INFO     app.routers.auth | Doctor signup succeeded doctor_id=doctor-1
2026-09-19T11:11:21 INFO     app.routers.auth | Seeded availability row doctor_id=doctor-1
2026-09-19T11:11:21 INFO     app.main | Request complete request_id=de305ae8-498b-454e-b64e-7249140364c7 method=POST path=/api/v1/auth/signup/doctor status=201 duration_ms=1.1 client=testclient
2026-09-19T11:11:21 INFO     httpx | HTTP Request: POST http://testserver/api/v1/auth/signup/doctor "HTTP/1.1 201 Created"
2026-09-19T11:11:21 INFO     app.routers.auth | Doctor login requested email=dr2@example.com
2026-09-19T11:11:21 INFO     app.routers.auth | Doctor login succeeded doctor_id=doctor-1
2026-09-19T11:11:21 INFO     app.main | Request complete request_id=152d0143-e110-4ccf-8bd2-866335ea247e method=POST path=/api/v1/auth/login status=200 duration_ms=4.0 client=testclient
2026-09-19T11:11:21 INFO     httpx | HTTP Request: POST http://testserver/api/v1/auth/login "HTTP/1.1 200 OK"
2026-09-19T11:11:21 INFO     app.routers.auth | Doctor signup requested email=editable@example.com specialty=Pediatrician
2026-09-19T11:11:21 INFO     app.routers.auth | Doctor signup succeeded doctor_id=doctor-1
2026-09-19T11:11:21 INFO     app.routers.auth | Seeded availability row doctor_id=doctor-1
2026-09-19T11:11:21 INFO     app.routers.auth | Seeded clinic stub doctor_id=doctor-1
2026-09-19T11:11:21 INFO     app.main | Request complete request_id=17fb7378-4c83-432f-8795-08e51e34c600 method=POST path=/api/v1/auth/signup/doctor status=201 duration_ms=1.4 client=testclient
2026-09-19T11:11:21 INFO     httpx | HTTP Request: POST http://testserver/api/v1/auth/signup/doctor "HTTP/1.1 201 Created"
2026-09-19T11:11:21 INFO     app.routers.doctors | Doctor profile requested doctor_id=doctor-1
2026-09-19T11:11:21 INFO     app.main | Request complete request_id=19fef6c8-3f8a-439a-a4e0-f6ef825b626e method=GET path=/api/v1/doctors/me status=200 duration_ms=1.1 client=testclient
2026-09-19T11:11:21 INFO     httpx | HTTP Request: GET http://testserver/api/v1/doctors/me "HTTP/1.1 200 OK"
2026-09-19T11:11:21 INFO     app.routers.doctors | Doctor profile update requested doctor_id=doctor-1 fields=['available_days', 'bio', 'consult_fee', 'languages', 'name']
2026-09-19T11:11:21 INFO     app.main | Request complete request_id=768c780b-aff4-44a9-8305-f1e295d2b1b7 method=PUT path=/api/v1/doctors/me status=200 duration_ms=3.7 client=testclient
2026-09-19T11:11:21 INFO     httpx | HTTP Request: PUT http://testserver/api/v1/doctors/me "HTTP/1.1 200 OK"
2026-09-19T11:11:21 INFO     app.routers.doctors | Doctor profile requested doctor_id=doctor-1
2026-09-19T11:11:21 INFO     app.main | Request complete request_id=bc870bd7-2f81-4900-a1ea-ad2e08507ce2 method=GET path=/api/v1/doctors/me status=200 duration_ms=0.8 client=testclient
2026-09-19T11:11:21 INFO     httpx | HTTP Request: GET http://testserver/api/v1/doctors/me "HTTP/1.1 200 OK"
2026-09-19T11:11:21 INFO     app.routers.auth | Doctor signup requested email=drlive@example.com specialty=General Practitioner
2026-09-19T11:11:21 INFO     app.routers.auth | Doctor signup succeeded doctor_id=doctor-1
2026-09-19T11:11:21 INFO     app.routers.auth | Seeded availability row doctor_id=doctor-1
2026-09-19T11:11:21 INFO     app.main | Request complete request_id=77b75ea4-0721-4c31-8257-f65b88420bed method=POST path=/api/v1/auth/signup/doctor status=201 duration_ms=2.0 client=testclient
2026-09-19T11:11:21 INFO     httpx | HTTP Request: POST http://testserver/api/v1/auth/signup/doctor "HTTP/1.1 201 Created"
2026-09-19T11:11:21 INFO     app.routers.doctors | Clinic upsert requested doctor_id=doctor-1 address=Palakkad, Kerala
2026-09-19T11:11:21 INFO     app.routers.doctors | Clinic upsert using provided coordinates lat=10.786 lng=76.6444
2026-09-19T11:11:21 INFO     app.main | Request complete request_id=885446ac-be8d-4358-a83e-162b05fa9c1d method=POST path=/api/v1/doctors/me/clinic status=201 duration_ms=3.2 client=testclient
2026-09-19T11:11:21 INFO     httpx | HTTP Request: POST http://testserver/api/v1/doctors/me/clinic "HTTP/1.1 201 Created"
2026-09-19T11:11:21 INFO     app.routers.doctors | Availability update requested doctor_id=doctor-1 available=True
2026-09-19T11:11:21 INFO     app.main | Request complete request_id=e937a760-8010-435d-8bd0-9ece81d80be4 method=PUT path=/api/v1/doctors/me/availability status=200 duration_ms=2.3 client=testclient
2026-09-19T11:11:21 INFO     httpx | HTTP Request: PUT http://testserver/api/v1/doctors/me/availability "HTTP/1.1 200 OK"
2026-09-19T11:11:21 INFO     app.routers.auth | Doctor signup requested email=droffline@example.com specialty=General Practitioner
2026-09-19T11:11:21 INFO     app.routers.auth | Doctor signup succeeded doctor_id=doctor-2
2026-09-19T11:11:21 INFO     app.routers.auth | Seeded availability row doctor_id=doctor-2
2026-09-19T11:11:21 INFO     app.main | Request complete request_id=7a907ef7-06ae-4287-a8f2-27cbe0e03cd4 method=POST path=/api/v1/auth/signup/doctor status=201 duration_ms=1.4 client=testclient
2026-09-19T11:11:21 INFO     httpx | HTTP Request: POST http://testserver/api/v1/auth/signup/doctor "HTTP/1.1 201 Created"
2026-09-19T11:11:21 INFO     app.routers.doctors | Clinic upsert requested doctor_id=doctor-2 address=Palakkad, Kerala
2026-09-19T11:11:21 INFO     app.routers.doctors | Clinic upsert using provided coordinates lat=10.786 lng=76.6444
2026-09-19T11:11:21 INFO     app.main | Request complete request_id=59882878-38e1-4c0a-9a68-9b3cb924bc69 method=POST path=/api/v1/doctors/me/clinic status=201 duration_ms=1.2 client=testclient
2026-09-19T11:11:21 INFO     httpx | HTTP Request: POST http://testserver/api/v1/doctors/me/clinic "HTTP/1.1 201 Created"
2026-09-19T11:11:21 INFO     app.routers.search | Doctor search requested specialty=General radius_km=20.0
2026-09-19T11:11:21 INFO     app.routers.search | Doctor search completed result_count=2
2026-09-19T11:11:21 INFO     app.main | Request complete request_id=7dac7774-901e-4bb1-8633-74d79f8a6eb3 method=GET path=/api/v1/search status=200 duration_ms=2.1 client=testclient
2026-09-19T11:11:21 INFO     httpx | HTTP Request: GET http://testserver/api/v1/search?lat=10.786&lng=76.6444&specialty=General&radius_km=20 "HTTP/1.1 200 OK"
2026-09-19T11:11:21 INFO     app.routers.auth | Doctor signup requested email=dractive@example.com specialty=General Practitioner
2026-09-19T11:11:21 INFO     app.routers.auth | Doctor signup succeeded doctor_id=doctor-1
2026-09-19T11:11:21 INFO     app.routers.auth | Seeded availability row doctor_id=doctor-1
2026-09-19T11:11:21 INFO     app.main | Request complete request_id=92876fe5-fe2f-423f-b53c-f10519deb7d1 method=POST path=/api/v1/auth/signup/doctor status=201 duration_ms=3.0 client=testclient
2026-09-19T11:11:21 INFO     httpx | HTTP Request: POST http://testserver/api/v1/auth/signup/doctor "HTTP/1.1 201 Created"
2026-09-19T11:11:21 INFO     app.routers.doctors | Clinic upsert requested doctor_id=doctor-1 address=Palakkad, Kerala
2026-09-19T11:11:21 INFO     app.routers.doctors | Clinic upsert using provided coordinates lat=10.786 lng=76.6444
2026-09-19T11:11:21 INFO     app.main | Request complete request_id=c4cfaf00-59e8-48af-807c-28905c57b596 method=POST path=/api/v1/doctors/me/clinic status=201 duration_ms=2.5 client=testclient
2026-09-19T11:11:21 INFO     httpx | HTTP Request: POST http://testserver/api/v1/doctors/me/clinic "HTTP/1.1 201 Created"
2026-09-19T11:11:21 INFO     app.routers.auth | Doctor signup requested email=drinactive@example.com specialty=General Practitioner
2026-09-19T11:11:21 INFO     app.routers.auth | Doctor signup succeeded doctor_id=doctor-2
2026-09-19T11:11:21 INFO     app.routers.auth | Seeded availability row doctor_id=doctor-2
2026-09-19T11:11:21 INFO     app.main | Request complete request_id=5624ed11-5d17-402f-b15e-d1ab558f3ac0 method=POST path=/api/v1/auth/signup/doctor status=201 duration_ms=2.3 client=testclient
2026-09-19T11:11:21 INFO     httpx | HTTP Request: POST http://testserver/api/v1/auth/signup/doctor "HTTP/1.1 201 Created"
2026-09-19T11:11:21 INFO     app.routers.doctors | Clinic upsert requested doctor_id=doctor-2 address=Palakkad, Kerala
2026-09-19T11:11:21 INFO     app.routers.doctors | Clinic upsert using provided coordinates lat=10.786 lng=76.6444
2026-09-19T11:11:21 INFO     app.main | Request complete request_id=99d2679c-58fb-483e-b4d9-19a4b4ad13e3 method=POST path=/api/v1/doctors/me/clinic status=201 duration_ms=1.6 client=testclient
2026-09-19T11:11:21 INFO     httpx | HTTP Request: POST http://testserver/api/v1/doctors/me/clinic "HTTP/1.1 201 Created"
2026-09-19T11:11:21 INFO     app.routers.search | Doctor search requested specialty=General radius_km=20.0
2026-09-19T11:11:21 INFO     app.routers.search | Doctor search completed result_count=1
2026-09-19T11:11:21 INFO     app.main | Request complete request_id=1583eeb1-3317-4411-9fd7-5ae860553398 method=GET path=/api/v1/search status=200 duration_ms=1.3 client=testclient
2026-09-19T11:11:21 INFO     httpx | HTTP Request: GET http://testserver/api/v1/search?lat=10.786&lng=76.6444&specialty=General&radius_km=20 "HTTP/1.1 200 OK"
2026-09-19T11:11:21 INFO     app.routers.auth | Doctor signup requested email=drheart@example.com specialty=Cardiologist
2026-09-19T11:11:21 INFO     app.routers.auth | Doctor signup succeeded doctor_id=doctor-1
2026-09-19T11:11:21 INFO     app.routers.auth | Seeded availability row doctor_id=doctor-1
2026-09-19T11:11:21 INFO     app.main | Request complete request_id=cff4280e-899d-49bd-8872-97c1c469466a method=POST path=/api/v1/auth/signup/doctor status=201 duration_ms=1.7 client=testclient
2026-09-19T11:11:21 INFO     httpx | HTTP Request: POST http://testserver/api/v1/auth/signup/doctor "HTTP/1.1 201 Created"
2026-09-19T11:11:21 INFO     app.routers.doctors | Clinic upsert requested doctor_id=doctor-1 address=Palakkad, Kerala
2026-09-19T11:11:21 INFO     app.routers.doctors | Clinic upsert using provided coordinates lat=10.786 lng=76.6444
2026-09-19T11:11:21 INFO     app.main | Request complete request_id=638f848e-0704-43a5-8c3a-e4529638a135 method=POST path=/api/v1/doctors/me/clinic status=201 duration_ms=2.1 client=testclient
2026-09-19T11:11:21 INFO     httpx | HTTP Request: POST http://testserver/api/v1/doctors/me/clinic "HTTP/1.1 201 Created"
2026-09-19T11:11:21 INFO     app.routers.auth | Doctor signup requested email=drgeneral@example.com specialty=General Practitioner
2026-09-19T11:11:21 INFO     app.routers.auth | Doctor signup succeeded doctor_id=doctor-2
2026-09-19T11:11:21 INFO     app.routers.auth | Seeded availability row doctor_id=doctor-2
2026-09-19T11:11:21 INFO     app.main | Request complete request_id=97f54a8f-6fa6-4688-a66b-bfc767f0a492 method=POST path=/api/v1/auth/signup/doctor status=201 duration_ms=3.2 client=testclient
2026-09-19T11:11:21 INFO     httpx | HTTP Request: POST http://testserver/api/v1/auth/signup/doctor "HTTP/1.1 201 Created"
2026-09-19T11:11:21 INFO     app.routers.doctors | Clinic upsert requested doctor_id=doctor-2 address=Palakkad, Kerala
2026-09-19T11:11:21 INFO     app.routers.doctors | Clinic upsert using provided coordinates lat=10.786 lng=76.6444
2026-09-19T11:11:21 INFO     app.main | Request complete request_id=e17cff0c-5293-4d52-b3f0-3186f2ee3a69 method=POST path=/api/v1/doctors/me/clinic status=201 duration_ms=2.3 client=testclient
2026-09-19T11:11:21 INFO     httpx | HTTP Request: POST http://testserver/api/v1/doctors/me/clinic "HTTP/1.1 201 Created"
2026-09-19T11:11:21 INFO     app.routers.doctors | Availability update requested doctor_id=doctor-2 available=True
2026-09-19T11:11:21 INFO     app.main | Request complete request_id=1ec68f76-4e91-4f86-8e23-429e35be5545 method=PUT path=/api/v1/doctors/me/availability status=200 duration_ms=1.2 client=testclient
2026-09-19T11:11:21 INFO     httpx | HTTP Request: PUT http://testserver/api/v1/doctors/me/availability "HTTP/1.1 200 OK"
2026-09-19T11:11:21 INFO     app.routers.search | Doctor search requested specialty=Cardio radius_km=20.0
2026-09-19T11:11:21 INFO     app.routers.search | Doctor search completed result_count=1
2026-09-19T11:11:21 INFO     app.main | Request complete request_id=f68236e8-cc38-45e2-a7f0-4b6a5fb65378 method=GET path=/api/v1/search status=200 duration_ms=1.0 client=testclient
2026-09-19T11:11:21 INFO     httpx | HTTP Request: GET http://testserver/api/v1/search?lat=10.786&lng=76.6444&specialty=Cardio&radius_km=20 "HTTP/1.1 200 OK"
2026-09-19T11:11:21 INFO     app.routers.auth | Doctor signup requested email=drpending@example.com specialty=General Practitioner
2026-09-19T11:11:21 INFO     app.routers.auth | Doctor signup succeeded doctor_id=doctor-1
2026-09-19T11:11:21 INFO     app.routers.auth | Seeded availability row doctor_id=doctor-1
2026-09-19T11:11:21 INFO     app.main | Request complete request_id=e458e100-94e1-48de-a2c4-33c57442de80 method=POST path=/api/v1/auth/signup/doctor status=201 duration_ms=1.5 client=testclient
2026-09-19T11:11:21 INFO     httpx | HTTP Request: POST http://testserver/api/v1/auth/signup/doctor "HTTP/1.1 201 Created"
2026-09-19T11:11:21 INFO     app.routers.doctors | Clinic upsert requested doctor_id=doctor-1 address=Palakkad, Kerala
2026-09-19T11:11:21 INFO     app.routers.doctors | Clinic upsert using provided coordinates lat=10.786 lng=76.6444
2026-09-19T11:11:21 INFO     app.main | Request complete request_id=cb89fd73-9575-4b52-a631-399a7ddbecd1 method=POST path=/api/v1/doctors/me/clinic status=201 duration_ms=1.2 client=testclient
2026-09-19T11:11:21 INFO     httpx | HTTP Request: POST http://testserver/api/v1/doctors/me/clinic "HTTP/1.1 201 Created"
2026-09-19T11:11:21 INFO     app.routers.doctors | Availability update requested doctor_id=doctor-1 available=True
2026-09-19T11:11:21 WARNING  app.main | Request complete request_id=920fd28d-b02e-49cb-b91f-e6d6778bf67b method=PUT path=/api/v1/doctors/me/availability status=409 duration_ms=2.2 client=testclient
2026-09-19T11:11:21 INFO     httpx | HTTP Request: PUT http://testserver/api/v1/doctors/me/availability "HTTP/1.1 409 Conflict"
2026-09-19T11:11:21 INFO     app.routers.auth | Doctor signup requested email=drschedule@example.com specialty=General Practitioner
2026-09-19T11:11:21 INFO     app.routers.auth | Doctor signup succeeded doctor_id=doctor-1
2026-09-19T11:11:21 INFO     app.routers.auth | Seeded availability row doctor_id=doctor-1
2026-09-19T11:11:21 INFO     app.main | Request complete request_id=fb7122c7-9900-428f-9524-5b0e1604f42a method=POST path=/api/v1/auth/signup/doctor status=201 duration_ms=2.2 client=testclient
2026-09-19T11:11:21 INFO     httpx | HTTP Request: POST http://testserver/api/v1/auth/signup/doctor "HTTP/1.1 201 Created"
2026-09-19T11:11:21 INFO     app.routers.doctors | Clinic upsert requested doctor_id=doctor-1 address=Palakkad, Kerala
2026-09-19T11:11:21 INFO     app.routers.doctors | Clinic upsert using provided coordinates lat=10.786 lng=76.6444
2026-09-19T11:11:21 INFO     app.main | Request complete request_id=fc12ac37-ec7c-430d-a4f8-3d38cf673176 method=POST path=/api/v1/doctors/me/clinic status=201 duration_ms=2.1 client=testclient
2026-09-19T11:11:21 INFO     httpx | HTTP Request: POST http://testserver/api/v1/doctors/me/clinic "HTTP/1.1 201 Created"
2026-09-19T11:11:21 INFO     app.routers.doctors | Doctor profile requested doctor_id=doctor-1
2026-09-19T11:11:21 INFO     app.main | Request complete request_id=7abfd02f-2f0f-4116-a742-2afb9bb0e1f5 method=GET path=/api/v1/doctors/me status=200 duration_ms=1.3 client=testclient
2026-09-19T11:11:21 INFO     httpx | HTTP Request: GET http://testserver/api/v1/doctors/me "HTTP/1.1 200 OK"
2026-09-19T11:11:21 WARNING  app.main | Request complete request_id=cbfe0243-2330-4f31-b0da-4a40828ed802 method=POST path=/api/v1/doctors/me/clinic status=422 duration_ms=2.5 client=testclient
2026-09-19T11:11:21 INFO     httpx | HTTP Request: POST http://testserver/api/v1/doctors/me/clinic "HTTP/1.1 422 Unprocessable Entity"
2026-09-19T11:12:55 INFO     app.main | Application starting environment=development debug=True
2026-09-19T11:13:02 INFO     app.routers.doctors | Doctor profile requested doctor_id=f3943902-8deb-4555-ba79-8c520be85999
2026-09-19T11:13:02 INFO     app.services.supabase_store | Creating Supabase client
2026-09-19T11:13:02 INFO     app.db | Initializing Supabase service-role client
2026-09-19T11:13:05 INFO     httpx | HTTP Request: GET https://cojqrbvczpzbvcewgxgf.supabase.co/rest/v1/doctors?select=%2A&id=eq.f3943902-8deb-4555-ba79-8c520be85999 "HTTP/2 200 OK"
2026-09-19T11:13:05 INFO     httpx | HTTP Request: GET https://cojqrbvczpzbvcewgxgf.supabase.co/rest/v1/clinics?select=%2A&doctor_id=eq.f3943902-8deb-4555-ba79-8c520be85999 "HTTP/2 200 OK"
2026-09-19T11:13:05 INFO     httpx | HTTP Request: GET https://cojqrbvczpzbvcewgxgf.supabase.co/rest/v1/availability?select=%2A&doctor_id=eq.f3943902-8deb-4555-ba79-8c520be85999 "HTTP/2 200 OK"
2026-09-19T11:13:05 INFO     app.main | Request complete request_id=2773a00e-f86e-4f5e-b196-00334414485f method=GET path=/api/v1/doctors/me status=200 duration_ms=2985.2 client=127.0.0.1
2026-09-19T11:14:04 INFO     app.main | Request complete request_id=fd415bd3-19bb-425a-b0d1-15edf72b3e17 method=OPTIONS path=/api/v1/doctors/me/clinic status=200 duration_ms=0.4 client=127.0.0.1
2026-09-19T11:14:04 INFO     app.routers.doctors | Clinic upsert requested doctor_id=f3943902-8deb-4555-ba79-8c520be85999 address=e
2026-09-19T11:14:04 INFO     httpx | HTTP Request: GET https://cojqrbvczpzbvcewgxgf.supabase.co/rest/v1/doctors?select=%2A&id=eq.f3943902-8deb-4555-ba79-8c520be85999 "HTTP/2 200 OK"
2026-09-19T11:14:04 INFO     app.routers.doctors | Clinic upsert using provided coordinates lat=10.981306850798 lng=76.3773061201554
2026-09-19T11:14:04 INFO     app.services.supabase_store | Supabase upsert clinic doctor_id=f3943902-8deb-4555-ba79-8c520be85999
2026-09-19T11:14:04 INFO     httpx | HTTP Request: GET https://cojqrbvczpzbvcewgxgf.supabase.co/rest/v1/clinics?select=%2A&doctor_id=eq.f3943902-8deb-4555-ba79-8c520be85999 "HTTP/2 200 OK"
2026-09-19T11:14:05 INFO     httpx | HTTP Request: PATCH https://cojqrbvczpzbvcewgxgf.supabase.co/rest/v1/clinics?doctor_id=eq.f3943902-8deb-4555-ba79-8c520be85999 "HTTP/2 200 OK"
2026-09-19T11:14:05 INFO     app.main | Request complete request_id=19edb31d-e0f2-4795-9578-b470f6401548 method=POST path=/api/v1/doctors/me/clinic status=201 duration_ms=508.2 client=127.0.0.1
2026-09-19T11:14:05 INFO     app.routers.doctors | Doctor profile requested doctor_id=f3943902-8deb-4555-ba79-8c520be85999
2026-09-19T11:14:05 INFO     httpx | HTTP Request: GET https://cojqrbvczpzbvcewgxgf.supabase.co/rest/v1/doctors?select=%2A&id=eq.f3943902-8deb-4555-ba79-8c520be85999 "HTTP/2 200 OK"
2026-09-19T11:14:05 INFO     httpx | HTTP Request: GET https://cojqrbvczpzbvcewgxgf.supabase.co/rest/v1/clinics?select=%2A&doctor_id=eq.f3943902-8deb-4555-ba79-8c520be85999 "HTTP/2 200 OK"
2026-09-19T11:14:05 INFO     httpx | HTTP Request: GET https://cojqrbvczpzbvcewgxgf.supabase.co/rest/v1/availability?select=%2A&doctor_id=eq.f3943902-8deb-4555-ba79-8c520be85999 "HTTP/2 200 OK"
2026-09-19T11:14:05 INFO     app.main | Request complete request_id=f25092e5-9675-4020-97fb-da962b746265 method=GET path=/api/v1/doctors/me status=200 duration_ms=227.3 client=127.0.0.1
2026-09-19T11:16:22 INFO     app.routers.doctors | Clinic upsert requested doctor_id=f3943902-8deb-4555-ba79-8c520be85999 address=Mannarkkad, Keralam
2026-09-19T11:16:23 INFO     httpx | HTTP Request: GET https://cojqrbvczpzbvcewgxgf.supabase.co/rest/v1/doctors?select=%2A&id=eq.f3943902-8deb-4555-ba79-8c520be85999 "HTTP/2 200 OK"
2026-09-19T11:16:23 INFO     app.routers.doctors | Clinic upsert using provided coordinates lat=10.98625891915406 lng=76.46374396107646
2026-09-19T11:16:23 INFO     app.services.supabase_store | Supabase upsert clinic doctor_id=f3943902-8deb-4555-ba79-8c520be85999
2026-09-19T11:16:23 INFO     httpx | HTTP Request: GET https://cojqrbvczpzbvcewgxgf.supabase.co/rest/v1/clinics?select=%2A&doctor_id=eq.f3943902-8deb-4555-ba79-8c520be85999 "HTTP/2 200 OK"
2026-09-19T11:16:23 INFO     httpx | HTTP Request: PATCH https://cojqrbvczpzbvcewgxgf.supabase.co/rest/v1/clinics?doctor_id=eq.f3943902-8deb-4555-ba79-8c520be85999 "HTTP/2 200 OK"
2026-09-19T11:16:23 INFO     app.main | Request complete request_id=5e090982-6fdc-4cb2-acf2-056852d134fc method=POST path=/api/v1/doctors/me/clinic status=201 duration_ms=564.3 client=127.0.0.1
2026-09-19T11:16:23 INFO     app.main | Request complete request_id=98a4bb14-648a-40aa-9b60-c43e2fcbe997 method=OPTIONS path=/api/v1/doctors/me status=200 duration_ms=0.5 client=127.0.0.1
2026-09-19T11:16:23 INFO     app.routers.doctors | Doctor profile requested doctor_id=f3943902-8deb-4555-ba79-8c520be85999
2026-09-19T11:16:23 INFO     httpx | HTTP Request: GET https://cojqrbvczpzbvcewgxgf.supabase.co/rest/v1/doctors?select=%2A&id=eq.f3943902-8deb-4555-ba79-8c520be85999 "HTTP/2 200 OK"
2026-09-19T11:16:23 INFO     httpx | HTTP Request: GET https://cojqrbvczpzbvcewgxgf.supabase.co/rest/v1/clinics?select=%2A&doctor_id=eq.f3943902-8deb-4555-ba79-8c520be85999 "HTTP/2 200 OK"
2026-09-19T11:16:23 INFO     httpx | HTTP Request: GET https://cojqrbvczpzbvcewgxgf.supabase.co/rest/v1/availability?select=%2A&doctor_id=eq.f3943902-8deb-4555-ba79-8c520be85999 "HTTP/2 200 OK"
2026-09-19T11:16:23 INFO     app.main | Request complete request_id=07bf13b3-2b08-4746-90ba-857e6852bbd0 method=GET path=/api/v1/doctors/me status=200 duration_ms=191.7 client=127.0.0.1
2026-09-19T11:19:05 INFO     app.routers.doctors | Doctor profile requested doctor_id=f3943902-8deb-4555-ba79-8c520be85999
2026-09-19T11:19:06 INFO     httpx | HTTP Request: GET https://cojqrbvczpzbvcewgxgf.supabase.co/rest/v1/doctors?select=%2A&id=eq.f3943902-8deb-4555-ba79-8c520be85999 "HTTP/2 200 OK"
2026-09-19T11:19:06 INFO     httpx | HTTP Request: GET https://cojqrbvczpzbvcewgxgf.supabase.co/rest/v1/clinics?select=%2A&doctor_id=eq.f3943902-8deb-4555-ba79-8c520be85999 "HTTP/2 200 OK"
2026-09-19T11:19:06 INFO     httpx | HTTP Request: GET https://cojqrbvczpzbvcewgxgf.supabase.co/rest/v1/availability?select=%2A&doctor_id=eq.f3943902-8deb-4555-ba79-8c520be85999 "HTTP/2 200 OK"
2026-09-19T11:19:06 INFO     app.main | Request complete request_id=ee7245c2-c04a-472f-a93b-7eed2a9cde8a method=GET path=/api/v1/doctors/me status=200 duration_ms=579.5 client=127.0.0.1
2026-09-19T11:19:06 INFO     app.routers.doctors | Doctor profile requested doctor_id=f3943902-8deb-4555-ba79-8c520be85999
2026-09-19T11:19:06 INFO     httpx | HTTP Request: GET https://cojqrbvczpzbvcewgxgf.supabase.co/rest/v1/doctors?select=%2A&id=eq.f3943902-8deb-4555-ba79-8c520be85999 "HTTP/2 200 OK"
2026-09-19T11:19:06 INFO     httpx | HTTP Request: GET https://cojqrbvczpzbvcewgxgf.supabase.co/rest/v1/clinics?select=%2A&doctor_id=eq.f3943902-8deb-4555-ba79-8c520be85999 "HTTP/2 200 OK"
2026-09-19T11:19:06 INFO     httpx | HTTP Request: GET https://cojqrbvczpzbvcewgxgf.supabase.co/rest/v1/availability?select=%2A&doctor_id=eq.f3943902-8deb-4555-ba79-8c520be85999 "HTTP/2 200 OK"
2026-09-19T11:19:06 INFO     app.main | Request complete request_id=86ad6afd-22eb-445c-8add-d93a493dcd31 method=GET path=/api/v1/doctors/me status=200 duration_ms=223.6 client=127.0.0.1
2026-09-19T11:19:21 INFO     app.main | Request complete request_id=20e2a12b-c29b-4a56-aa3b-71619864a4e3 method=OPTIONS path=/api/v1/search status=200 duration_ms=0.4 client=127.0.0.1
2026-09-19T11:19:21 INFO     app.routers.search | Doctor search requested specialty=all radius_km=10.0
2026-09-19T11:19:21 INFO     app.services.supabase_store | Supabase search doctors specialty=all radius_km=10.0
2026-09-19T11:19:21 INFO     httpx | HTTP Request: GET https://cojqrbvczpzbvcewgxgf.supabase.co/rest/v1/doctors?select=%2A%2C%20clinics%28%2A%29%2C%20availability%28%2A%29 "HTTP/2 200 OK"
2026-09-19T11:19:21 INFO     app.services.supabase_store | Supabase search doctors completed result_count=2
2026-09-19T11:19:21 INFO     app.routers.search | Doctor search completed result_count=2
2026-09-19T11:19:21 INFO     app.main | Request complete request_id=c5ac4bd6-59ef-4a2f-b43b-0a4df7d9b3e9 method=GET path=/api/v1/search status=200 duration_ms=219.3 client=127.0.0.1
2026-09-19T11:20:00 INFO     app.main | Request complete request_id=d1fae561-d9f2-440f-a090-0123ffd4710c method=OPTIONS path=/api/v1/auth/login status=200 duration_ms=0.7 client=127.0.0.1
2026-09-19T11:20:00 INFO     app.routers.auth | Doctor login requested email=rahulprvte@gmail.com
2026-09-19T11:20:01 INFO     httpx | HTTP Request: GET https://cojqrbvczpzbvcewgxgf.supabase.co/rest/v1/doctors?select=%2A&email=eq.rahulprvte%40gmail.com "HTTP/2 200 OK"
2026-09-19T11:20:01 INFO     app.routers.auth | Doctor login succeeded doctor_id=385004e6-8f2a-4006-92d7-21917179949e
2026-09-19T11:20:01 INFO     app.main | Request complete request_id=eb1b5e54-0977-4d0b-ae07-3944b5367af2 method=POST path=/api/v1/auth/login status=200 duration_ms=323.3 client=127.0.0.1
2026-09-19T11:20:01 INFO     app.routers.doctors | Doctor profile requested doctor_id=385004e6-8f2a-4006-92d7-21917179949e
2026-09-19T11:20:01 INFO     httpx | HTTP Request: GET https://cojqrbvczpzbvcewgxgf.supabase.co/rest/v1/doctors?select=%2A&id=eq.385004e6-8f2a-4006-92d7-21917179949e "HTTP/2 200 OK"
2026-09-19T11:20:01 INFO     httpx | HTTP Request: GET https://cojqrbvczpzbvcewgxgf.supabase.co/rest/v1/clinics?select=%2A&doctor_id=eq.385004e6-8f2a-4006-92d7-21917179949e "HTTP/2 200 OK"
2026-09-19T11:20:01 INFO     httpx | HTTP Request: GET https://cojqrbvczpzbvcewgxgf.supabase.co/rest/v1/availability?select=%2A&doctor_id=eq.385004e6-8f2a-4006-92d7-21917179949e "HTTP/2 200 OK"
2026-09-19T11:20:01 INFO     app.main | Request complete request_id=03cf584c-2477-484a-9bfe-75d6ebaf5f30 method=GET path=/api/v1/doctors/me status=200 duration_ms=229.6 client=127.0.0.1
2026-09-19T11:20:01 INFO     app.routers.doctors | Doctor profile requested doctor_id=385004e6-8f2a-4006-92d7-21917179949e
2026-09-19T11:20:01 INFO     httpx | HTTP Request: GET https://cojqrbvczpzbvcewgxgf.supabase.co/rest/v1/doctors?select=%2A&id=eq.385004e6-8f2a-4006-92d7-21917179949e "HTTP/2 200 OK"
2026-09-19T11:20:01 INFO     httpx | HTTP Request: GET https://cojqrbvczpzbvcewgxgf.supabase.co/rest/v1/clinics?select=%2A&doctor_id=eq.385004e6-8f2a-4006-92d7-21917179949e "HTTP/2 200 OK"
2026-09-19T11:20:01 INFO     httpx | HTTP Request: GET https://cojqrbvczpzbvcewgxgf.supabase.co/rest/v1/availability?select=%2A&doctor_id=eq.385004e6-8f2a-4006-92d7-21917179949e "HTTP/2 200 OK"
2026-09-19T11:20:01 INFO     app.main | Request complete request_id=e2c5d179-bdb7-4e32-909b-bad199eda673 method=GET path=/api/v1/doctors/me status=200 duration_ms=240.7 client=127.0.0.1
2026-09-19T11:20:05 INFO     app.main | Request complete request_id=8e871fbb-ce42-4b2d-9f96-dcdea105aeb0 method=OPTIONS path=/api/v1/doctors/me/availability status=200 duration_ms=0.4 client=127.0.0.1
2026-09-19T11:20:05 INFO     app.routers.doctors | Availability update requested doctor_id=385004e6-8f2a-4006-92d7-21917179949e available=False
2026-09-19T11:20:05 INFO     httpx | HTTP Request: GET https://cojqrbvczpzbvcewgxgf.supabase.co/rest/v1/doctors?select=%2A&id=eq.385004e6-8f2a-4006-92d7-21917179949e "HTTP/2 200 OK"
2026-09-19T11:20:05 INFO     app.services.supabase_store | Supabase upsert availability doctor_id=385004e6-8f2a-4006-92d7-21917179949e available=False
2026-09-19T11:20:05 INFO     httpx | HTTP Request: GET https://cojqrbvczpzbvcewgxgf.supabase.co/rest/v1/availability?select=%2A&doctor_id=eq.385004e6-8f2a-4006-92d7-21917179949e "HTTP/2 200 OK"
2026-09-19T11:20:05 INFO     httpx | HTTP Request: PATCH https://cojqrbvczpzbvcewgxgf.supabase.co/rest/v1/availability?doctor_id=eq.385004e6-8f2a-4006-92d7-21917179949e "HTTP/2 200 OK"
2026-09-19T11:20:05 INFO     app.main | Request complete request_id=6edc97ba-ec59-433f-be9f-39cbd7514c27 method=PUT path=/api/v1/doctors/me/availability status=200 duration_ms=194.7 client=127.0.0.1
2026-09-19T11:20:06 INFO     app.routers.doctors | Availability update requested doctor_id=385004e6-8f2a-4006-92d7-21917179949e available=True
2026-09-19T11:20:06 INFO     httpx | HTTP Request: GET https://cojqrbvczpzbvcewgxgf.supabase.co/rest/v1/doctors?select=%2A&id=eq.385004e6-8f2a-4006-92d7-21917179949e "HTTP/2 200 OK"
2026-09-19T11:20:06 INFO     app.services.supabase_store | Supabase upsert availability doctor_id=385004e6-8f2a-4006-92d7-21917179949e available=True
2026-09-19T11:20:06 INFO     httpx | HTTP Request: GET https://cojqrbvczpzbvcewgxgf.supabase.co/rest/v1/availability?select=%2A&doctor_id=eq.385004e6-8f2a-4006-92d7-21917179949e "HTTP/2 200 OK"
2026-09-19T11:20:06 INFO     httpx | HTTP Request: PATCH https://cojqrbvczpzbvcewgxgf.supabase.co/rest/v1/availability?doctor_id=eq.385004e6-8f2a-4006-92d7-21917179949e "HTTP/2 200 OK"
2026-09-19T11:20:06 INFO     app.main | Request complete request_id=7e81e381-c27f-4f9e-9ddb-01a975d6275b method=PUT path=/api/v1/doctors/me/availability status=200 duration_ms=186.5 client=127.0.0.1
2026-09-19T11:20:10 INFO     app.routers.doctors | Availability update requested doctor_id=385004e6-8f2a-4006-92d7-21917179949e available=False
2026-09-19T11:20:10 INFO     httpx | HTTP Request: GET https://cojqrbvczpzbvcewgxgf.supabase.co/rest/v1/doctors?select=%2A&id=eq.385004e6-8f2a-4006-92d7-21917179949e "HTTP/2 200 OK"
2026-09-19T11:20:10 INFO     app.services.supabase_store | Supabase upsert availability doctor_id=385004e6-8f2a-4006-92d7-21917179949e available=False
2026-09-19T11:20:10 INFO     httpx | HTTP Request: GET https://cojqrbvczpzbvcewgxgf.supabase.co/rest/v1/availability?select=%2A&doctor_id=eq.385004e6-8f2a-4006-92d7-21917179949e "HTTP/2 200 OK"
2026-09-19T11:20:10 INFO     httpx | HTTP Request: PATCH https://cojqrbvczpzbvcewgxgf.supabase.co/rest/v1/availability?doctor_id=eq.385004e6-8f2a-4006-92d7-21917179949e "HTTP/2 200 OK"
2026-09-19T11:20:10 INFO     app.main | Request complete request_id=3d44d720-68fb-47ec-bf55-0cc182aecd4e method=PUT path=/api/v1/doctors/me/availability status=200 duration_ms=175.5 client=127.0.0.1
2026-09-19T11:20:26 INFO     app.main | Request complete request_id=55a190bb-9fe9-435e-b4bb-5c015aeb0512 method=OPTIONS path=/api/v1/search status=200 duration_ms=0.6 client=127.0.0.1
2026-09-19T11:20:26 INFO     app.routers.search | Doctor search requested specialty=all radius_km=10.0
2026-09-19T11:20:26 INFO     app.services.supabase_store | Supabase search doctors specialty=all radius_km=10.0
2026-09-19T11:20:26 INFO     httpx | HTTP Request: GET https://cojqrbvczpzbvcewgxgf.supabase.co/rest/v1/doctors?select=%2A%2C%20clinics%28%2A%29%2C%20availability%28%2A%29 "HTTP/2 200 OK"
2026-09-19T11:20:26 INFO     app.services.supabase_store | Supabase search doctors completed result_count=2
2026-09-19T11:20:26 INFO     app.routers.search | Doctor search completed result_count=2
2026-09-19T11:20:26 INFO     app.main | Request complete request_id=64366d84-bc3c-4db9-940d-25e2e7bb1cc0 method=GET path=/api/v1/search status=200 duration_ms=223.2 client=127.0.0.1
2026-09-19T11:20:49 INFO     app.routers.doctors | Doctor profile requested doctor_id=385004e6-8f2a-4006-92d7-21917179949e
2026-09-19T11:20:50 INFO     httpx | HTTP Request: GET https://cojqrbvczpzbvcewgxgf.supabase.co/rest/v1/doctors?select=%2A&id=eq.385004e6-8f2a-4006-92d7-21917179949e "HTTP/2 200 OK"
2026-09-19T11:20:50 INFO     httpx | HTTP Request: GET https://cojqrbvczpzbvcewgxgf.supabase.co/rest/v1/clinics?select=%2A&doctor_id=eq.385004e6-8f2a-4006-92d7-21917179949e "HTTP/2 200 OK"
2026-09-19T11:20:50 INFO     httpx | HTTP Request: GET https://cojqrbvczpzbvcewgxgf.supabase.co/rest/v1/availability?select=%2A&doctor_id=eq.385004e6-8f2a-4006-92d7-21917179949e "HTTP/2 200 OK"
2026-09-19T11:20:50 INFO     app.main | Request complete request_id=50738281-d6b6-4cec-b59a-604fc7b3f152 method=GET path=/api/v1/doctors/me status=200 duration_ms=343.7 client=127.0.0.1
2026-09-19T11:20:50 INFO     app.routers.doctors | Doctor profile requested doctor_id=385004e6-8f2a-4006-92d7-21917179949e
2026-09-19T11:20:50 INFO     httpx | HTTP Request: GET https://cojqrbvczpzbvcewgxgf.supabase.co/rest/v1/doctors?select=%2A&id=eq.385004e6-8f2a-4006-92d7-21917179949e "HTTP/2 200 OK"
2026-09-19T11:20:50 INFO     httpx | HTTP Request: GET https://cojqrbvczpzbvcewgxgf.supabase.co/rest/v1/clinics?select=%2A&doctor_id=eq.385004e6-8f2a-4006-92d7-21917179949e "HTTP/2 200 OK"
2026-09-19T11:20:50 INFO     httpx | HTTP Request: GET https://cojqrbvczpzbvcewgxgf.supabase.co/rest/v1/availability?select=%2A&doctor_id=eq.385004e6-8f2a-4006-92d7-21917179949e "HTTP/2 200 OK"
2026-09-19T11:20:50 INFO     app.main | Request complete request_id=fb112106-c948-4824-a8a1-390d6863a64c method=GET path=/api/v1/doctors/me status=200 duration_ms=218.5 client=127.0.0.1
2026-09-19T11:21:14 INFO     app.routers.doctors | Clinic upsert requested doctor_id=385004e6-8f2a-4006-92d7-21917179949e address=pothuvappadam
2026-09-19T11:21:14 INFO     httpx | HTTP Request: GET https://cojqrbvczpzbvcewgxgf.supabase.co/rest/v1/doctors?select=%2A&id=eq.385004e6-8f2a-4006-92d7-21917179949e "HTTP/2 200 OK"
2026-09-19T11:21:14 INFO     app.routers.doctors | Clinic upsert using provided coordinates lat=11.044223 lng=76.427073
2026-09-19T11:21:14 INFO     app.services.supabase_store | Supabase upsert clinic doctor_id=385004e6-8f2a-4006-92d7-21917179949e
2026-09-19T11:21:14 INFO     httpx | HTTP Request: GET https://cojqrbvczpzbvcewgxgf.supabase.co/rest/v1/clinics?select=%2A&doctor_id=eq.385004e6-8f2a-4006-92d7-21917179949e "HTTP/2 200 OK"
2026-09-19T11:21:15 INFO     httpx | HTTP Request: PATCH https://cojqrbvczpzbvcewgxgf.supabase.co/rest/v1/clinics?doctor_id=eq.385004e6-8f2a-4006-92d7-21917179949e "HTTP/2 200 OK"
2026-09-19T11:21:15 INFO     app.main | Request complete request_id=480f7686-fc30-40cd-87e1-0ed5cf1d16bb method=POST path=/api/v1/doctors/me/clinic status=201 duration_ms=516.4 client=127.0.0.1
2026-09-19T11:21:15 INFO     app.routers.doctors | Doctor profile requested doctor_id=385004e6-8f2a-4006-92d7-21917179949e
2026-09-19T11:21:15 INFO     httpx | HTTP Request: GET https://cojqrbvczpzbvcewgxgf.supabase.co/rest/v1/doctors?select=%2A&id=eq.385004e6-8f2a-4006-92d7-21917179949e "HTTP/2 200 OK"
2026-09-19T11:21:15 INFO     httpx | HTTP Request: GET https://cojqrbvczpzbvcewgxgf.supabase.co/rest/v1/clinics?select=%2A&doctor_id=eq.385004e6-8f2a-4006-92d7-21917179949e "HTTP/2 200 OK"
2026-09-19T11:21:15 INFO     httpx | HTTP Request: GET https://cojqrbvczpzbvcewgxgf.supabase.co/rest/v1/availability?select=%2A&doctor_id=eq.385004e6-8f2a-4006-92d7-21917179949e "HTTP/2 200 OK"
2026-09-19T11:21:15 INFO     app.main | Request complete request_id=19615c60-83f6-4684-9247-0b98a32e823c method=GET path=/api/v1/doctors/me status=200 duration_ms=181.7 client=127.0.0.1
2026-09-19T11:21:31 INFO     app.routers.search | Doctor search requested specialty=all radius_km=10.0
2026-09-19T11:21:31 INFO     app.services.supabase_store | Supabase search doctors specialty=all radius_km=10.0
2026-09-19T11:21:31 INFO     httpx | HTTP Request: GET https://cojqrbvczpzbvcewgxgf.supabase.co/rest/v1/doctors?select=%2A%2C%20clinics%28%2A%29%2C%20availability%28%2A%29 "HTTP/2 200 OK"
2026-09-19T11:21:31 INFO     app.services.supabase_store | Supabase search doctors completed result_count=2
2026-09-19T11:21:31 INFO     app.routers.search | Doctor search completed result_count=2
2026-09-19T11:21:31 INFO     app.main | Request complete request_id=268d6c19-801b-4ae4-b9d0-e34364b6af17 method=GET path=/api/v1/search status=200 duration_ms=274.1 client=127.0.0.1
2026-09-19T11:40:31 INFO     app.main | Request complete request_id=c0ceb1f7-f0da-4dd3-aa02-dfd612e77c6c method=OPTIONS path=/api/v1/search status=200 duration_ms=6.4 client=127.0.0.1
2026-09-19T11:40:31 INFO     app.routers.search | Doctor search requested specialty=all radius_km=10.0
2026-09-19T11:40:31 INFO     app.services.supabase_store | Supabase search doctors specialty=all radius_km=10.0
2026-09-19T11:40:31 INFO     httpx | HTTP Request: GET https://cojqrbvczpzbvcewgxgf.supabase.co/rest/v1/doctors?select=%2A%2C%20clinics%28%2A%29%2C%20availability%28%2A%29 "HTTP/2 200 OK"
2026-09-19T11:40:31 INFO     app.services.supabase_store | Supabase search doctors completed result_count=2
2026-09-19T11:40:31 INFO     app.routers.search | Doctor search completed result_count=2
2026-09-19T11:40:31 INFO     app.main | Request complete request_id=9674ebdf-ee6d-4c36-a709-fe57cdac7bc6 method=GET path=/api/v1/search status=200 duration_ms=628.0 client=127.0.0.1
2026-09-19T11:46:00 INFO     app.routers.search | Doctor search requested specialty=all radius_km=10.0
2026-09-19T11:46:00 INFO     app.services.supabase_store | Supabase search doctors specialty=all radius_km=10.0
2026-09-19T11:46:00 INFO     httpx | HTTP Request: GET https://cojqrbvczpzbvcewgxgf.supabase.co/rest/v1/doctors?select=%2A%2C%20clinics%28%2A%29%2C%20availability%28%2A%29 "HTTP/2 200 OK"
2026-09-19T11:46:00 INFO     app.services.supabase_store | Supabase search doctors completed result_count=2
2026-09-19T11:46:00 INFO     app.routers.search | Doctor search completed result_count=2
2026-09-19T11:46:00 INFO     app.main | Request complete request_id=36d8aef2-2087-49db-b4dc-8ddb0fffb71d method=GET path=/api/v1/search status=200 duration_ms=679.2 client=127.0.0.1
2026-09-19T11:46:58 INFO     app.routers.search | Doctor search requested specialty=all radius_km=10.0
2026-09-19T11:46:58 INFO     app.services.supabase_store | Supabase search doctors specialty=all radius_km=10.0
2026-09-19T11:46:58 INFO     httpx | HTTP Request: GET https://cojqrbvczpzbvcewgxgf.supabase.co/rest/v1/doctors?select=%2A%2C%20clinics%28%2A%29%2C%20availability%28%2A%29 "HTTP/2 200 OK"
2026-09-19T11:46:58 INFO     app.services.supabase_store | Supabase search doctors completed result_count=2
2026-09-19T11:46:58 INFO     app.routers.search | Doctor search completed result_count=2
2026-09-19T11:46:58 INFO     app.main | Request complete request_id=cef30839-955e-4f29-8810-b3802b5558dd method=GET path=/api/v1/search status=200 duration_ms=264.9 client=127.0.0.1
2026-09-19T11:53:59 INFO     app.routers.auth | Doctor signup requested email=dr@example.com specialty=General Practitioner
2026-09-19T11:53:59 INFO     app.routers.auth | Doctor signup succeeded doctor_id=doctor-1
2026-09-19T11:53:59 INFO     app.routers.auth | Seeded availability row doctor_id=doctor-1
2026-09-19T11:53:59 INFO     app.main | Request complete request_id=ce1bb0ff-c5d4-43d1-84fb-4022f9752f4d method=POST path=/api/v1/auth/signup/doctor status=201 duration_ms=17.2 client=testclient
2026-09-19T11:53:59 INFO     httpx | HTTP Request: POST http://testserver/api/v1/auth/signup/doctor "HTTP/1.1 201 Created"
2026-09-19T11:53:59 INFO     app.routers.doctors | Doctor profile requested doctor_id=doctor-1
2026-09-19T11:53:59 INFO     app.main | Request complete request_id=ff50cad1-8e43-479b-ad9a-dfc631ba1767 method=GET path=/api/v1/doctors/me status=200 duration_ms=1.4 client=testclient
2026-09-19T11:53:59 INFO     httpx | HTTP Request: GET http://testserver/api/v1/doctors/me "HTTP/1.1 200 OK"
2026-09-19T11:53:59 INFO     app.routers.auth | Doctor signup requested email=dr2@example.com specialty=Pediatrician
2026-09-19T11:53:59 INFO     app.routers.auth | Doctor signup succeeded doctor_id=doctor-1
2026-09-19T11:53:59 INFO     app.routers.auth | Seeded availability row doctor_id=doctor-1
2026-09-19T11:53:59 INFO     app.main | Request complete request_id=12e2051c-9f8e-4364-b057-98c5eb398684 method=POST path=/api/v1/auth/signup/doctor status=201 duration_ms=3.4 client=testclient
2026-09-19T11:53:59 INFO     httpx | HTTP Request: POST http://testserver/api/v1/auth/signup/doctor "HTTP/1.1 201 Created"
2026-09-19T11:53:59 INFO     app.routers.auth | Doctor login requested email=dr2@example.com
2026-09-19T11:53:59 INFO     app.routers.auth | Doctor login succeeded doctor_id=doctor-1
2026-09-19T11:53:59 INFO     app.main | Request complete request_id=e9f77733-2d4b-42d7-8b6d-60f80fc9b511 method=POST path=/api/v1/auth/login status=200 duration_ms=3.6 client=testclient
2026-09-19T11:53:59 INFO     httpx | HTTP Request: POST http://testserver/api/v1/auth/login "HTTP/1.1 200 OK"
2026-09-19T11:53:59 INFO     app.routers.auth | Doctor signup requested email=editable@example.com specialty=Pediatrician
2026-09-19T11:53:59 INFO     app.routers.auth | Doctor signup succeeded doctor_id=doctor-1
2026-09-19T11:53:59 INFO     app.routers.auth | Seeded availability row doctor_id=doctor-1
2026-09-19T11:53:59 INFO     app.routers.auth | Seeded clinic stub doctor_id=doctor-1
2026-09-19T11:53:59 INFO     app.main | Request complete request_id=47b7c9f6-5461-4eb9-8d33-6eb6c45cdd93 method=POST path=/api/v1/auth/signup/doctor status=201 duration_ms=1.9 client=testclient
2026-09-19T11:53:59 INFO     httpx | HTTP Request: POST http://testserver/api/v1/auth/signup/doctor "HTTP/1.1 201 Created"
2026-09-19T11:53:59 INFO     app.routers.doctors | Doctor profile requested doctor_id=doctor-1
2026-09-19T11:53:59 INFO     app.main | Request complete request_id=6f649f7e-e8a6-46a5-b58d-627e1171b5d1 method=GET path=/api/v1/doctors/me status=200 duration_ms=1.1 client=testclient
2026-09-19T11:53:59 INFO     httpx | HTTP Request: GET http://testserver/api/v1/doctors/me "HTTP/1.1 200 OK"
2026-09-19T11:53:59 INFO     app.routers.doctors | Doctor profile update requested doctor_id=doctor-1 fields=['bio', 'consult_fee', 'languages', 'name']
2026-09-19T11:53:59 INFO     app.main | Request complete request_id=a979ba32-622a-4d30-8bf8-5a3123408684 method=PUT path=/api/v1/doctors/me status=200 duration_ms=4.9 client=testclient
2026-09-19T11:53:59 INFO     httpx | HTTP Request: PUT http://testserver/api/v1/doctors/me "HTTP/1.1 200 OK"
2026-09-19T11:53:59 INFO     app.routers.doctors | Doctor profile requested doctor_id=doctor-1
2026-09-19T11:53:59 INFO     app.main | Request complete request_id=042c4d1e-a6a6-4296-8b4c-9dbabbad810c method=GET path=/api/v1/doctors/me status=200 duration_ms=0.9 client=testclient
2026-09-19T11:53:59 INFO     httpx | HTTP Request: GET http://testserver/api/v1/doctors/me "HTTP/1.1 200 OK"
2026-09-19T11:54:00 INFO     app.routers.auth | Doctor signup requested email=drlive@example.com specialty=General Practitioner
2026-09-19T11:54:00 INFO     app.routers.auth | Doctor signup succeeded doctor_id=doctor-1
2026-09-19T11:54:00 INFO     app.routers.auth | Seeded availability row doctor_id=doctor-1
2026-09-19T11:54:00 INFO     app.main | Request complete request_id=be2e0063-18ba-4004-9fda-10799b3fb202 method=POST path=/api/v1/auth/signup/doctor status=201 duration_ms=2.3 client=testclient
2026-09-19T11:54:00 INFO     httpx | HTTP Request: POST http://testserver/api/v1/auth/signup/doctor "HTTP/1.1 201 Created"
2026-09-19T11:54:00 INFO     app.routers.doctors | Clinic upsert requested doctor_id=doctor-1 address=Palakkad, Kerala
2026-09-19T11:54:00 INFO     app.routers.doctors | Clinic upsert using provided coordinates lat=10.786 lng=76.6444
2026-09-19T11:54:00 INFO     app.main | Request complete request_id=2d9ff967-704b-41f2-96a8-a24241af4912 method=POST path=/api/v1/doctors/me/clinic status=201 duration_ms=4.0 client=testclient
2026-09-19T11:54:00 INFO     httpx | HTTP Request: POST http://testserver/api/v1/doctors/me/clinic "HTTP/1.1 201 Created"
2026-09-19T11:54:00 INFO     app.routers.doctors | Availability update requested doctor_id=doctor-1 available=True
2026-09-19T11:54:00 INFO     app.main | Request complete request_id=a6370daf-54d3-4a07-b772-8d43604ed47a method=PUT path=/api/v1/doctors/me/availability status=200 duration_ms=3.5 client=testclient
2026-09-19T11:54:00 INFO     httpx | HTTP Request: PUT http://testserver/api/v1/doctors/me/availability "HTTP/1.1 200 OK"
2026-09-19T11:54:00 INFO     app.routers.auth | Doctor signup requested email=droffline@example.com specialty=General Practitioner
2026-09-19T11:54:00 INFO     app.routers.auth | Doctor signup succeeded doctor_id=doctor-2
2026-09-19T11:54:00 INFO     app.routers.auth | Seeded availability row doctor_id=doctor-2
2026-09-19T11:54:00 INFO     app.main | Request complete request_id=1c2262db-28ae-45ee-ae22-8945fa4230d0 method=POST path=/api/v1/auth/signup/doctor status=201 duration_ms=1.2 client=testclient
2026-09-19T11:54:00 INFO     httpx | HTTP Request: POST http://testserver/api/v1/auth/signup/doctor "HTTP/1.1 201 Created"
2026-09-19T11:54:00 INFO     app.routers.doctors | Clinic upsert requested doctor_id=doctor-2 address=Palakkad, Kerala
2026-09-19T11:54:00 INFO     app.routers.doctors | Clinic upsert using provided coordinates lat=10.786 lng=76.6444
2026-09-19T11:54:00 INFO     app.main | Request complete request_id=134afce1-64f2-4b36-a594-8ecf49a45a69 method=POST path=/api/v1/doctors/me/clinic status=201 duration_ms=2.5 client=testclient
2026-09-19T11:54:00 INFO     httpx | HTTP Request: POST http://testserver/api/v1/doctors/me/clinic "HTTP/1.1 201 Created"
2026-09-19T11:54:00 INFO     app.routers.search | Doctor search requested specialty=General radius_km=20.0
2026-09-19T11:54:00 INFO     app.routers.search | Doctor search completed result_count=2
2026-09-19T11:54:00 INFO     app.main | Request complete request_id=06c4d7f2-f6c6-4ea4-800e-ac14ef473a7b method=GET path=/api/v1/search status=200 duration_ms=2.5 client=testclient
2026-09-19T11:54:00 INFO     httpx | HTTP Request: GET http://testserver/api/v1/search?lat=10.786&lng=76.6444&specialty=General&radius_km=20 "HTTP/1.1 200 OK"
2026-09-19T11:54:00 INFO     app.routers.auth | Doctor signup requested email=dractive@example.com specialty=General Practitioner
2026-09-19T11:54:00 INFO     app.routers.auth | Doctor signup succeeded doctor_id=doctor-1
2026-09-19T11:54:00 INFO     app.routers.auth | Seeded availability row doctor_id=doctor-1
2026-09-19T11:54:00 INFO     app.main | Request complete request_id=4101aa66-0e48-4dbc-ade9-50a3d5985e32 method=POST path=/api/v1/auth/signup/doctor status=201 duration_ms=2.0 client=testclient
2026-09-19T11:54:00 INFO     httpx | HTTP Request: POST http://testserver/api/v1/auth/signup/doctor "HTTP/1.1 201 Created"
2026-09-19T11:54:00 INFO     app.routers.doctors | Clinic upsert requested doctor_id=doctor-1 address=Palakkad, Kerala
2026-09-19T11:54:00 INFO     app.routers.doctors | Clinic upsert using provided coordinates lat=10.786 lng=76.6444
2026-09-19T11:54:00 INFO     app.main | Request complete request_id=722e3246-4ec8-468a-8c60-2a492553bb03 method=POST path=/api/v1/doctors/me/clinic status=201 duration_ms=2.0 client=testclient
2026-09-19T11:54:00 INFO     httpx | HTTP Request: POST http://testserver/api/v1/doctors/me/clinic "HTTP/1.1 201 Created"
2026-09-19T11:54:00 INFO     app.routers.auth | Doctor signup requested email=drinactive@example.com specialty=General Practitioner
2026-09-19T11:54:00 INFO     app.routers.auth | Doctor signup succeeded doctor_id=doctor-2
2026-09-19T11:54:00 INFO     app.routers.auth | Seeded availability row doctor_id=doctor-2
2026-09-19T11:54:00 INFO     app.main | Request complete request_id=cddc6eb5-34b8-4867-bffc-a44a43ed9a20 method=POST path=/api/v1/auth/signup/doctor status=201 duration_ms=2.5 client=testclient
2026-09-19T11:54:00 INFO     httpx | HTTP Request: POST http://testserver/api/v1/auth/signup/doctor "HTTP/1.1 201 Created"
2026-09-19T11:54:00 INFO     app.routers.doctors | Clinic upsert requested doctor_id=doctor-2 address=Palakkad, Kerala
2026-09-19T11:54:00 INFO     app.routers.doctors | Clinic upsert using provided coordinates lat=10.786 lng=76.6444
2026-09-19T11:54:00 INFO     app.main | Request complete request_id=74d967a6-aff1-4177-9b38-b4003e7ee50b method=POST path=/api/v1/doctors/me/clinic status=201 duration_ms=1.9 client=testclient
2026-09-19T11:54:00 INFO     httpx | HTTP Request: POST http://testserver/api/v1/doctors/me/clinic "HTTP/1.1 201 Created"
2026-09-19T11:54:00 INFO     app.routers.search | Doctor search requested specialty=General radius_km=20.0
2026-09-19T11:54:00 INFO     app.routers.search | Doctor search completed result_count=1
2026-09-19T11:54:00 INFO     app.main | Request complete request_id=a21b61b0-0bf3-4c84-8f1c-d02c63a0ca20 method=GET path=/api/v1/search status=200 duration_ms=2.6 client=testclient
2026-09-19T11:54:00 INFO     httpx | HTTP Request: GET http://testserver/api/v1/search?lat=10.786&lng=76.6444&specialty=General&radius_km=20 "HTTP/1.1 200 OK"
2026-09-19T11:54:00 INFO     app.routers.auth | Doctor signup requested email=drheart@example.com specialty=Cardiologist
2026-09-19T11:54:00 INFO     app.routers.auth | Doctor signup succeeded doctor_id=doctor-1
2026-09-19T11:54:00 INFO     app.routers.auth | Seeded availability row doctor_id=doctor-1
2026-09-19T11:54:00 INFO     app.main | Request complete request_id=77e93821-af32-4ad9-a008-4d4de24e5edf method=POST path=/api/v1/auth/signup/doctor status=201 duration_ms=3.1 client=testclient
2026-09-19T11:54:00 INFO     httpx | HTTP Request: POST http://testserver/api/v1/auth/signup/doctor "HTTP/1.1 201 Created"
2026-09-19T11:54:00 INFO     app.routers.doctors | Clinic upsert requested doctor_id=doctor-1 address=Palakkad, Kerala
2026-09-19T11:54:00 INFO     app.routers.doctors | Clinic upsert using provided coordinates lat=10.786 lng=76.6444
2026-09-19T11:54:00 INFO     app.main | Request complete request_id=730bb9a7-8c31-45bf-8f0c-c4dec0d2fb25 method=POST path=/api/v1/doctors/me/clinic status=201 duration_ms=2.1 client=testclient
2026-09-19T11:54:00 INFO     httpx | HTTP Request: POST http://testserver/api/v1/doctors/me/clinic "HTTP/1.1 201 Created"
2026-09-19T11:54:00 INFO     app.routers.auth | Doctor signup requested email=drgeneral@example.com specialty=General Practitioner
2026-09-19T11:54:00 INFO     app.routers.auth | Doctor signup succeeded doctor_id=doctor-2
2026-09-19T11:54:00 INFO     app.routers.auth | Seeded availability row doctor_id=doctor-2
2026-09-19T11:54:00 INFO     app.main | Request complete request_id=cc3cc9c3-41d7-413a-8071-058ea35a9b49 method=POST path=/api/v1/auth/signup/doctor status=201 duration_ms=1.9 client=testclient
2026-09-19T11:54:00 INFO     httpx | HTTP Request: POST http://testserver/api/v1/auth/signup/doctor "HTTP/1.1 201 Created"
2026-09-19T11:54:00 INFO     app.routers.doctors | Clinic upsert requested doctor_id=doctor-2 address=Palakkad, Kerala
2026-09-19T11:54:00 INFO     app.routers.doctors | Clinic upsert using provided coordinates lat=10.786 lng=76.6444
2026-09-19T11:54:00 INFO     app.main | Request complete request_id=75e2684a-d485-43c6-b7ed-f60940152a7d method=POST path=/api/v1/doctors/me/clinic status=201 duration_ms=2.0 client=testclient
2026-09-19T11:54:00 INFO     httpx | HTTP Request: POST http://testserver/api/v1/doctors/me/clinic "HTTP/1.1 201 Created"
2026-09-19T11:54:00 INFO     app.routers.doctors | Availability update requested doctor_id=doctor-2 available=True
2026-09-19T11:54:00 INFO     app.main | Request complete request_id=3be2f862-cc3d-4554-be46-fd2263325f71 method=PUT path=/api/v1/doctors/me/availability status=200 duration_ms=2.4 client=testclient
2026-09-19T11:54:00 INFO     httpx | HTTP Request: PUT http://testserver/api/v1/doctors/me/availability "HTTP/1.1 200 OK"
2026-09-19T11:54:00 INFO     app.routers.search | Doctor search requested specialty=Cardio radius_km=20.0
2026-09-19T11:54:00 INFO     app.routers.search | Doctor search completed result_count=1
2026-09-19T11:54:00 INFO     app.main | Request complete request_id=1e9a0303-0c48-41fb-bcaf-5d42c1de7389 method=GET path=/api/v1/search status=200 duration_ms=1.4 client=testclient
2026-09-19T11:54:00 INFO     httpx | HTTP Request: GET http://testserver/api/v1/search?lat=10.786&lng=76.6444&specialty=Cardio&radius_km=20 "HTTP/1.1 200 OK"
2026-09-19T11:54:00 INFO     app.routers.auth | Doctor signup requested email=drpending@example.com specialty=General Practitioner
2026-09-19T11:54:00 INFO     app.routers.auth | Doctor signup succeeded doctor_id=doctor-1
2026-09-19T11:54:00 INFO     app.routers.auth | Seeded availability row doctor_id=doctor-1
2026-09-19T11:54:00 INFO     app.main | Request complete request_id=e69d2ed2-fd00-4763-91c4-c4e47abca0dc method=POST path=/api/v1/auth/signup/doctor status=201 duration_ms=2.1 client=testclient
2026-09-19T11:54:00 INFO     httpx | HTTP Request: POST http://testserver/api/v1/auth/signup/doctor "HTTP/1.1 201 Created"
2026-09-19T11:54:00 INFO     app.routers.doctors | Clinic upsert requested doctor_id=doctor-1 address=Palakkad, Kerala
2026-09-19T11:54:00 INFO     app.routers.doctors | Clinic upsert using provided coordinates lat=10.786 lng=76.6444
2026-09-19T11:54:00 INFO     app.main | Request complete request_id=65e78c46-4d70-47b5-b2a6-9c2076c13e4b method=POST path=/api/v1/doctors/me/clinic status=201 duration_ms=2.3 client=testclient
2026-09-19T11:54:00 INFO     httpx | HTTP Request: POST http://testserver/api/v1/doctors/me/clinic "HTTP/1.1 201 Created"
2026-09-19T11:54:00 INFO     app.routers.doctors | Availability update requested doctor_id=doctor-1 available=True
2026-09-19T11:54:00 WARNING  app.main | Request complete request_id=5210418b-9a12-4876-832d-4ab2f122688e method=PUT path=/api/v1/doctors/me/availability status=409 duration_ms=2.3 client=testclient
2026-09-19T11:54:00 INFO     httpx | HTTP Request: PUT http://testserver/api/v1/doctors/me/availability "HTTP/1.1 409 Conflict"
2026-09-19T11:54:00 INFO     app.routers.auth | Doctor signup requested email=drschedule@example.com specialty=General Practitioner
2026-09-19T11:54:00 INFO     app.routers.auth | Doctor signup succeeded doctor_id=doctor-1
2026-09-19T11:54:00 INFO     app.routers.auth | Seeded availability row doctor_id=doctor-1
2026-09-19T11:54:00 INFO     app.main | Request complete request_id=5a5423e0-ebea-4dd1-ad9c-6845aed6f608 method=POST path=/api/v1/auth/signup/doctor status=201 duration_ms=2.9 client=testclient
2026-09-19T11:54:00 INFO     httpx | HTTP Request: POST http://testserver/api/v1/auth/signup/doctor "HTTP/1.1 201 Created"
2026-09-19T11:54:00 INFO     app.routers.doctors | Clinic upsert requested doctor_id=doctor-1 address=Palakkad, Kerala
2026-09-19T11:54:00 INFO     app.routers.doctors | Clinic upsert using provided coordinates lat=10.786 lng=76.6444
2026-09-19T11:54:00 INFO     app.main | Request complete request_id=5d22a785-1a86-41a8-91cf-3497ad672a2c method=POST path=/api/v1/doctors/me/clinic status=201 duration_ms=3.0 client=testclient
2026-09-19T11:54:00 INFO     httpx | HTTP Request: POST http://testserver/api/v1/doctors/me/clinic "HTTP/1.1 201 Created"
2026-09-19T11:54:00 INFO     app.routers.doctors | Doctor profile requested doctor_id=doctor-1
2026-09-19T11:54:00 INFO     app.main | Request complete request_id=d57859ba-b624-4528-a886-59ddfbf92ffc method=GET path=/api/v1/doctors/me status=200 duration_ms=1.9 client=testclient
2026-09-19T11:54:00 INFO     httpx | HTTP Request: GET http://testserver/api/v1/doctors/me "HTTP/1.1 200 OK"
2026-09-19T11:54:00 WARNING  app.main | Request complete request_id=d474df01-9d70-4ac4-b01f-60cad6c34c2f method=POST path=/api/v1/doctors/me/clinic status=422 duration_ms=2.7 client=testclient
2026-09-19T11:54:00 INFO     httpx | HTTP Request: POST http://testserver/api/v1/doctors/me/clinic "HTTP/1.1 422 Unprocessable Entity"
2026-09-19T11:56:22 INFO     app.main | Application shutting down
2026-09-19T11:56:24 INFO     app.main | Application starting environment=development debug=True
2026-09-19T11:56:25 INFO     app.main | Application starting environment=development debug=True
2026-09-19T12:08:53 INFO     app.main | Request complete request_id=1a7e2803-0cb0-4b94-a5c4-0e7ca13885ef method=OPTIONS path=/api/v1/search status=200 duration_ms=9.4 client=127.0.0.1
2026-09-19T12:08:53 INFO     app.routers.search | Doctor search requested specialty=all radius_km=10.0
2026-09-19T12:08:53 INFO     app.services.supabase_store | Supabase search doctors specialty=all radius_km=10.0
2026-09-19T12:08:53 INFO     app.services.supabase_store | Creating Supabase client
2026-09-19T12:08:53 INFO     app.db | Initializing Supabase service-role client
2026-09-19T12:08:56 INFO     httpx | HTTP Request: GET https://cojqrbvczpzbvcewgxgf.supabase.co/rest/v1/doctors?select=%2A%2C%20clinics%28%2A%29%2C%20availability%28%2A%29 "HTTP/2 200 OK"
2026-09-19T12:08:56 INFO     app.services.supabase_store | Supabase search doctors completed result_count=2
2026-09-19T12:08:56 INFO     app.routers.search | Doctor search completed result_count=2
2026-09-19T12:08:56 INFO     app.main | Request complete request_id=96f09684-3a69-4d3f-8669-ffb3846c363d method=GET path=/api/v1/search status=200 duration_ms=3077.9 client=127.0.0.1
2026-09-19T12:08:56 INFO     app.routers.search | Doctor search requested specialty=all radius_km=10.0
2026-09-19T12:08:56 INFO     app.services.supabase_store | Supabase search doctors specialty=all radius_km=10.0
2026-09-19T12:08:56 INFO     httpx | HTTP Request: GET https://cojqrbvczpzbvcewgxgf.supabase.co/rest/v1/doctors?select=%2A%2C%20clinics%28%2A%29%2C%20availability%28%2A%29 "HTTP/2 200 OK"
2026-09-19T12:08:56 INFO     app.services.supabase_store | Supabase search doctors completed result_count=2
2026-09-19T12:08:56 INFO     app.routers.search | Doctor search completed result_count=2
2026-09-19T12:08:56 INFO     app.main | Request complete request_id=7f396fbc-23b7-407c-a68c-bde464047870 method=GET path=/api/v1/search status=200 duration_ms=129.3 client=127.0.0.1
2026-09-20T16:56:13 INFO     app.routers.auth | Doctor signup requested email=dr@example.com specialty=General Practitioner
2026-09-20T16:56:13 INFO     app.routers.auth | Doctor signup succeeded doctor_id=doctor-1
2026-09-20T16:56:13 INFO     app.routers.auth | Seeded availability row doctor_id=doctor-1
2026-09-20T16:56:13 INFO     app.main | Request complete request_id=1157eced-9330-46d2-a8cd-04a3c9a3ada1 method=POST path=/api/v1/auth/signup/doctor status=201 duration_ms=10.1 client=testclient
2026-09-20T16:56:13 INFO     httpx | HTTP Request: POST http://testserver/api/v1/auth/signup/doctor "HTTP/1.1 201 Created"
2026-09-20T16:56:13 INFO     app.routers.doctors | Doctor profile requested doctor_id=doctor-1
2026-09-20T16:56:13 INFO     app.main | Request complete request_id=09f7ee77-ab06-449a-9612-a8c2892fd232 method=GET path=/api/v1/doctors/me status=200 duration_ms=1.1 client=testclient
2026-09-20T16:56:14 INFO     httpx | HTTP Request: GET http://testserver/api/v1/doctors/me "HTTP/1.1 200 OK"
2026-09-20T16:56:14 INFO     app.routers.auth | Doctor signup requested email=dr2@example.com specialty=Pediatrician
2026-09-20T16:56:14 INFO     app.routers.auth | Doctor signup succeeded doctor_id=doctor-1
2026-09-20T16:56:14 INFO     app.routers.auth | Seeded availability row doctor_id=doctor-1
2026-09-20T16:56:14 INFO     app.main | Request complete request_id=cbc7e2e9-1d67-43e1-bffc-648fcee87aff method=POST path=/api/v1/auth/signup/doctor status=201 duration_ms=1.1 client=testclient
2026-09-20T16:56:14 INFO     httpx | HTTP Request: POST http://testserver/api/v1/auth/signup/doctor "HTTP/1.1 201 Created"
2026-09-20T16:56:14 INFO     app.routers.auth | Doctor login requested email=dr2@example.com
2026-09-20T16:56:14 INFO     app.routers.auth | Doctor login succeeded doctor_id=doctor-1
2026-09-20T16:56:14 INFO     app.main | Request complete request_id=e95cddbf-f19b-42bb-9f0f-7a2c252745d9 method=POST path=/api/v1/auth/login status=200 duration_ms=6.6 client=testclient
2026-09-20T16:56:14 INFO     httpx | HTTP Request: POST http://testserver/api/v1/auth/login "HTTP/1.1 200 OK"
2026-09-20T16:56:14 INFO     app.routers.auth | Doctor signup requested email=editable@example.com specialty=Pediatrician
2026-09-20T16:56:14 INFO     app.routers.auth | Doctor signup succeeded doctor_id=doctor-1
2026-09-20T16:56:14 INFO     app.routers.auth | Seeded availability row doctor_id=doctor-1
2026-09-20T16:56:14 INFO     app.routers.auth | Seeded clinic stub doctor_id=doctor-1
2026-09-20T16:56:14 INFO     app.main | Request complete request_id=ba979e0a-ecef-4f07-965b-6b25964e0f89 method=POST path=/api/v1/auth/signup/doctor status=201 duration_ms=2.1 client=testclient
2026-09-20T16:56:14 INFO     httpx | HTTP Request: POST http://testserver/api/v1/auth/signup/doctor "HTTP/1.1 201 Created"
2026-09-20T16:56:14 INFO     app.routers.doctors | Doctor profile requested doctor_id=doctor-1
2026-09-20T16:56:14 INFO     app.main | Request complete request_id=df636848-630b-4019-80e0-d416690f709d method=GET path=/api/v1/doctors/me status=200 duration_ms=1.7 client=testclient
2026-09-20T16:56:14 INFO     httpx | HTTP Request: GET http://testserver/api/v1/doctors/me "HTTP/1.1 200 OK"
2026-09-20T16:56:14 INFO     app.routers.doctors | Doctor profile update requested doctor_id=doctor-1 fields=['bio', 'consult_fee', 'languages', 'name']
2026-09-20T16:56:14 INFO     app.main | Request complete request_id=9bdafcb5-dd24-415c-8ef5-fb6da6e491dd method=PUT path=/api/v1/doctors/me status=200 duration_ms=4.4 client=testclient
2026-09-20T16:56:14 INFO     httpx | HTTP Request: PUT http://testserver/api/v1/doctors/me "HTTP/1.1 200 OK"
2026-09-20T16:56:14 INFO     app.routers.doctors | Doctor profile requested doctor_id=doctor-1
2026-09-20T16:56:14 INFO     app.main | Request complete request_id=0e3cc511-33b1-497b-bf7e-c19cde14bc49 method=GET path=/api/v1/doctors/me status=200 duration_ms=1.3 client=testclient
2026-09-20T16:56:14 INFO     httpx | HTTP Request: GET http://testserver/api/v1/doctors/me "HTTP/1.1 200 OK"
2026-09-20T16:56:14 INFO     app.routers.auth | Doctor signup requested email=drlive@example.com specialty=General Practitioner
2026-09-20T16:56:14 INFO     app.routers.auth | Doctor signup succeeded doctor_id=doctor-1
2026-09-20T16:56:14 INFO     app.routers.auth | Seeded availability row doctor_id=doctor-1
2026-09-20T16:56:14 INFO     app.main | Request complete request_id=86a1e8f4-53d7-47ba-a912-7f50bcdb64a6 method=POST path=/api/v1/auth/signup/doctor status=201 duration_ms=2.3 client=testclient
2026-09-20T16:56:14 INFO     httpx | HTTP Request: POST http://testserver/api/v1/auth/signup/doctor "HTTP/1.1 201 Created"
2026-09-20T16:56:14 INFO     app.routers.doctors | Clinic upsert requested doctor_id=doctor-1 address=Palakkad, Kerala
2026-09-20T16:56:14 INFO     app.routers.doctors | Clinic upsert using provided coordinates lat=10.786 lng=76.6444
2026-09-20T16:56:14 INFO     app.main | Request complete request_id=ed6cb2d6-77af-4a03-9027-c59c00b01e28 method=POST path=/api/v1/doctors/me/clinic status=201 duration_ms=6.1 client=testclient
2026-09-20T16:56:14 INFO     httpx | HTTP Request: POST http://testserver/api/v1/doctors/me/clinic "HTTP/1.1 201 Created"
2026-09-20T16:56:14 INFO     app.routers.doctors | Availability update requested doctor_id=doctor-1 available=True
2026-09-20T16:56:14 INFO     app.main | Request complete request_id=71e65e8f-01f4-415c-afaf-b94c3d2a01b9 method=PUT path=/api/v1/doctors/me/availability status=200 duration_ms=2.0 client=testclient
2026-09-20T16:56:14 INFO     httpx | HTTP Request: PUT http://testserver/api/v1/doctors/me/availability "HTTP/1.1 200 OK"
2026-09-20T16:56:14 INFO     app.routers.auth | Doctor signup requested email=droffline@example.com specialty=General Practitioner
2026-09-20T16:56:14 INFO     app.routers.auth | Doctor signup succeeded doctor_id=doctor-2
2026-09-20T16:56:14 INFO     app.routers.auth | Seeded availability row doctor_id=doctor-2
2026-09-20T16:56:14 INFO     app.main | Request complete request_id=db540551-f950-483f-b4e7-7e447b351662 method=POST path=/api/v1/auth/signup/doctor status=201 duration_ms=2.1 client=testclient
2026-09-20T16:56:14 INFO     httpx | HTTP Request: POST http://testserver/api/v1/auth/signup/doctor "HTTP/1.1 201 Created"
2026-09-20T16:56:14 INFO     app.routers.doctors | Clinic upsert requested doctor_id=doctor-2 address=Palakkad, Kerala
2026-09-20T16:56:14 INFO     app.routers.doctors | Clinic upsert using provided coordinates lat=10.786 lng=76.6444
2026-09-20T16:56:14 INFO     app.main | Request complete request_id=9332b404-7153-487b-8e2b-1a0e2e382be0 method=POST path=/api/v1/doctors/me/clinic status=201 duration_ms=1.2 client=testclient
2026-09-20T16:56:14 INFO     httpx | HTTP Request: POST http://testserver/api/v1/doctors/me/clinic "HTTP/1.1 201 Created"
2026-09-20T16:56:14 INFO     app.routers.search | Doctor search requested specialty=General radius_km=20.0
2026-09-20T16:56:14 INFO     app.routers.search | Doctor search completed result_count=2
2026-09-20T16:56:14 INFO     app.main | Request complete request_id=687fb641-96d5-451f-b849-2682bf12f62f method=GET path=/api/v1/search status=200 duration_ms=2.2 client=testclient
2026-09-20T16:56:14 INFO     httpx | HTTP Request: GET http://testserver/api/v1/search?lat=10.786&lng=76.6444&specialty=General&radius_km=20 "HTTP/1.1 200 OK"
2026-09-20T16:56:14 INFO     app.routers.auth | Doctor signup requested email=dractive@example.com specialty=General Practitioner
2026-09-20T16:56:14 INFO     app.routers.auth | Doctor signup succeeded doctor_id=doctor-1
2026-09-20T16:56:14 INFO     app.routers.auth | Seeded availability row doctor_id=doctor-1
2026-09-20T16:56:14 INFO     app.main | Request complete request_id=d9a6683f-22c2-439b-91d0-e230fae8c4e0 method=POST path=/api/v1/auth/signup/doctor status=201 duration_ms=2.0 client=testclient
2026-09-20T16:56:14 INFO     httpx | HTTP Request: POST http://testserver/api/v1/auth/signup/doctor "HTTP/1.1 201 Created"
2026-09-20T16:56:14 INFO     app.routers.doctors | Clinic upsert requested doctor_id=doctor-1 address=Palakkad, Kerala
2026-09-20T16:56:14 INFO     app.routers.doctors | Clinic upsert using provided coordinates lat=10.786 lng=76.6444
2026-09-20T16:56:14 INFO     app.main | Request complete request_id=6d6469d6-d7f1-49cd-a643-602b94a675b5 method=POST path=/api/v1/doctors/me/clinic status=201 duration_ms=3.1 client=testclient
2026-09-20T16:56:14 INFO     httpx | HTTP Request: POST http://testserver/api/v1/doctors/me/clinic "HTTP/1.1 201 Created"
2026-09-20T16:56:14 INFO     app.routers.auth | Doctor signup requested email=drinactive@example.com specialty=General Practitioner
2026-09-20T16:56:14 INFO     app.routers.auth | Doctor signup succeeded doctor_id=doctor-2
2026-09-20T16:56:14 INFO     app.routers.auth | Seeded availability row doctor_id=doctor-2
2026-09-20T16:56:14 INFO     app.main | Request complete request_id=c1f4b433-03e1-4f5b-ab6e-3ee9f35632b8 method=POST path=/api/v1/auth/signup/doctor status=201 duration_ms=1.7 client=testclient
2026-09-20T16:56:14 INFO     httpx | HTTP Request: POST http://testserver/api/v1/auth/signup/doctor "HTTP/1.1 201 Created"
2026-09-20T16:56:14 INFO     app.routers.doctors | Clinic upsert requested doctor_id=doctor-2 address=Palakkad, Kerala
2026-09-20T16:56:14 INFO     app.routers.doctors | Clinic upsert using provided coordinates lat=10.786 lng=76.6444
2026-09-20T16:56:14 INFO     app.main | Request complete request_id=485e6740-d725-44b6-81b1-e4c14d898dd6 method=POST path=/api/v1/doctors/me/clinic status=201 duration_ms=1.1 client=testclient
2026-09-20T16:56:14 INFO     httpx | HTTP Request: POST http://testserver/api/v1/doctors/me/clinic "HTTP/1.1 201 Created"
2026-09-20T16:56:14 INFO     app.routers.search | Doctor search requested specialty=General radius_km=20.0
2026-09-20T16:56:14 INFO     app.routers.search | Doctor search completed result_count=1
2026-09-20T16:56:14 INFO     app.main | Request complete request_id=6ad286f4-e31f-4772-95fb-7f351f8ee54a method=GET path=/api/v1/search status=200 duration_ms=1.2 client=testclient
2026-09-20T16:56:14 INFO     httpx | HTTP Request: GET http://testserver/api/v1/search?lat=10.786&lng=76.6444&specialty=General&radius_km=20 "HTTP/1.1 200 OK"
2026-09-20T16:56:14 INFO     app.routers.auth | Doctor signup requested email=drheart@example.com specialty=Cardiologist
2026-09-20T16:56:14 INFO     app.routers.auth | Doctor signup succeeded doctor_id=doctor-1
2026-09-20T16:56:14 INFO     app.routers.auth | Seeded availability row doctor_id=doctor-1
2026-09-20T16:56:14 INFO     app.main | Request complete request_id=4ec7c826-1c54-487f-a400-96e16829c869 method=POST path=/api/v1/auth/signup/doctor status=201 duration_ms=1.8 client=testclient
2026-09-20T16:56:14 INFO     httpx | HTTP Request: POST http://testserver/api/v1/auth/signup/doctor "HTTP/1.1 201 Created"
2026-09-20T16:56:14 INFO     app.routers.doctors | Clinic upsert requested doctor_id=doctor-1 address=Palakkad, Kerala
2026-09-20T16:56:14 INFO     app.routers.doctors | Clinic upsert using provided coordinates lat=10.786 lng=76.6444
2026-09-20T16:56:14 INFO     app.main | Request complete request_id=b2bffa01-f574-436f-b99d-4d5df2a38820 method=POST path=/api/v1/doctors/me/clinic status=201 duration_ms=1.1 client=testclient
2026-09-20T16:56:14 INFO     httpx | HTTP Request: POST http://testserver/api/v1/doctors/me/clinic "HTTP/1.1 201 Created"
2026-09-20T16:56:14 INFO     app.routers.auth | Doctor signup requested email=drgeneral@example.com specialty=General Practitioner
2026-09-20T16:56:14 INFO     app.routers.auth | Doctor signup succeeded doctor_id=doctor-2
2026-09-20T16:56:14 INFO     app.routers.auth | Seeded availability row doctor_id=doctor-2
2026-09-20T16:56:14 INFO     app.main | Request complete request_id=b0480e3b-d4d9-4712-a01f-031ee917949e method=POST path=/api/v1/auth/signup/doctor status=201 duration_ms=1.3 client=testclient
2026-09-20T16:56:14 INFO     httpx | HTTP Request: POST http://testserver/api/v1/auth/signup/doctor "HTTP/1.1 201 Created"
2026-09-20T16:56:14 INFO     app.routers.doctors | Clinic upsert requested doctor_id=doctor-2 address=Palakkad, Kerala
2026-09-20T16:56:14 INFO     app.routers.doctors | Clinic upsert using provided coordinates lat=10.786 lng=76.6444
2026-09-20T16:56:14 INFO     app.main | Request complete request_id=8ec81dde-c09c-45f1-81e8-30602bc3e23d method=POST path=/api/v1/doctors/me/clinic status=201 duration_ms=1.4 client=testclient
2026-09-20T16:56:14 INFO     httpx | HTTP Request: POST http://testserver/api/v1/doctors/me/clinic "HTTP/1.1 201 Created"
2026-09-20T16:56:14 INFO     app.routers.doctors | Availability update requested doctor_id=doctor-2 available=True
2026-09-20T16:56:14 INFO     app.main | Request complete request_id=d3a77c6a-3bae-4e79-9d64-15b1554c9a1b method=PUT path=/api/v1/doctors/me/availability status=200 duration_ms=0.7 client=testclient
2026-09-20T16:56:14 INFO     httpx | HTTP Request: PUT http://testserver/api/v1/doctors/me/availability "HTTP/1.1 200 OK"
2026-09-20T16:56:14 INFO     app.routers.search | Doctor search requested specialty=Cardio radius_km=20.0
2026-09-20T16:56:14 INFO     app.routers.search | Doctor search completed result_count=1
2026-09-20T16:56:14 INFO     app.main | Request complete request_id=c9c90f8b-c9f2-407f-9f26-c984434a7513 method=GET path=/api/v1/search status=200 duration_ms=1.0 client=testclient
2026-09-20T16:56:14 INFO     httpx | HTTP Request: GET http://testserver/api/v1/search?lat=10.786&lng=76.6444&specialty=Cardio&radius_km=20 "HTTP/1.1 200 OK"
2026-09-20T16:56:14 INFO     app.routers.auth | Doctor signup requested email=drpending@example.com specialty=General Practitioner
2026-09-20T16:56:14 INFO     app.routers.auth | Doctor signup succeeded doctor_id=doctor-1
2026-09-20T16:56:14 INFO     app.routers.auth | Seeded availability row doctor_id=doctor-1
2026-09-20T16:56:14 INFO     app.main | Request complete request_id=b0bb5f54-66be-4284-b50e-71573ca26b71 method=POST path=/api/v1/auth/signup/doctor status=201 duration_ms=1.3 client=testclient
2026-09-20T16:56:14 INFO     httpx | HTTP Request: POST http://testserver/api/v1/auth/signup/doctor "HTTP/1.1 201 Created"
2026-09-20T16:56:14 INFO     app.routers.doctors | Clinic upsert requested doctor_id=doctor-1 address=Palakkad, Kerala
2026-09-20T16:56:14 INFO     app.routers.doctors | Clinic upsert using provided coordinates lat=10.786 lng=76.6444
2026-09-20T16:56:14 INFO     app.main | Request complete request_id=31d1544f-29eb-44e7-aa52-38c6186029a1 method=POST path=/api/v1/doctors/me/clinic status=201 duration_ms=1.5 client=testclient
2026-09-20T16:56:14 INFO     httpx | HTTP Request: POST http://testserver/api/v1/doctors/me/clinic "HTTP/1.1 201 Created"
2026-09-20T16:56:14 INFO     app.routers.doctors | Availability update requested doctor_id=doctor-1 available=True
2026-09-20T16:56:14 WARNING  app.main | Request complete request_id=7b415386-63fb-46bd-839f-1c13c6f747d2 method=PUT path=/api/v1/doctors/me/availability status=409 duration_ms=1.5 client=testclient
2026-09-20T16:56:14 INFO     httpx | HTTP Request: PUT http://testserver/api/v1/doctors/me/availability "HTTP/1.1 409 Conflict"
2026-09-20T16:56:14 INFO     app.routers.auth | Doctor signup requested email=drschedule@example.com specialty=General Practitioner
2026-09-20T16:56:14 INFO     app.routers.auth | Doctor signup succeeded doctor_id=doctor-1
2026-09-20T16:56:14 INFO     app.routers.auth | Seeded availability row doctor_id=doctor-1
2026-09-20T16:56:14 INFO     app.main | Request complete request_id=a0181b69-fd45-49e3-90c8-cd9ac18ee62f method=POST path=/api/v1/auth/signup/doctor status=201 duration_ms=1.3 client=testclient
2026-09-20T16:56:14 INFO     httpx | HTTP Request: POST http://testserver/api/v1/auth/signup/doctor "HTTP/1.1 201 Created"
2026-09-20T16:56:14 INFO     app.routers.doctors | Clinic upsert requested doctor_id=doctor-1 address=Palakkad, Kerala
2026-09-20T16:56:14 INFO     app.routers.doctors | Clinic upsert using provided coordinates lat=10.786 lng=76.6444
2026-09-20T16:56:14 INFO     app.main | Request complete request_id=3594ef58-5692-4d25-916c-4ff8d96dcca4 method=POST path=/api/v1/doctors/me/clinic status=201 duration_ms=1.2 client=testclient
2026-09-20T16:56:14 INFO     httpx | HTTP Request: POST http://testserver/api/v1/doctors/me/clinic "HTTP/1.1 201 Created"
2026-09-20T16:56:14 INFO     app.routers.doctors | Doctor profile requested doctor_id=doctor-1
2026-09-20T16:56:14 INFO     app.main | Request complete request_id=4c3300ad-d11e-40e7-ab39-cd5cc21c6393 method=GET path=/api/v1/doctors/me status=200 duration_ms=1.1 client=testclient
2026-09-20T16:56:14 INFO     httpx | HTTP Request: GET http://testserver/api/v1/doctors/me "HTTP/1.1 200 OK"
2026-09-20T16:56:14 WARNING  app.main | Request complete request_id=070cf8da-2416-414f-aba1-af0cf475d51e method=POST path=/api/v1/doctors/me/clinic status=422 duration_ms=0.9 client=testclient
2026-09-20T16:56:14 INFO     httpx | HTTP Request: POST http://testserver/api/v1/doctors/me/clinic "HTTP/1.1 422 Unprocessable Entity"
2026-09-20T17:00:16 INFO     app.routers.auth | Doctor signup requested email=dr@example.com specialty=General Practitioner
2026-09-20T17:00:16 INFO     app.routers.auth | Doctor signup succeeded doctor_id=doctor-1
2026-09-20T17:00:16 INFO     app.routers.auth | Seeded availability row doctor_id=doctor-1
2026-09-20T17:00:16 INFO     app.main | Request complete request_id=c5de6fe3-9f22-4269-8027-e752598763d8 method=POST path=/api/v1/auth/signup/doctor status=201 duration_ms=21.7 client=testclient
2026-09-20T17:00:16 INFO     httpx | HTTP Request: POST http://testserver/api/v1/auth/signup/doctor "HTTP/1.1 201 Created"
2026-09-20T17:00:16 INFO     app.routers.doctors | Doctor profile requested doctor_id=doctor-1
2026-09-20T17:00:16 INFO     app.main | Request complete request_id=554fceb6-fe0c-4084-9209-a19d717788fc method=GET path=/api/v1/doctors/me status=200 duration_ms=2.8 client=testclient
2026-09-20T17:00:16 INFO     httpx | HTTP Request: GET http://testserver/api/v1/doctors/me "HTTP/1.1 200 OK"
2026-09-20T17:00:16 INFO     app.routers.auth | Doctor signup requested email=dr2@example.com specialty=Pediatrician
2026-09-20T17:00:16 INFO     app.routers.auth | Doctor signup succeeded doctor_id=doctor-1
2026-09-20T17:00:16 INFO     app.routers.auth | Seeded availability row doctor_id=doctor-1
2026-09-20T17:00:16 INFO     app.main | Request complete request_id=f94f9b53-65f4-44c2-a6a1-2bd660875a70 method=POST path=/api/v1/auth/signup/doctor status=201 duration_ms=2.9 client=testclient
2026-09-20T17:00:16 INFO     httpx | HTTP Request: POST http://testserver/api/v1/auth/signup/doctor "HTTP/1.1 201 Created"
2026-09-20T17:00:16 INFO     app.routers.auth | Doctor login requested email=dr2@example.com
2026-09-20T17:00:16 INFO     app.routers.auth | Doctor login succeeded doctor_id=doctor-1
2026-09-20T17:00:16 INFO     app.main | Request complete request_id=ddec3545-3864-4fbd-80f8-387ac28f71ce method=POST path=/api/v1/auth/login status=200 duration_ms=5.3 client=testclient
2026-09-20T17:00:16 INFO     httpx | HTTP Request: POST http://testserver/api/v1/auth/login "HTTP/1.1 200 OK"
2026-09-20T17:00:16 INFO     app.routers.auth | Doctor signup requested email=editable@example.com specialty=Pediatrician
2026-09-20T17:00:16 INFO     app.routers.auth | Doctor signup succeeded doctor_id=doctor-1
2026-09-20T17:00:16 INFO     app.routers.auth | Seeded availability row doctor_id=doctor-1
2026-09-20T17:00:16 INFO     app.routers.auth | Seeded clinic stub doctor_id=doctor-1
2026-09-20T17:00:16 INFO     app.main | Request complete request_id=11118cbd-b20b-4832-87d7-484b99494b2e method=POST path=/api/v1/auth/signup/doctor status=201 duration_ms=3.4 client=testclient
2026-09-20T17:00:16 INFO     httpx | HTTP Request: POST http://testserver/api/v1/auth/signup/doctor "HTTP/1.1 201 Created"
2026-09-20T17:00:16 INFO     app.routers.doctors | Doctor profile requested doctor_id=doctor-1
2026-09-20T17:00:16 INFO     app.main | Request complete request_id=1ba37012-aaf7-4dff-a5c2-5574eb8242cb method=GET path=/api/v1/doctors/me status=200 duration_ms=1.9 client=testclient
2026-09-20T17:00:16 INFO     httpx | HTTP Request: GET http://testserver/api/v1/doctors/me "HTTP/1.1 200 OK"
2026-09-20T17:00:16 INFO     app.routers.doctors | Doctor profile update requested doctor_id=doctor-1 fields=['bio', 'consult_fee', 'languages', 'name']
2026-09-20T17:00:16 INFO     app.main | Request complete request_id=271461c4-fdbb-4b22-b17b-5892713d76a6 method=PUT path=/api/v1/doctors/me status=200 duration_ms=5.6 client=testclient
2026-09-20T17:00:16 INFO     httpx | HTTP Request: PUT http://testserver/api/v1/doctors/me "HTTP/1.1 200 OK"
2026-09-20T17:00:16 INFO     app.routers.doctors | Doctor profile requested doctor_id=doctor-1
2026-09-20T17:00:16 INFO     app.main | Request complete request_id=93a7dfa9-d6a9-4966-9b39-fc90415ef9c0 method=GET path=/api/v1/doctors/me status=200 duration_ms=1.6 client=testclient
2026-09-20T17:00:16 INFO     httpx | HTTP Request: GET http://testserver/api/v1/doctors/me "HTTP/1.1 200 OK"
2026-09-20T17:00:17 INFO     app.routers.auth | Doctor signup requested email=drlive@example.com specialty=General Practitioner
2026-09-20T17:00:17 INFO     app.routers.auth | Doctor signup succeeded doctor_id=doctor-1
2026-09-20T17:00:17 INFO     app.routers.auth | Seeded availability row doctor_id=doctor-1
2026-09-20T17:00:17 INFO     app.main | Request complete request_id=384aefa2-8b03-49ff-8f8b-1dce47c5a9e1 method=POST path=/api/v1/auth/signup/doctor status=201 duration_ms=3.6 client=testclient
2026-09-20T17:00:17 INFO     httpx | HTTP Request: POST http://testserver/api/v1/auth/signup/doctor "HTTP/1.1 201 Created"
2026-09-20T17:00:17 INFO     app.routers.doctors | Clinic upsert requested doctor_id=doctor-1 address=Palakkad, Kerala
2026-09-20T17:00:17 INFO     app.routers.doctors | Clinic upsert using provided coordinates lat=10.786 lng=76.6444
2026-09-20T17:00:17 INFO     app.main | Request complete request_id=169db455-e9ec-4956-9586-70c6f37ee3e0 method=POST path=/api/v1/doctors/me/clinic status=201 duration_ms=5.3 client=testclient
2026-09-20T17:00:17 INFO     httpx | HTTP Request: POST http://testserver/api/v1/doctors/me/clinic "HTTP/1.1 201 Created"
2026-09-20T17:00:17 INFO     app.routers.doctors | Availability update requested doctor_id=doctor-1 available=True
2026-09-20T17:00:17 INFO     app.main | Request complete request_id=74f33f23-0e01-4c60-8b27-81a1d9000fbd method=PUT path=/api/v1/doctors/me/availability status=200 duration_ms=2.5 client=testclient
2026-09-20T17:00:17 INFO     httpx | HTTP Request: PUT http://testserver/api/v1/doctors/me/availability "HTTP/1.1 200 OK"
2026-09-20T17:00:17 INFO     app.routers.auth | Doctor signup requested email=droffline@example.com specialty=General Practitioner
2026-09-20T17:00:17 INFO     app.routers.auth | Doctor signup succeeded doctor_id=doctor-2
2026-09-20T17:00:17 INFO     app.routers.auth | Seeded availability row doctor_id=doctor-2
2026-09-20T17:00:17 INFO     app.main | Request complete request_id=4ae4b121-37dc-42d2-8fd3-5320d033030c method=POST path=/api/v1/auth/signup/doctor status=201 duration_ms=1.7 client=testclient
2026-09-20T17:00:17 INFO     httpx | HTTP Request: POST http://testserver/api/v1/auth/signup/doctor "HTTP/1.1 201 Created"
2026-09-20T17:00:17 INFO     app.routers.doctors | Clinic upsert requested doctor_id=doctor-2 address=Palakkad, Kerala
2026-09-20T17:00:17 INFO     app.routers.doctors | Clinic upsert using provided coordinates lat=10.786 lng=76.6444
2026-09-20T17:00:17 INFO     app.main | Request complete request_id=24818918-3492-4d1d-b864-47079db25585 method=POST path=/api/v1/doctors/me/clinic status=201 duration_ms=1.3 client=testclient
2026-09-20T17:00:17 INFO     httpx | HTTP Request: POST http://testserver/api/v1/doctors/me/clinic "HTTP/1.1 201 Created"
2026-09-20T17:00:17 INFO     app.routers.search | Doctor search requested specialty=General radius_km=20.0
2026-09-20T17:00:17 INFO     app.routers.search | Doctor search completed result_count=2
2026-09-20T17:00:17 INFO     app.main | Request complete request_id=094881b2-800d-4fea-802e-ffe1ec10aec2 method=GET path=/api/v1/search status=200 duration_ms=3.3 client=testclient
2026-09-20T17:00:17 INFO     httpx | HTTP Request: GET http://testserver/api/v1/search?lat=10.786&lng=76.6444&specialty=General&radius_km=20 "HTTP/1.1 200 OK"
2026-09-20T17:00:17 INFO     app.routers.auth | Doctor signup requested email=dractive@example.com specialty=General Practitioner
2026-09-20T17:00:17 INFO     app.routers.auth | Doctor signup succeeded doctor_id=doctor-1
2026-09-20T17:00:17 INFO     app.routers.auth | Seeded availability row doctor_id=doctor-1
2026-09-20T17:00:17 INFO     app.main | Request complete request_id=33998d03-29d3-4cdc-bc5e-faf5c9b62d6a method=POST path=/api/v1/auth/signup/doctor status=201 duration_ms=2.3 client=testclient
2026-09-20T17:00:17 INFO     httpx | HTTP Request: POST http://testserver/api/v1/auth/signup/doctor "HTTP/1.1 201 Created"
2026-09-20T17:00:17 INFO     app.routers.doctors | Clinic upsert requested doctor_id=doctor-1 address=Palakkad, Kerala
2026-09-20T17:00:17 INFO     app.routers.doctors | Clinic upsert using provided coordinates lat=10.786 lng=76.6444
2026-09-20T17:00:17 INFO     app.main | Request complete request_id=ab38da64-aedf-4c6f-a2db-573d0baed453 method=POST path=/api/v1/doctors/me/clinic status=201 duration_ms=1.3 client=testclient
2026-09-20T17:00:17 INFO     httpx | HTTP Request: POST http://testserver/api/v1/doctors/me/clinic "HTTP/1.1 201 Created"
2026-09-20T17:00:17 INFO     app.routers.auth | Doctor signup requested email=drinactive@example.com specialty=General Practitioner
2026-09-20T17:00:17 INFO     app.routers.auth | Doctor signup succeeded doctor_id=doctor-2
2026-09-20T17:00:17 INFO     app.routers.auth | Seeded availability row doctor_id=doctor-2
2026-09-20T17:00:17 INFO     app.main | Request complete request_id=5fbf5882-0ad0-4077-b7ef-a46e27af4a9b method=POST path=/api/v1/auth/signup/doctor status=201 duration_ms=1.0 client=testclient
2026-09-20T17:00:17 INFO     httpx | HTTP Request: POST http://testserver/api/v1/auth/signup/doctor "HTTP/1.1 201 Created"
2026-09-20T17:00:17 INFO     app.routers.doctors | Clinic upsert requested doctor_id=doctor-2 address=Palakkad, Kerala
2026-09-20T17:00:17 INFO     app.routers.doctors | Clinic upsert using provided coordinates lat=10.786 lng=76.6444
2026-09-20T17:00:17 INFO     app.main | Request complete request_id=62a59dd4-6cee-4803-97b0-565dc63ce50b method=POST path=/api/v1/doctors/me/clinic status=201 duration_ms=0.9 client=testclient
2026-09-20T17:00:17 INFO     httpx | HTTP Request: POST http://testserver/api/v1/doctors/me/clinic "HTTP/1.1 201 Created"
2026-09-20T17:00:17 INFO     app.routers.search | Doctor search requested specialty=General radius_km=20.0
2026-09-20T17:00:17 INFO     app.routers.search | Doctor search completed result_count=1
2026-09-20T17:00:17 INFO     app.main | Request complete request_id=781bd838-d180-4315-9007-a0e654ccb90c method=GET path=/api/v1/search status=200 duration_ms=1.5 client=testclient
2026-09-20T17:00:17 INFO     httpx | HTTP Request: GET http://testserver/api/v1/search?lat=10.786&lng=76.6444&specialty=General&radius_km=20 "HTTP/1.1 200 OK"
2026-09-20T17:00:17 INFO     app.routers.auth | Doctor signup requested email=drheart@example.com specialty=Cardiologist
2026-09-20T17:00:17 INFO     app.routers.auth | Doctor signup succeeded doctor_id=doctor-1
2026-09-20T17:00:17 INFO     app.routers.auth | Seeded availability row doctor_id=doctor-1
2026-09-20T17:00:17 INFO     app.main | Request complete request_id=9f060635-4998-42bc-a1b8-24f15f6a42bf method=POST path=/api/v1/auth/signup/doctor status=201 duration_ms=2.3 client=testclient
2026-09-20T17:00:17 INFO     httpx | HTTP Request: POST http://testserver/api/v1/auth/signup/doctor "HTTP/1.1 201 Created"
2026-09-20T17:00:17 INFO     app.routers.doctors | Clinic upsert requested doctor_id=doctor-1 address=Palakkad, Kerala
2026-09-20T17:00:17 INFO     app.routers.doctors | Clinic upsert using provided coordinates lat=10.786 lng=76.6444
2026-09-20T17:00:17 INFO     app.main | Request complete request_id=fafcb00c-98b1-4df3-bf20-00ca5fdab528 method=POST path=/api/v1/doctors/me/clinic status=201 duration_ms=1.9 client=testclient
2026-09-20T17:00:17 INFO     httpx | HTTP Request: POST http://testserver/api/v1/doctors/me/clinic "HTTP/1.1 201 Created"
2026-09-20T17:00:17 INFO     app.routers.auth | Doctor signup requested email=drgeneral@example.com specialty=General Practitioner
2026-09-20T17:00:17 INFO     app.routers.auth | Doctor signup succeeded doctor_id=doctor-2
2026-09-20T17:00:17 INFO     app.routers.auth | Seeded availability row doctor_id=doctor-2
2026-09-20T17:00:17 INFO     app.main | Request complete request_id=b200a8c2-73fc-4288-84aa-aa44374aeddf method=POST path=/api/v1/auth/signup/doctor status=201 duration_ms=1.4 client=testclient
2026-09-20T17:00:17 INFO     httpx | HTTP Request: POST http://testserver/api/v1/auth/signup/doctor "HTTP/1.1 201 Created"
2026-09-20T17:00:17 INFO     app.routers.doctors | Clinic upsert requested doctor_id=doctor-2 address=Palakkad, Kerala
2026-09-20T17:00:17 INFO     app.routers.doctors | Clinic upsert using provided coordinates lat=10.786 lng=76.6444
2026-09-20T17:00:17 INFO     app.main | Request complete request_id=29a3bd22-c332-43d6-897d-e6389dad2923 method=POST path=/api/v1/doctors/me/clinic status=201 duration_ms=1.6 client=testclient
2026-09-20T17:00:17 INFO     httpx | HTTP Request: POST http://testserver/api/v1/doctors/me/clinic "HTTP/1.1 201 Created"
2026-09-20T17:00:17 INFO     app.routers.doctors | Availability update requested doctor_id=doctor-2 available=True
2026-09-20T17:00:17 INFO     app.main | Request complete request_id=03873a75-6434-482f-bc72-95a0a2b2d8e1 method=PUT path=/api/v1/doctors/me/availability status=200 duration_ms=1.8 client=testclient
2026-09-20T17:00:17 INFO     httpx | HTTP Request: PUT http://testserver/api/v1/doctors/me/availability "HTTP/1.1 200 OK"
2026-09-20T17:00:17 INFO     app.routers.search | Doctor search requested specialty=Cardio radius_km=20.0
2026-09-20T17:00:17 INFO     app.routers.search | Doctor search completed result_count=1
2026-09-20T17:00:17 INFO     app.main | Request complete request_id=2415a1ef-1d8e-474f-97b6-35f105483d0b method=GET path=/api/v1/search status=200 duration_ms=1.8 client=testclient
2026-09-20T17:00:17 INFO     httpx | HTTP Request: GET http://testserver/api/v1/search?lat=10.786&lng=76.6444&specialty=Cardio&radius_km=20 "HTTP/1.1 200 OK"
2026-09-20T17:00:17 INFO     app.routers.auth | Doctor signup requested email=drpending@example.com specialty=General Practitioner
2026-09-20T17:00:17 INFO     app.routers.auth | Doctor signup succeeded doctor_id=doctor-1
2026-09-20T17:00:17 INFO     app.routers.auth | Seeded availability row doctor_id=doctor-1
2026-09-20T17:00:17 INFO     app.main | Request complete request_id=7b2b5bcf-845d-4ec6-af0f-c775a7adf277 method=POST path=/api/v1/auth/signup/doctor status=201 duration_ms=3.4 client=testclient
2026-09-20T17:00:17 INFO     httpx | HTTP Request: POST http://testserver/api/v1/auth/signup/doctor "HTTP/1.1 201 Created"
2026-09-20T17:00:17 INFO     app.routers.doctors | Clinic upsert requested doctor_id=doctor-1 address=Palakkad, Kerala
2026-09-20T17:00:17 INFO     app.routers.doctors | Clinic upsert using provided coordinates lat=10.786 lng=76.6444
2026-09-20T17:00:17 INFO     app.main | Request complete request_id=d7ed6149-4584-4602-b97f-b5aea47aa253 method=POST path=/api/v1/doctors/me/clinic status=201 duration_ms=1.1 client=testclient
2026-09-20T17:00:17 INFO     httpx | HTTP Request: POST http://testserver/api/v1/doctors/me/clinic "HTTP/1.1 201 Created"
2026-09-20T17:00:17 INFO     app.routers.doctors | Availability update requested doctor_id=doctor-1 available=True
2026-09-20T17:00:17 WARNING  app.main | Request complete request_id=54975812-fb6b-4b2a-950e-3ccea8b5049f method=PUT path=/api/v1/doctors/me/availability status=409 duration_ms=2.0 client=testclient
2026-09-20T17:00:17 INFO     httpx | HTTP Request: PUT http://testserver/api/v1/doctors/me/availability "HTTP/1.1 409 Conflict"
2026-09-20T17:00:17 INFO     app.routers.auth | Doctor signup requested email=drschedule@example.com specialty=General Practitioner
2026-09-20T17:00:17 INFO     app.routers.auth | Doctor signup succeeded doctor_id=doctor-1
2026-09-20T17:00:17 INFO     app.routers.auth | Seeded availability row doctor_id=doctor-1
2026-09-20T17:00:17 INFO     app.main | Request complete request_id=acd90d5d-a918-48ab-be4d-04daf2d9130c method=POST path=/api/v1/auth/signup/doctor status=201 duration_ms=1.8 client=testclient
2026-09-20T17:00:17 INFO     httpx | HTTP Request: POST http://testserver/api/v1/auth/signup/doctor "HTTP/1.1 201 Created"
2026-09-20T17:00:17 INFO     app.routers.doctors | Clinic upsert requested doctor_id=doctor-1 address=Palakkad, Kerala
2026-09-20T17:00:17 INFO     app.routers.doctors | Clinic upsert using provided coordinates lat=10.786 lng=76.6444
2026-09-20T17:00:17 INFO     app.main | Request complete request_id=a3029409-1cdf-4313-a447-cf961b5406c6 method=POST path=/api/v1/doctors/me/clinic status=201 duration_ms=1.5 client=testclient
2026-09-20T17:00:17 INFO     httpx | HTTP Request: POST http://testserver/api/v1/doctors/me/clinic "HTTP/1.1 201 Created"
2026-09-20T17:00:17 INFO     app.routers.doctors | Doctor profile requested doctor_id=doctor-1
2026-09-20T17:00:17 INFO     app.main | Request complete request_id=87e94e68-4da6-4853-bad1-1457328f8607 method=GET path=/api/v1/doctors/me status=200 duration_ms=1.6 client=testclient
2026-09-20T17:00:17 INFO     httpx | HTTP Request: GET http://testserver/api/v1/doctors/me "HTTP/1.1 200 OK"
2026-09-20T17:00:17 WARNING  app.main | Request complete request_id=9ca68541-2b5e-4409-8b68-5d18feebe20a method=POST path=/api/v1/doctors/me/clinic status=422 duration_ms=2.4 client=testclient
2026-09-20T17:00:17 INFO     httpx | HTTP Request: POST http://testserver/api/v1/doctors/me/clinic "HTTP/1.1 422 Unprocessable Entity"
2026-09-20T17:03:57 INFO     app.routers.auth | Doctor signup requested email=dr@example.com specialty=General Practitioner
2026-09-20T17:03:57 INFO     app.routers.auth | Doctor signup succeeded doctor_id=doctor-1
2026-09-20T17:03:57 INFO     app.routers.auth | Seeded availability row doctor_id=doctor-1
2026-09-20T17:03:57 INFO     app.main | Request complete request_id=8dcf5b66-a0c5-463c-a940-7cdd094560c1 method=POST path=/api/v1/auth/signup/doctor status=201 duration_ms=15.5 client=testclient
2026-09-20T17:03:57 INFO     httpx | HTTP Request: POST http://testserver/api/v1/auth/signup/doctor "HTTP/1.1 201 Created"
2026-09-20T17:03:57 INFO     app.routers.doctors | Doctor profile requested doctor_id=doctor-1
2026-09-20T17:03:57 INFO     app.main | Request complete request_id=6cb2a5ea-12c1-4f87-a101-abc81d869566 method=GET path=/api/v1/doctors/me status=200 duration_ms=1.7 client=testclient
2026-09-20T17:03:57 INFO     httpx | HTTP Request: GET http://testserver/api/v1/doctors/me "HTTP/1.1 200 OK"
2026-09-20T17:03:57 INFO     app.routers.auth | Doctor signup requested email=dr2@example.com specialty=Pediatrician
2026-09-20T17:03:57 INFO     app.routers.auth | Doctor signup succeeded doctor_id=doctor-1
2026-09-20T17:03:57 INFO     app.routers.auth | Seeded availability row doctor_id=doctor-1
2026-09-20T17:03:57 INFO     app.main | Request complete request_id=2c7e3309-5952-4f3c-b3de-973c1e7136f8 method=POST path=/api/v1/auth/signup/doctor status=201 duration_ms=3.1 client=testclient
2026-09-20T17:03:57 INFO     httpx | HTTP Request: POST http://testserver/api/v1/auth/signup/doctor "HTTP/1.1 201 Created"
2026-09-20T17:03:57 INFO     app.routers.auth | Doctor login requested email=dr2@example.com
2026-09-20T17:03:57 INFO     app.routers.auth | Doctor login succeeded doctor_id=doctor-1
2026-09-20T17:03:57 INFO     app.main | Request complete request_id=ec0fd72b-c87c-4dde-b404-e466b50f68a8 method=POST path=/api/v1/auth/login status=200 duration_ms=4.2 client=testclient
2026-09-20T17:03:57 INFO     httpx | HTTP Request: POST http://testserver/api/v1/auth/login "HTTP/1.1 200 OK"
2026-09-20T17:03:57 INFO     app.routers.auth | Doctor signup requested email=editable@example.com specialty=Pediatrician
2026-09-20T17:03:57 INFO     app.routers.auth | Doctor signup succeeded doctor_id=doctor-1
2026-09-20T17:03:57 INFO     app.routers.auth | Seeded availability row doctor_id=doctor-1
2026-09-20T17:03:57 INFO     app.routers.auth | Seeded clinic stub doctor_id=doctor-1
2026-09-20T17:03:57 INFO     app.main | Request complete request_id=aa91f8c7-ae57-48af-8069-0377441255a8 method=POST path=/api/v1/auth/signup/doctor status=201 duration_ms=1.6 client=testclient
2026-09-20T17:03:57 INFO     httpx | HTTP Request: POST http://testserver/api/v1/auth/signup/doctor "HTTP/1.1 201 Created"
2026-09-20T17:03:57 INFO     app.routers.doctors | Doctor profile requested doctor_id=doctor-1
2026-09-20T17:03:57 INFO     app.main | Request complete request_id=8f10b7c9-16ec-4321-b99c-5217647b0bcf method=GET path=/api/v1/doctors/me status=200 duration_ms=1.5 client=testclient
2026-09-20T17:03:57 INFO     httpx | HTTP Request: GET http://testserver/api/v1/doctors/me "HTTP/1.1 200 OK"
2026-09-20T17:03:57 INFO     app.routers.doctors | Doctor profile update requested doctor_id=doctor-1 fields=['bio', 'consult_fee', 'languages', 'name']
2026-09-20T17:03:57 INFO     app.main | Request complete request_id=5be6f2a9-9c55-4425-85e8-ccef676e29f0 method=PUT path=/api/v1/doctors/me status=200 duration_ms=4.1 client=testclient
2026-09-20T17:03:57 INFO     httpx | HTTP Request: PUT http://testserver/api/v1/doctors/me "HTTP/1.1 200 OK"
2026-09-20T17:03:57 INFO     app.routers.doctors | Doctor profile requested doctor_id=doctor-1
2026-09-20T17:03:57 INFO     app.main | Request complete request_id=e06d61c8-64d9-425b-86b9-c204575ffbcf method=GET path=/api/v1/doctors/me status=200 duration_ms=2.2 client=testclient
2026-09-20T17:03:57 INFO     httpx | HTTP Request: GET http://testserver/api/v1/doctors/me "HTTP/1.1 200 OK"
2026-09-20T17:03:58 INFO     app.routers.auth | Doctor signup requested email=drlive@example.com specialty=General Practitioner
2026-09-20T17:03:58 INFO     app.routers.auth | Doctor signup succeeded doctor_id=doctor-1
2026-09-20T17:03:58 INFO     app.routers.auth | Seeded availability row doctor_id=doctor-1
2026-09-20T17:03:58 INFO     app.main | Request complete request_id=74d08504-82c3-4970-b47a-1ddf2c8be59c method=POST path=/api/v1/auth/signup/doctor status=201 duration_ms=2.3 client=testclient
2026-09-20T17:03:58 INFO     httpx | HTTP Request: POST http://testserver/api/v1/auth/signup/doctor "HTTP/1.1 201 Created"
2026-09-20T17:03:58 INFO     app.routers.doctors | Clinic upsert requested doctor_id=doctor-1 address=Palakkad, Kerala
2026-09-20T17:03:58 INFO     app.routers.doctors | Clinic upsert using provided coordinates lat=10.786 lng=76.6444
2026-09-20T17:03:58 INFO     app.main | Request complete request_id=97031999-e5a2-4d0b-ae62-2d930d342d25 method=POST path=/api/v1/doctors/me/clinic status=201 duration_ms=3.2 client=testclient
2026-09-20T17:03:58 INFO     httpx | HTTP Request: POST http://testserver/api/v1/doctors/me/clinic "HTTP/1.1 201 Created"
2026-09-20T17:03:58 INFO     app.routers.doctors | Availability update requested doctor_id=doctor-1 available=True
2026-09-20T17:03:58 INFO     app.main | Request complete request_id=ee9d9f12-7890-464c-81d9-afb2ef313583 method=PUT path=/api/v1/doctors/me/availability status=200 duration_ms=2.4 client=testclient
2026-09-20T17:03:58 INFO     httpx | HTTP Request: PUT http://testserver/api/v1/doctors/me/availability "HTTP/1.1 200 OK"
2026-09-20T17:03:58 INFO     app.routers.auth | Doctor signup requested email=droffline@example.com specialty=General Practitioner
2026-09-20T17:03:58 INFO     app.routers.auth | Doctor signup succeeded doctor_id=doctor-2
2026-09-20T17:03:58 INFO     app.routers.auth | Seeded availability row doctor_id=doctor-2
2026-09-20T17:03:58 INFO     app.main | Request complete request_id=90789de2-2335-4e82-a7bb-bb1b1c8e4890 method=POST path=/api/v1/auth/signup/doctor status=201 duration_ms=0.9 client=testclient
2026-09-20T17:03:58 INFO     httpx | HTTP Request: POST http://testserver/api/v1/auth/signup/doctor "HTTP/1.1 201 Created"
2026-09-20T17:03:58 INFO     app.routers.doctors | Clinic upsert requested doctor_id=doctor-2 address=Palakkad, Kerala
2026-09-20T17:03:58 INFO     app.routers.doctors | Clinic upsert using provided coordinates lat=10.786 lng=76.6444
2026-09-20T17:03:58 INFO     app.main | Request complete request_id=7a10233e-bc7f-41be-94c3-7d0fc8c5ab42 method=POST path=/api/v1/doctors/me/clinic status=201 duration_ms=2.2 client=testclient
2026-09-20T17:03:58 INFO     httpx | HTTP Request: POST http://testserver/api/v1/doctors/me/clinic "HTTP/1.1 201 Created"
2026-09-20T17:03:58 INFO     app.routers.search | Doctor search requested specialty=General radius_km=20.0
2026-09-20T17:03:58 INFO     app.routers.search | Doctor search completed result_count=2
2026-09-20T17:03:58 INFO     app.main | Request complete request_id=90a65e54-474b-4ae1-84b6-5a0864522cdf method=GET path=/api/v1/search status=200 duration_ms=1.8 client=testclient
2026-09-20T17:03:58 INFO     httpx | HTTP Request: GET http://testserver/api/v1/search?lat=10.786&lng=76.6444&specialty=General&radius_km=20 "HTTP/1.1 200 OK"
2026-09-20T17:03:58 INFO     app.routers.auth | Doctor signup requested email=dractive@example.com specialty=General Practitioner
2026-09-20T17:03:58 INFO     app.routers.auth | Doctor signup succeeded doctor_id=doctor-1
2026-09-20T17:03:58 INFO     app.routers.auth | Seeded availability row doctor_id=doctor-1
2026-09-20T17:03:58 INFO     app.main | Request complete request_id=485e8346-0cd1-43f4-b610-68933b0ced49 method=POST path=/api/v1/auth/signup/doctor status=201 duration_ms=1.0 client=testclient
2026-09-20T17:03:58 INFO     httpx | HTTP Request: POST http://testserver/api/v1/auth/signup/doctor "HTTP/1.1 201 Created"
2026-09-20T17:03:58 INFO     app.routers.doctors | Clinic upsert requested doctor_id=doctor-1 address=Palakkad, Kerala
2026-09-20T17:03:58 INFO     app.routers.doctors | Clinic upsert using provided coordinates lat=10.786 lng=76.6444
2026-09-20T17:03:58 INFO     app.main | Request complete request_id=52481940-f95f-4d8e-bcb9-ad867a35d793 method=POST path=/api/v1/doctors/me/clinic status=201 duration_ms=0.9 client=testclient
2026-09-20T17:03:58 INFO     httpx | HTTP Request: POST http://testserver/api/v1/doctors/me/clinic "HTTP/1.1 201 Created"
2026-09-20T17:03:58 INFO     app.routers.auth | Doctor signup requested email=drinactive@example.com specialty=General Practitioner
2026-09-20T17:03:58 INFO     app.routers.auth | Doctor signup succeeded doctor_id=doctor-2
2026-09-20T17:03:58 INFO     app.routers.auth | Seeded availability row doctor_id=doctor-2
2026-09-20T17:03:58 INFO     app.main | Request complete request_id=f9b8ab1c-cee5-4da9-a38f-934ea210c8ad method=POST path=/api/v1/auth/signup/doctor status=201 duration_ms=1.0 client=testclient
2026-09-20T17:03:58 INFO     httpx | HTTP Request: POST http://testserver/api/v1/auth/signup/doctor "HTTP/1.1 201 Created"
2026-09-20T17:03:58 INFO     app.routers.doctors | Clinic upsert requested doctor_id=doctor-2 address=Palakkad, Kerala
2026-09-20T17:03:58 INFO     app.routers.doctors | Clinic upsert using provided coordinates lat=10.786 lng=76.6444
2026-09-20T17:03:58 INFO     app.main | Request complete request_id=6c52bdbf-86e5-40f2-aeb7-e2e90ab663d9 method=POST path=/api/v1/doctors/me/clinic status=201 duration_ms=2.1 client=testclient
2026-09-20T17:03:58 INFO     httpx | HTTP Request: POST http://testserver/api/v1/doctors/me/clinic "HTTP/1.1 201 Created"
2026-09-20T17:03:58 INFO     app.routers.search | Doctor search requested specialty=General radius_km=20.0
2026-09-20T17:03:58 INFO     app.routers.search | Doctor search completed result_count=1
2026-09-20T17:03:58 INFO     app.main | Request complete request_id=5cb6fc1d-b427-4b38-8b11-dc6ebfb5ca8b method=GET path=/api/v1/search status=200 duration_ms=2.4 client=testclient
2026-09-20T17:03:58 INFO     httpx | HTTP Request: GET http://testserver/api/v1/search?lat=10.786&lng=76.6444&specialty=General&radius_km=20 "HTTP/1.1 200 OK"
2026-09-20T17:03:58 INFO     app.routers.auth | Doctor signup requested email=drheart@example.com specialty=Cardiologist
2026-09-20T17:03:58 INFO     app.routers.auth | Doctor signup succeeded doctor_id=doctor-1
2026-09-20T17:03:58 INFO     app.routers.auth | Seeded availability row doctor_id=doctor-1
2026-09-20T17:03:58 INFO     app.main | Request complete request_id=9800d714-a9d0-49bc-be2c-2e0ee209f05f method=POST path=/api/v1/auth/signup/doctor status=201 duration_ms=1.7 client=testclient
2026-09-20T17:03:58 INFO     httpx | HTTP Request: POST http://testserver/api/v1/auth/signup/doctor "HTTP/1.1 201 Created"
2026-09-20T17:03:58 INFO     app.routers.doctors | Clinic upsert requested doctor_id=doctor-1 address=Palakkad, Kerala
2026-09-20T17:03:58 INFO     app.routers.doctors | Clinic upsert using provided coordinates lat=10.786 lng=76.6444
2026-09-20T17:03:58 INFO     app.main | Request complete request_id=11c0969e-6313-46fe-ac55-a3e2c1d3691e method=POST path=/api/v1/doctors/me/clinic status=201 duration_ms=1.4 client=testclient
2026-09-20T17:03:58 INFO     httpx | HTTP Request: POST http://testserver/api/v1/doctors/me/clinic "HTTP/1.1 201 Created"
2026-09-20T17:03:58 INFO     app.routers.auth | Doctor signup requested email=drgeneral@example.com specialty=General Practitioner
2026-09-20T17:03:58 INFO     app.routers.auth | Doctor signup succeeded doctor_id=doctor-2
2026-09-20T17:03:58 INFO     app.routers.auth | Seeded availability row doctor_id=doctor-2
2026-09-20T17:03:58 INFO     app.main | Request complete request_id=75ffdeb1-cbe8-45ed-b4cd-e04729387193 method=POST path=/api/v1/auth/signup/doctor status=201 duration_ms=1.6 client=testclient
2026-09-20T17:03:58 INFO     httpx | HTTP Request: POST http://testserver/api/v1/auth/signup/doctor "HTTP/1.1 201 Created"
2026-09-20T17:03:58 INFO     app.routers.doctors | Clinic upsert requested doctor_id=doctor-2 address=Palakkad, Kerala
2026-09-20T17:03:58 INFO     app.routers.doctors | Clinic upsert using provided coordinates lat=10.786 lng=76.6444
2026-09-20T17:03:58 INFO     app.main | Request complete request_id=4eb6a1c2-98ad-4afe-990e-c0e2597b829a method=POST path=/api/v1/doctors/me/clinic status=201 duration_ms=1.0 client=testclient
2026-09-20T17:03:58 INFO     httpx | HTTP Request: POST http://testserver/api/v1/doctors/me/clinic "HTTP/1.1 201 Created"
2026-09-20T17:03:58 INFO     app.routers.doctors | Availability update requested doctor_id=doctor-2 available=True
2026-09-20T17:03:58 INFO     app.main | Request complete request_id=9423c0a5-c39e-4bfb-b9ce-1274058bf042 method=PUT path=/api/v1/doctors/me/availability status=200 duration_ms=1.0 client=testclient
2026-09-20T17:03:58 INFO     httpx | HTTP Request: PUT http://testserver/api/v1/doctors/me/availability "HTTP/1.1 200 OK"
2026-09-20T17:03:58 INFO     app.routers.search | Doctor search requested specialty=Cardio radius_km=20.0
2026-09-20T17:03:58 INFO     app.routers.search | Doctor search completed result_count=1
2026-09-20T17:03:58 INFO     app.main | Request complete request_id=c86fcbf7-845b-4527-8a2e-c0dc93beb7ed method=GET path=/api/v1/search status=200 duration_ms=1.3 client=testclient
2026-09-20T17:03:58 INFO     httpx | HTTP Request: GET http://testserver/api/v1/search?lat=10.786&lng=76.6444&specialty=Cardio&radius_km=20 "HTTP/1.1 200 OK"
2026-09-20T17:03:58 INFO     app.routers.auth | Doctor signup requested email=drpending@example.com specialty=General Practitioner
2026-09-20T17:03:58 INFO     app.routers.auth | Doctor signup succeeded doctor_id=doctor-1
2026-09-20T17:03:58 INFO     app.routers.auth | Seeded availability row doctor_id=doctor-1
2026-09-20T17:03:58 INFO     app.main | Request complete request_id=b0405fa9-a5c2-4d9f-b5e8-fb4548d5d0a1 method=POST path=/api/v1/auth/signup/doctor status=201 duration_ms=1.1 client=testclient
2026-09-20T17:03:58 INFO     httpx | HTTP Request: POST http://testserver/api/v1/auth/signup/doctor "HTTP/1.1 201 Created"
2026-09-20T17:03:58 INFO     app.routers.doctors | Clinic upsert requested doctor_id=doctor-1 address=Palakkad, Kerala
2026-09-20T17:03:58 INFO     app.routers.doctors | Clinic upsert using provided coordinates lat=10.786 lng=76.6444
2026-09-20T17:03:58 INFO     app.main | Request complete request_id=fddfd5ee-b814-4312-9808-4400429bd08a method=POST path=/api/v1/doctors/me/clinic status=201 duration_ms=1.3 client=testclient
2026-09-20T17:03:58 INFO     httpx | HTTP Request: POST http://testserver/api/v1/doctors/me/clinic "HTTP/1.1 201 Created"
2026-09-20T17:03:58 INFO     app.routers.doctors | Availability update requested doctor_id=doctor-1 available=True
2026-09-20T17:03:58 WARNING  app.main | Request complete request_id=06f77391-cf3a-4487-bb2a-a2db0e30488d method=PUT path=/api/v1/doctors/me/availability status=409 duration_ms=1.2 client=testclient
2026-09-20T17:03:58 INFO     httpx | HTTP Request: PUT http://testserver/api/v1/doctors/me/availability "HTTP/1.1 409 Conflict"
2026-09-20T17:03:58 INFO     app.routers.auth | Doctor signup requested email=drschedule@example.com specialty=General Practitioner
2026-09-20T17:03:58 INFO     app.routers.auth | Doctor signup succeeded doctor_id=doctor-1
2026-09-20T17:03:58 INFO     app.routers.auth | Seeded availability row doctor_id=doctor-1
2026-09-20T17:03:58 INFO     app.main | Request complete request_id=e5bd18bc-81c5-4913-8844-ad321ed785d9 method=POST path=/api/v1/auth/signup/doctor status=201 duration_ms=1.5 client=testclient
2026-09-20T17:03:58 INFO     httpx | HTTP Request: POST http://testserver/api/v1/auth/signup/doctor "HTTP/1.1 201 Created"
2026-09-20T17:03:58 INFO     app.routers.doctors | Clinic upsert requested doctor_id=doctor-1 address=Palakkad, Kerala
2026-09-20T17:03:58 INFO     app.routers.doctors | Clinic upsert using provided coordinates lat=10.786 lng=76.6444
2026-09-20T17:03:58 INFO     app.main | Request complete request_id=1e130ea1-e0ad-4d3b-b64d-8fd7fd0edba1 method=POST path=/api/v1/doctors/me/clinic status=201 duration_ms=1.2 client=testclient
2026-09-20T17:03:58 INFO     httpx | HTTP Request: POST http://testserver/api/v1/doctors/me/clinic "HTTP/1.1 201 Created"
2026-09-20T17:03:58 INFO     app.routers.doctors | Doctor profile requested doctor_id=doctor-1
2026-09-20T17:03:58 INFO     app.main | Request complete request_id=e42c7267-6542-4a93-838d-a56f9888011b method=GET path=/api/v1/doctors/me status=200 duration_ms=1.6 client=testclient
2026-09-20T17:03:58 INFO     httpx | HTTP Request: GET http://testserver/api/v1/doctors/me "HTTP/1.1 200 OK"
2026-09-20T17:03:58 WARNING  app.main | Request complete request_id=c4de0eaf-af0b-4410-9327-a2fb4739d6e7 method=POST path=/api/v1/doctors/me/clinic status=422 duration_ms=1.1 client=testclient
2026-09-20T17:03:58 INFO     httpx | HTTP Request: POST http://testserver/api/v1/doctors/me/clinic "HTTP/1.1 422 Unprocessable Entity"
2026-09-20T17:03:58 INFO     app.routers.auth | Doctor signup requested email=drnormalized@example.com specialty=General Practitioner
2026-09-20T17:03:58 INFO     app.routers.auth | Doctor signup succeeded doctor_id=doctor-1
2026-09-20T17:03:58 INFO     app.routers.auth | Seeded availability row doctor_id=doctor-1
2026-09-20T17:03:58 INFO     app.main | Request complete request_id=cffb007b-78cd-45d8-8307-aa31e4cae024 method=POST path=/api/v1/auth/signup/doctor status=201 duration_ms=1.3 client=testclient
2026-09-20T17:03:58 INFO     httpx | HTTP Request: POST http://testserver/api/v1/auth/signup/doctor "HTTP/1.1 201 Created"
2026-09-20T17:03:58 INFO     app.routers.doctors | Clinic upsert requested doctor_id=doctor-1 address=Palakkad, Kerala
2026-09-20T17:03:58 INFO     app.routers.doctors | Clinic upsert using provided coordinates lat=10.786 lng=76.6444
2026-09-20T17:03:58 INFO     app.main | Request complete request_id=de223e7a-e276-4f36-a18d-0425c10085c0 method=POST path=/api/v1/doctors/me/clinic status=201 duration_ms=35.9 client=testclient
2026-09-20T17:03:58 INFO     httpx | HTTP Request: POST http://testserver/api/v1/doctors/me/clinic "HTTP/1.1 201 Created"
2026-09-20T17:03:58 INFO     app.routers.search | Doctor search requested specialty=general Practitioner radius_km=20.0
2026-09-20T17:03:58 INFO     app.routers.search | Doctor search completed result_count=1
2026-09-20T17:03:58 INFO     app.main | Request complete request_id=5711d457-5387-4979-befc-47a5239066b9 method=GET path=/api/v1/search status=200 duration_ms=2.3 client=testclient
2026-09-20T17:03:58 INFO     httpx | HTTP Request: GET http://testserver/api/v1/search?lat=10.786&lng=76.6444&specialty=%20%20%20general%20%20%20Practitioner%20%20%20&radius_km=20 "HTTP/1.1 200 OK"
2026-09-20T17:03:58 WARNING  app.main | Request complete request_id=d31312e1-ae8b-445f-ab5c-12167b3a4d21 method=GET path=/api/v1/search status=422 duration_ms=0.7 client=testclient
2026-09-20T17:03:58 INFO     httpx | HTTP Request: GET http://testserver/api/v1/search?lat=91&lng=0 "HTTP/1.1 422 Unprocessable Entity"
2026-09-20T17:03:58 WARNING  app.main | Request complete request_id=77cd4a06-6f64-4430-a56d-97451fe6886f method=GET path=/api/v1/search status=422 duration_ms=0.6 client=testclient
2026-09-20T17:03:58 INFO     httpx | HTTP Request: GET http://testserver/api/v1/search?lat=-91&lng=0 "HTTP/1.1 422 Unprocessable Entity"
2026-09-20T17:03:58 WARNING  app.main | Request complete request_id=2338c207-43d8-4511-94ad-3a116a7a800b method=GET path=/api/v1/search status=422 duration_ms=0.6 client=testclient
2026-09-20T17:03:58 INFO     httpx | HTTP Request: GET http://testserver/api/v1/search?lat=0&lng=181 "HTTP/1.1 422 Unprocessable Entity"
2026-09-20T17:03:58 WARNING  app.main | Request complete request_id=b1e34894-606f-469e-842f-591eb632e70f method=GET path=/api/v1/search status=422 duration_ms=0.4 client=testclient
2026-09-20T17:03:58 INFO     httpx | HTTP Request: GET http://testserver/api/v1/search?lat=0&lng=-181 "HTTP/1.1 422 Unprocessable Entity"
2026-09-20T17:03:58 WARNING  app.main | Request complete request_id=7b98e352-11f5-4b2b-ac3f-adc44f96ee5d method=GET path=/api/v1/search status=422 duration_ms=0.4 client=testclient
2026-09-20T17:03:58 INFO     httpx | HTTP Request: GET http://testserver/api/v1/search?lat=NaN&lng=0 "HTTP/1.1 422 Unprocessable Entity"
2026-09-20T17:03:58 WARNING  app.main | Request complete request_id=37222de7-ef50-46f6-b587-08092022826c method=GET path=/api/v1/search status=422 duration_ms=0.6 client=testclient
2026-09-20T17:03:58 INFO     httpx | HTTP Request: GET http://testserver/api/v1/search?lat=0&lng=inf "HTTP/1.1 422 Unprocessable Entity"
2026-09-20T17:03:58 INFO     app.routers.search | Doctor search requested specialty=all radius_km=10.0
2026-09-20T17:03:58 WARNING  app.routers.search | Search store unavailable error_type=ConnectError
2026-09-20T17:03:58 WARNING  app.main | Request complete request_id=76147d57-1e27-4df2-8007-8fb6c940da3b method=GET path=/api/v1/search status=503 duration_ms=1.4 client=testclient
2026-09-20T17:03:58 INFO     httpx | HTTP Request: GET http://testserver/api/v1/search?lat=10&lng=76 "HTTP/1.1 503 Service Unavailable"
2026-09-20T17:03:58 INFO     app.routers.search | Doctor search requested specialty=all radius_km=10.0
2026-09-20T17:03:58 INFO     app.routers.search | Doctor search completed result_count=0
2026-09-20T17:03:58 INFO     app.main | Request complete request_id=100318e5-7a9b-474b-8ec0-dbc3a2d02b2f method=GET path=/api/v1/search status=200 duration_ms=2.6 client=127.0.0.1
2026-09-20T17:03:58 INFO     httpx | HTTP Request: GET http://fixture/api/v1/search?lat=10&lng=76 "HTTP/1.1 200 OK"
2026-09-20T17:03:58 INFO     app.services.supabase_store | Supabase search doctors specialty=  General   Practitioner   radius_km=10.0
2026-09-20T17:03:59 INFO     app.services.supabase_store | Supabase search doctors specialty=all radius_km=10
2026-09-20T17:03:59 INFO     httpx | HTTP Request: GET https://fixture.invalid/doctors?select=id%2Cname%2Cspecialty%2Cconsult_fee%2Clicense_verified%2Cclinics%21inner%28id%2Cdoctor_id%2Cname%2Caddress%2Clat%2Clng%2Copening_hours%2Cphone%29%2Cavailability%28available%29&license_verified=eq.True&clinics.lat=gte.9.910067839408127&clinics.lat=lte.10.089932160591873&order=id&offset=0&limit=200&clinics.lng=gte.75.9086804897048&clinics.lng=lte.76.0913195102952 "HTTP/1.1 200 OK"
2026-09-20T17:03:59 INFO     app.services.supabase_store | Supabase search doctors completed result_count=1
2026-09-20T17:03:59 INFO     app.services.supabase_store | Supabase search doctors specialty=all radius_km=10.0
2026-09-20T17:03:59 INFO     httpx | HTTP Request: GET https://fixture.invalid/doctors?select=id%2Cname%2Cspecialty%2Cconsult_fee%2Clicense_verified%2Cclinics%21inner%28id%2Cdoctor_id%2Cname%2Caddress%2Clat%2Clng%2Copening_hours%2Cphone%29%2Cavailability%28available%29&license_verified=eq.True&clinics.lat=gte.9.910067839408127&clinics.lat=lte.10.089932160591873&order=id&offset=0&limit=200&clinics.lng=gte.75.9086804897048&clinics.lng=lte.76.0913195102952 "HTTP/1.1 200 OK"
2026-09-20T17:03:59 INFO     app.services.supabase_store | Supabase search doctors completed result_count=3
2026-09-20T17:03:59 INFO     app.services.supabase_store | Supabase search doctors specialty=all radius_km=10.0
2026-09-20T17:03:59 INFO     httpx | HTTP Request: GET https://fixture.invalid/doctors?select=id%2Cname%2Cspecialty%2Cconsult_fee%2Clicense_verified%2Cclinics%21inner%28id%2Cdoctor_id%2Cname%2Caddress%2Clat%2Clng%2Copening_hours%2Cphone%29%2Cavailability%28available%29&license_verified=eq.True&clinics.lat=gte.9.910067839408127&clinics.lat=lte.10.089932160591873&order=id&offset=0&limit=200&clinics.lng=gte.75.9086804897048&clinics.lng=lte.76.0913195102952 "HTTP/1.1 200 OK"
2026-09-20T17:03:59 INFO     app.services.supabase_store | Supabase search doctors completed result_count=3
2026-09-20T17:03:59 INFO     app.services.supabase_store | Supabase search doctors specialty=all radius_km=10.0
2026-09-20T17:03:59 INFO     httpx | HTTP Request: GET https://fixture.invalid/doctors?select=id%2Cname%2Cspecialty%2Cconsult_fee%2Clicense_verified%2Cclinics%21inner%28id%2Cdoctor_id%2Cname%2Caddress%2Clat%2Clng%2Copening_hours%2Cphone%29%2Cavailability%28available%29&license_verified=eq.True&clinics.lat=gte.9.910067839408127&clinics.lat=lte.10.089932160591873&order=id&offset=0&limit=200&clinics.lng=gte.75.9086804897048&clinics.lng=lte.76.0913195102952 "HTTP/1.1 200 OK"
2026-09-20T17:03:59 INFO     httpx | HTTP Request: GET https://fixture.invalid/doctors?select=id%2Cname%2Cspecialty%2Cconsult_fee%2Clicense_verified%2Cclinics%21inner%28id%2Cdoctor_id%2Cname%2Caddress%2Clat%2Clng%2Copening_hours%2Cphone%29%2Cavailability%28available%29&license_verified=eq.True&clinics.lat=gte.9.910067839408127&clinics.lat=lte.10.089932160591873&order=id&offset=200&limit=200&clinics.lng=gte.75.9086804897048&clinics.lng=lte.76.0913195102952 "HTTP/1.1 200 OK"
2026-09-20T17:03:59 INFO     app.services.supabase_store | Supabase search doctors completed result_count=205
2026-09-20T17:03:59 INFO     app.services.supabase_store | Supabase search doctors specialty=all radius_km=10.0
2026-09-20T17:03:59 INFO     httpx | HTTP Request: GET https://fixture.invalid/doctors?select=id%2Cname%2Cspecialty%2Cconsult_fee%2Clicense_verified%2Cclinics%21inner%28id%2Cdoctor_id%2Cname%2Caddress%2Clat%2Clng%2Copening_hours%2Cphone%29%2Cavailability%28available%29&license_verified=eq.True&clinics.lat=gte.-0.08993216059187306&clinics.lat=lte.0.08993216059187306&order=id&offset=0&limit=200&clinics.or=%28lng.gte.179.90006783940817%2Clng.lte.-179.92006783940815%29 "HTTP/1.1 200 OK"
2026-09-20T17:03:59 INFO     app.services.supabase_store | Supabase search doctors completed result_count=0
2026-09-20T17:03:59 INFO     app.services.supabase_store | Supabase search doctors specialty=all radius_km=10.0
2026-09-20T17:03:59 INFO     httpx | HTTP Request: GET https://fixture.invalid/doctors?select=id%2Cname%2Cspecialty%2Cconsult_fee%2Clicense_verified%2Cclinics%21inner%28id%2Cdoctor_id%2Cname%2Caddress%2Clat%2Clng%2Copening_hours%2Cphone%29%2Cavailability%28available%29&license_verified=eq.True&clinics.lat=gte.89.91006783940813&clinics.lat=lte.90.0&order=id&offset=0&limit=200 "HTTP/1.1 200 OK"
2026-09-20T17:03:59 INFO     app.services.supabase_store | Supabase search doctors completed result_count=0
2026-09-20T17:03:59 INFO     app.services.supabase_store | Supabase search doctors specialty=50%_care radius_km=10.0
2026-09-20T17:03:59 INFO     httpx | HTTP Request: GET https://fixture.invalid/doctors?select=id%2Cname%2Cspecialty%2Cconsult_fee%2Clicense_verified%2Cclinics%21inner%28id%2Cdoctor_id%2Cname%2Caddress%2Clat%2Clng%2Copening_hours%2Cphone%29%2Cavailability%28available%29&license_verified=eq.True&clinics.lat=gte.9.910067839408127&clinics.lat=lte.10.089932160591873&order=id&offset=0&limit=200&clinics.lng=gte.75.9086804897048&clinics.lng=lte.76.0913195102952&specialty=ilike.%2550%5C%25%5C_care%25 "HTTP/1.1 200 OK"
2026-09-20T17:03:59 INFO     app.services.supabase_store | Supabase search doctors completed result_count=0
2026-09-20T17:05:25 INFO     app.routers.auth | Doctor signup requested email=dr@example.com specialty=General Practitioner
2026-09-20T17:05:25 INFO     app.routers.auth | Doctor signup succeeded doctor_id=doctor-1
2026-09-20T17:05:25 INFO     app.routers.auth | Seeded availability row doctor_id=doctor-1
2026-09-20T17:05:25 INFO     app.main | Request complete request_id=39fdf42b-a8ff-4c8a-adaf-ea731b27c20e method=POST path=/api/v1/auth/signup/doctor status=201 duration_ms=17.3 client=testclient
2026-09-20T17:05:25 INFO     httpx | HTTP Request: POST http://testserver/api/v1/auth/signup/doctor "HTTP/1.1 201 Created"
2026-09-20T17:05:25 INFO     app.routers.doctors | Doctor profile requested doctor_id=doctor-1
2026-09-20T17:05:25 INFO     app.main | Request complete request_id=6ff708fe-3af9-4ef6-82a5-7f932cbc84de method=GET path=/api/v1/doctors/me status=200 duration_ms=3.1 client=testclient
2026-09-20T17:05:25 INFO     httpx | HTTP Request: GET http://testserver/api/v1/doctors/me "HTTP/1.1 200 OK"
2026-09-20T17:05:25 INFO     app.routers.auth | Doctor signup requested email=dr2@example.com specialty=Pediatrician
2026-09-20T17:05:25 INFO     app.routers.auth | Doctor signup succeeded doctor_id=doctor-1
2026-09-20T17:05:25 INFO     app.routers.auth | Seeded availability row doctor_id=doctor-1
2026-09-20T17:05:25 INFO     app.main | Request complete request_id=68f5247a-5e71-4c34-a4ec-38e615dc2625 method=POST path=/api/v1/auth/signup/doctor status=201 duration_ms=1.9 client=testclient
2026-09-20T17:05:25 INFO     httpx | HTTP Request: POST http://testserver/api/v1/auth/signup/doctor "HTTP/1.1 201 Created"
2026-09-20T17:05:25 INFO     app.routers.auth | Doctor login requested email=dr2@example.com
2026-09-20T17:05:25 INFO     app.routers.auth | Doctor login succeeded doctor_id=doctor-1
2026-09-20T17:05:25 INFO     app.main | Request complete request_id=3cd5acf0-6938-4323-b91b-cffcaa90b29b method=POST path=/api/v1/auth/login status=200 duration_ms=4.5 client=testclient
2026-09-20T17:05:25 INFO     httpx | HTTP Request: POST http://testserver/api/v1/auth/login "HTTP/1.1 200 OK"
2026-09-20T17:05:25 INFO     app.routers.auth | Doctor signup requested email=editable@example.com specialty=Pediatrician
2026-09-20T17:05:25 INFO     app.routers.auth | Doctor signup succeeded doctor_id=doctor-1
2026-09-20T17:05:25 INFO     app.routers.auth | Seeded availability row doctor_id=doctor-1
2026-09-20T17:05:25 INFO     app.routers.auth | Seeded clinic stub doctor_id=doctor-1
2026-09-20T17:05:25 INFO     app.main | Request complete request_id=3d0ba51c-a3ae-4045-ac57-6b49651952de method=POST path=/api/v1/auth/signup/doctor status=201 duration_ms=3.0 client=testclient
2026-09-20T17:05:25 INFO     httpx | HTTP Request: POST http://testserver/api/v1/auth/signup/doctor "HTTP/1.1 201 Created"
2026-09-20T17:05:25 INFO     app.routers.doctors | Doctor profile requested doctor_id=doctor-1
2026-09-20T17:05:25 INFO     app.main | Request complete request_id=6de0cc42-9236-4365-9145-09b2b4841a03 method=GET path=/api/v1/doctors/me status=200 duration_ms=1.8 client=testclient
2026-09-20T17:05:25 INFO     httpx | HTTP Request: GET http://testserver/api/v1/doctors/me "HTTP/1.1 200 OK"
2026-09-20T17:05:25 INFO     app.routers.doctors | Doctor profile update requested doctor_id=doctor-1 fields=['bio', 'consult_fee', 'languages', 'name']
2026-09-20T17:05:25 INFO     app.main | Request complete request_id=4713992e-c266-478c-ac0e-92ffe7cf351c method=PUT path=/api/v1/doctors/me status=200 duration_ms=5.9 client=testclient
2026-09-20T17:05:25 INFO     httpx | HTTP Request: PUT http://testserver/api/v1/doctors/me "HTTP/1.1 200 OK"
2026-09-20T17:05:25 INFO     app.routers.doctors | Doctor profile requested doctor_id=doctor-1
2026-09-20T17:05:25 INFO     app.main | Request complete request_id=6b2a1d3a-7031-4b91-bbc8-6188ad1150f5 method=GET path=/api/v1/doctors/me status=200 duration_ms=1.0 client=testclient
2026-09-20T17:05:25 INFO     httpx | HTTP Request: GET http://testserver/api/v1/doctors/me "HTTP/1.1 200 OK"
2026-09-20T17:05:26 INFO     app.routers.auth | Doctor signup requested email=drlive@example.com specialty=General Practitioner
2026-09-20T17:05:26 INFO     app.routers.auth | Doctor signup succeeded doctor_id=doctor-1
2026-09-20T17:05:26 INFO     app.routers.auth | Seeded availability row doctor_id=doctor-1
2026-09-20T17:05:26 INFO     app.main | Request complete request_id=9189a59d-e3fb-4c40-b00e-1e12bc3c9646 method=POST path=/api/v1/auth/signup/doctor status=201 duration_ms=1.2 client=testclient
2026-09-20T17:05:26 INFO     httpx | HTTP Request: POST http://testserver/api/v1/auth/signup/doctor "HTTP/1.1 201 Created"
2026-09-20T17:05:26 INFO     app.routers.doctors | Clinic upsert requested doctor_id=doctor-1 address=Palakkad, Kerala
2026-09-20T17:05:26 INFO     app.routers.doctors | Clinic upsert using provided coordinates lat=10.786 lng=76.6444
2026-09-20T17:05:26 INFO     app.main | Request complete request_id=4bdf7446-a4a4-4940-9a6f-81e67dbccb64 method=POST path=/api/v1/doctors/me/clinic status=201 duration_ms=8.9 client=testclient
2026-09-20T17:05:26 INFO     httpx | HTTP Request: POST http://testserver/api/v1/doctors/me/clinic "HTTP/1.1 201 Created"
2026-09-20T17:05:26 INFO     app.routers.doctors | Availability update requested doctor_id=doctor-1 available=True
2026-09-20T17:05:26 INFO     app.main | Request complete request_id=96434fe2-5853-4433-a728-7f8578117cad method=PUT path=/api/v1/doctors/me/availability status=200 duration_ms=2.0 client=testclient
2026-09-20T17:05:26 INFO     httpx | HTTP Request: PUT http://testserver/api/v1/doctors/me/availability "HTTP/1.1 200 OK"
2026-09-20T17:05:26 INFO     app.routers.auth | Doctor signup requested email=droffline@example.com specialty=General Practitioner
2026-09-20T17:05:26 INFO     app.routers.auth | Doctor signup succeeded doctor_id=doctor-2
2026-09-20T17:05:26 INFO     app.routers.auth | Seeded availability row doctor_id=doctor-2
2026-09-20T17:05:26 INFO     app.main | Request complete request_id=3b06ac29-f866-430d-ab79-35ee4df7ebaa method=POST path=/api/v1/auth/signup/doctor status=201 duration_ms=1.2 client=testclient
2026-09-20T17:05:26 INFO     httpx | HTTP Request: POST http://testserver/api/v1/auth/signup/doctor "HTTP/1.1 201 Created"
2026-09-20T17:05:26 INFO     app.routers.doctors | Clinic upsert requested doctor_id=doctor-2 address=Palakkad, Kerala
2026-09-20T17:05:26 INFO     app.routers.doctors | Clinic upsert using provided coordinates lat=10.786 lng=76.6444
2026-09-20T17:05:26 INFO     app.main | Request complete request_id=7244912e-bef3-43c2-9f12-700cfb258e55 method=POST path=/api/v1/doctors/me/clinic status=201 duration_ms=1.2 client=testclient
2026-09-20T17:05:26 INFO     httpx | HTTP Request: POST http://testserver/api/v1/doctors/me/clinic "HTTP/1.1 201 Created"
2026-09-20T17:05:26 INFO     app.routers.search | Doctor search requested specialty=General radius_km=20.0
2026-09-20T17:05:26 INFO     app.routers.search | Doctor search completed result_count=2
2026-09-20T17:05:26 INFO     app.main | Request complete request_id=ffd23a60-90dd-4888-8d97-fd0470dbc30e method=GET path=/api/v1/search status=200 duration_ms=3.2 client=testclient
2026-09-20T17:05:26 INFO     httpx | HTTP Request: GET http://testserver/api/v1/search?lat=10.786&lng=76.6444&specialty=General&radius_km=20 "HTTP/1.1 200 OK"
2026-09-20T17:05:26 INFO     app.routers.auth | Doctor signup requested email=dractive@example.com specialty=General Practitioner
2026-09-20T17:05:26 INFO     app.routers.auth | Doctor signup succeeded doctor_id=doctor-1
2026-09-20T17:05:26 INFO     app.routers.auth | Seeded availability row doctor_id=doctor-1
2026-09-20T17:05:26 INFO     app.main | Request complete request_id=5359542b-4494-48c6-a00f-ce3e125dd77f method=POST path=/api/v1/auth/signup/doctor status=201 duration_ms=1.5 client=testclient
2026-09-20T17:05:26 INFO     httpx | HTTP Request: POST http://testserver/api/v1/auth/signup/doctor "HTTP/1.1 201 Created"
2026-09-20T17:05:26 INFO     app.routers.doctors | Clinic upsert requested doctor_id=doctor-1 address=Palakkad, Kerala
2026-09-20T17:05:26 INFO     app.routers.doctors | Clinic upsert using provided coordinates lat=10.786 lng=76.6444
2026-09-20T17:05:26 INFO     app.main | Request complete request_id=be2f139a-6cfd-4834-be09-28767cc29f7c method=POST path=/api/v1/doctors/me/clinic status=201 duration_ms=4.2 client=testclient
2026-09-20T17:05:26 INFO     httpx | HTTP Request: POST http://testserver/api/v1/doctors/me/clinic "HTTP/1.1 201 Created"
2026-09-20T17:05:26 INFO     app.routers.auth | Doctor signup requested email=drinactive@example.com specialty=General Practitioner
2026-09-20T17:05:26 INFO     app.routers.auth | Doctor signup succeeded doctor_id=doctor-2
2026-09-20T17:05:26 INFO     app.routers.auth | Seeded availability row doctor_id=doctor-2
2026-09-20T17:05:26 INFO     app.main | Request complete request_id=b1ec3787-03fb-42b6-9259-b1d233127bef method=POST path=/api/v1/auth/signup/doctor status=201 duration_ms=2.0 client=testclient
2026-09-20T17:05:26 INFO     httpx | HTTP Request: POST http://testserver/api/v1/auth/signup/doctor "HTTP/1.1 201 Created"
2026-09-20T17:05:26 INFO     app.routers.doctors | Clinic upsert requested doctor_id=doctor-2 address=Palakkad, Kerala
2026-09-20T17:05:26 INFO     app.routers.doctors | Clinic upsert using provided coordinates lat=10.786 lng=76.6444
2026-09-20T17:05:26 INFO     app.main | Request complete request_id=e39db44a-5689-448f-af25-0f05be72e7be method=POST path=/api/v1/doctors/me/clinic status=201 duration_ms=1.4 client=testclient
2026-09-20T17:05:26 INFO     httpx | HTTP Request: POST http://testserver/api/v1/doctors/me/clinic "HTTP/1.1 201 Created"
2026-09-20T17:05:26 INFO     app.routers.search | Doctor search requested specialty=General radius_km=20.0
2026-09-20T17:05:26 INFO     app.routers.search | Doctor search completed result_count=1
2026-09-20T17:05:26 INFO     app.main | Request complete request_id=ee62f22a-7d9a-419e-a4ed-2523be1e4af2 method=GET path=/api/v1/search status=200 duration_ms=5.8 client=testclient
2026-09-20T17:05:26 INFO     httpx | HTTP Request: GET http://testserver/api/v1/search?lat=10.786&lng=76.6444&specialty=General&radius_km=20 "HTTP/1.1 200 OK"
2026-09-20T17:05:26 INFO     app.routers.auth | Doctor signup requested email=drheart@example.com specialty=Cardiologist
2026-09-20T17:05:26 INFO     app.routers.auth | Doctor signup succeeded doctor_id=doctor-1
2026-09-20T17:05:26 INFO     app.routers.auth | Seeded availability row doctor_id=doctor-1
2026-09-20T17:05:26 INFO     app.main | Request complete request_id=0ce04aa4-8b4d-4999-8be8-f601190942de method=POST path=/api/v1/auth/signup/doctor status=201 duration_ms=3.0 client=testclient
2026-09-20T17:05:26 INFO     httpx | HTTP Request: POST http://testserver/api/v1/auth/signup/doctor "HTTP/1.1 201 Created"
2026-09-20T17:05:26 INFO     app.routers.doctors | Clinic upsert requested doctor_id=doctor-1 address=Palakkad, Kerala
2026-09-20T17:05:26 INFO     app.routers.doctors | Clinic upsert using provided coordinates lat=10.786 lng=76.6444
2026-09-20T17:05:26 INFO     app.main | Request complete request_id=796c396e-71b1-4513-a324-b3b2f2507790 method=POST path=/api/v1/doctors/me/clinic status=201 duration_ms=1.9 client=testclient
2026-09-20T17:05:26 INFO     httpx | HTTP Request: POST http://testserver/api/v1/doctors/me/clinic "HTTP/1.1 201 Created"
2026-09-20T17:05:26 INFO     app.routers.auth | Doctor signup requested email=drgeneral@example.com specialty=General Practitioner
2026-09-20T17:05:26 INFO     app.routers.auth | Doctor signup succeeded doctor_id=doctor-2
2026-09-20T17:05:26 INFO     app.routers.auth | Seeded availability row doctor_id=doctor-2
2026-09-20T17:05:26 INFO     app.main | Request complete request_id=27348387-7f78-40df-b37c-49d8ad25508d method=POST path=/api/v1/auth/signup/doctor status=201 duration_ms=3.0 client=testclient
2026-09-20T17:05:26 INFO     httpx | HTTP Request: POST http://testserver/api/v1/auth/signup/doctor "HTTP/1.1 201 Created"
2026-09-20T17:05:26 INFO     app.routers.doctors | Clinic upsert requested doctor_id=doctor-2 address=Palakkad, Kerala
2026-09-20T17:05:26 INFO     app.routers.doctors | Clinic upsert using provided coordinates lat=10.786 lng=76.6444
2026-09-20T17:05:26 INFO     app.main | Request complete request_id=f75b1aee-68da-4445-8b4e-8b3832d62cdf method=POST path=/api/v1/doctors/me/clinic status=201 duration_ms=1.7 client=testclient
2026-09-20T17:05:26 INFO     httpx | HTTP Request: POST http://testserver/api/v1/doctors/me/clinic "HTTP/1.1 201 Created"
2026-09-20T17:05:26 INFO     app.routers.doctors | Availability update requested doctor_id=doctor-2 available=True
2026-09-20T17:05:26 INFO     app.main | Request complete request_id=dfafa235-b269-49e9-a3c0-68fcb84beff0 method=PUT path=/api/v1/doctors/me/availability status=200 duration_ms=0.9 client=testclient
2026-09-20T17:05:26 INFO     httpx | HTTP Request: PUT http://testserver/api/v1/doctors/me/availability "HTTP/1.1 200 OK"
2026-09-20T17:05:26 INFO     app.routers.search | Doctor search requested specialty=Cardio radius_km=20.0
2026-09-20T17:05:26 INFO     app.routers.search | Doctor search completed result_count=1
2026-09-20T17:05:26 INFO     app.main | Request complete request_id=fd31cd28-6d6c-4335-8c11-00350afe03b3 method=GET path=/api/v1/search status=200 duration_ms=4.0 client=testclient
2026-09-20T17:05:26 INFO     httpx | HTTP Request: GET http://testserver/api/v1/search?lat=10.786&lng=76.6444&specialty=Cardio&radius_km=20 "HTTP/1.1 200 OK"
2026-09-20T17:05:26 INFO     app.routers.auth | Doctor signup requested email=drpending@example.com specialty=General Practitioner
2026-09-20T17:05:26 INFO     app.routers.auth | Doctor signup succeeded doctor_id=doctor-1
2026-09-20T17:05:26 INFO     app.routers.auth | Seeded availability row doctor_id=doctor-1
2026-09-20T17:05:26 INFO     app.main | Request complete request_id=5df32335-7b93-4f9b-b02f-3222b4e4f5a6 method=POST path=/api/v1/auth/signup/doctor status=201 duration_ms=2.6 client=testclient
2026-09-20T17:05:26 INFO     httpx | HTTP Request: POST http://testserver/api/v1/auth/signup/doctor "HTTP/1.1 201 Created"
2026-09-20T17:05:26 INFO     app.routers.doctors | Clinic upsert requested doctor_id=doctor-1 address=Palakkad, Kerala
2026-09-20T17:05:26 INFO     app.routers.doctors | Clinic upsert using provided coordinates lat=10.786 lng=76.6444
2026-09-20T17:05:26 INFO     app.main | Request complete request_id=91dfe338-d69c-469a-a43a-5abc61e84908 method=POST path=/api/v1/doctors/me/clinic status=201 duration_ms=2.0 client=testclient
2026-09-20T17:05:26 INFO     httpx | HTTP Request: POST http://testserver/api/v1/doctors/me/clinic "HTTP/1.1 201 Created"
2026-09-20T17:05:26 INFO     app.routers.doctors | Availability update requested doctor_id=doctor-1 available=True
2026-09-20T17:05:26 WARNING  app.main | Request complete request_id=b399745c-1f91-4f57-8c28-1e5c616d1fe1 method=PUT path=/api/v1/doctors/me/availability status=409 duration_ms=1.8 client=testclient
2026-09-20T17:05:26 INFO     httpx | HTTP Request: PUT http://testserver/api/v1/doctors/me/availability "HTTP/1.1 409 Conflict"
2026-09-20T17:05:26 INFO     app.routers.auth | Doctor signup requested email=drschedule@example.com specialty=General Practitioner
2026-09-20T17:05:26 INFO     app.routers.auth | Doctor signup succeeded doctor_id=doctor-1
2026-09-20T17:05:26 INFO     app.routers.auth | Seeded availability row doctor_id=doctor-1
2026-09-20T17:05:26 INFO     app.main | Request complete request_id=f88e2c51-4e1b-4a91-91c0-550ea489bc30 method=POST path=/api/v1/auth/signup/doctor status=201 duration_ms=1.8 client=testclient
2026-09-20T17:05:26 INFO     httpx | HTTP Request: POST http://testserver/api/v1/auth/signup/doctor "HTTP/1.1 201 Created"
2026-09-20T17:05:26 INFO     app.routers.doctors | Clinic upsert requested doctor_id=doctor-1 address=Palakkad, Kerala
2026-09-20T17:05:26 INFO     app.routers.doctors | Clinic upsert using provided coordinates lat=10.786 lng=76.6444
2026-09-20T17:05:26 INFO     app.main | Request complete request_id=3f9e3a84-0a3c-426d-a149-2c4f68e67775 method=POST path=/api/v1/doctors/me/clinic status=201 duration_ms=2.1 client=testclient
2026-09-20T17:05:26 INFO     httpx | HTTP Request: POST http://testserver/api/v1/doctors/me/clinic "HTTP/1.1 201 Created"
2026-09-20T17:05:26 INFO     app.routers.doctors | Doctor profile requested doctor_id=doctor-1
2026-09-20T17:05:26 INFO     app.main | Request complete request_id=581a23d5-9192-4797-aa54-42dd4699cf90 method=GET path=/api/v1/doctors/me status=200 duration_ms=2.4 client=testclient
2026-09-20T17:05:26 INFO     httpx | HTTP Request: GET http://testserver/api/v1/doctors/me "HTTP/1.1 200 OK"
2026-09-20T17:05:26 WARNING  app.main | Request complete request_id=2baba4ca-ac8c-4ab1-a9d3-e2c4305166fd method=POST path=/api/v1/doctors/me/clinic status=422 duration_ms=3.0 client=testclient
2026-09-20T17:05:26 INFO     httpx | HTTP Request: POST http://testserver/api/v1/doctors/me/clinic "HTTP/1.1 422 Unprocessable Entity"
2026-09-20T17:05:26 INFO     app.routers.auth | Doctor signup requested email=drnormalized@example.com specialty=General Practitioner
2026-09-20T17:05:26 INFO     app.routers.auth | Doctor signup succeeded doctor_id=doctor-1
2026-09-20T17:05:26 INFO     app.routers.auth | Seeded availability row doctor_id=doctor-1
2026-09-20T17:05:26 INFO     app.main | Request complete request_id=89006d76-ef00-48f3-a2d9-bdde94108b3c method=POST path=/api/v1/auth/signup/doctor status=201 duration_ms=2.0 client=testclient
2026-09-20T17:05:26 INFO     httpx | HTTP Request: POST http://testserver/api/v1/auth/signup/doctor "HTTP/1.1 201 Created"
2026-09-20T17:05:26 INFO     app.routers.doctors | Clinic upsert requested doctor_id=doctor-1 address=Palakkad, Kerala
2026-09-20T17:05:26 INFO     app.routers.doctors | Clinic upsert using provided coordinates lat=10.786 lng=76.6444
2026-09-20T17:05:26 INFO     app.main | Request complete request_id=2a3fae20-a9ed-458e-9b5b-cbead84cfd91 method=POST path=/api/v1/doctors/me/clinic status=201 duration_ms=1.6 client=testclient
2026-09-20T17:05:26 INFO     httpx | HTTP Request: POST http://testserver/api/v1/doctors/me/clinic "HTTP/1.1 201 Created"
2026-09-20T17:05:26 INFO     app.routers.search | Doctor search requested specialty=general Practitioner radius_km=20.0
2026-09-20T17:05:26 INFO     app.routers.search | Doctor search completed result_count=1
2026-09-20T17:05:26 INFO     app.main | Request complete request_id=cbc2a3a5-377d-4bfb-ae23-49f4ba01968f method=GET path=/api/v1/search status=200 duration_ms=3.6 client=testclient
2026-09-20T17:05:26 INFO     httpx | HTTP Request: GET http://testserver/api/v1/search?lat=10.786&lng=76.6444&specialty=%20%20%20general%20%20%20Practitioner%20%20%20&radius_km=20 "HTTP/1.1 200 OK"
2026-09-20T17:05:26 WARNING  app.main | Request complete request_id=242b531b-28cf-480d-b423-4296e986bde2 method=GET path=/api/v1/search status=422 duration_ms=2.2 client=testclient
2026-09-20T17:05:26 INFO     httpx | HTTP Request: GET http://testserver/api/v1/search?lat=91&lng=0 "HTTP/1.1 422 Unprocessable Entity"
2026-09-20T17:05:26 WARNING  app.main | Request complete request_id=a4bab2eb-0b68-4e82-80f2-ffe518129742 method=GET path=/api/v1/search status=422 duration_ms=0.8 client=testclient
2026-09-20T17:05:26 INFO     httpx | HTTP Request: GET http://testserver/api/v1/search?lat=-91&lng=0 "HTTP/1.1 422 Unprocessable Entity"
2026-09-20T17:05:26 WARNING  app.main | Request complete request_id=5fd5e1c4-81e4-44dc-a1c1-e6fa78aeb113 method=GET path=/api/v1/search status=422 duration_ms=0.8 client=testclient
2026-09-20T17:05:26 INFO     httpx | HTTP Request: GET http://testserver/api/v1/search?lat=0&lng=181 "HTTP/1.1 422 Unprocessable Entity"
2026-09-20T17:05:26 WARNING  app.main | Request complete request_id=64a50bcf-f663-401a-916d-469fc571e5d1 method=GET path=/api/v1/search status=422 duration_ms=1.0 client=testclient
2026-09-20T17:05:26 INFO     httpx | HTTP Request: GET http://testserver/api/v1/search?lat=0&lng=-181 "HTTP/1.1 422 Unprocessable Entity"
2026-09-20T17:05:26 WARNING  app.main | Request complete request_id=7de1f9dd-1cba-44d7-bb0e-1b02a2fec366 method=GET path=/api/v1/search status=422 duration_ms=1.0 client=testclient
2026-09-20T17:05:26 INFO     httpx | HTTP Request: GET http://testserver/api/v1/search?lat=NaN&lng=0 "HTTP/1.1 422 Unprocessable Entity"
2026-09-20T17:05:26 WARNING  app.main | Request complete request_id=4f1f0c69-6f85-459e-9bae-caf62a3f6dd7 method=GET path=/api/v1/search status=422 duration_ms=0.7 client=testclient
2026-09-20T17:05:26 INFO     httpx | HTTP Request: GET http://testserver/api/v1/search?lat=0&lng=inf "HTTP/1.1 422 Unprocessable Entity"
2026-09-20T17:05:26 INFO     app.routers.search | Doctor search requested specialty=all radius_km=10.0
2026-09-20T17:05:26 WARNING  app.routers.search | Search store unavailable error_type=ConnectError
2026-09-20T17:05:26 WARNING  app.main | Request complete request_id=1d098ff5-2e1e-4276-9e38-a2766de07bfe method=GET path=/api/v1/search status=503 duration_ms=2.4 client=testclient
2026-09-20T17:05:26 INFO     httpx | HTTP Request: GET http://testserver/api/v1/search?lat=10&lng=76 "HTTP/1.1 503 Service Unavailable"
2026-09-20T17:05:26 INFO     app.routers.search | Doctor search requested specialty=all radius_km=10.0
2026-09-20T17:05:26 INFO     app.routers.search | Doctor search completed result_count=0
2026-09-20T17:05:26 INFO     app.main | Request complete request_id=a1c160ed-daa4-46fa-b973-a6acddd68a70 method=GET path=/api/v1/search status=200 duration_ms=4.3 client=127.0.0.1
2026-09-20T17:05:26 INFO     httpx | HTTP Request: GET http://fixture/api/v1/search?lat=10&lng=76 "HTTP/1.1 200 OK"
2026-09-20T17:05:26 INFO     app.services.supabase_store | Supabase search doctors specialty=  General   Practitioner   radius_km=10.0
2026-09-20T17:05:26 INFO     httpx | HTTP Request: GET https://fixture.invalid/doctors?select=id%2Cname%2Cspecialty%2Cconsult_fee%2Clicense_verified%2Cclinics%21inner%28id%2Cdoctor_id%2Cname%2Caddress%2Clat%2Clng%2Copening_hours%2Cphone%29%2Cavailability%28available%29&license_verified=eq.True&clinics.lat=gte.9.910067839408127&clinics.lat=lte.10.089932160591873&order=id&offset=0&limit=200&clinics.lng=gte.75.9086804897048&clinics.lng=lte.76.0913195102952&specialty=ilike.%25General%20Practitioner%25 "HTTP/1.1 200 OK"
2026-09-20T17:05:26 INFO     app.services.supabase_store | Supabase search doctors completed result_count=2
2026-09-20T17:05:26 INFO     app.services.supabase_store | Supabase search doctors specialty=all radius_km=10
2026-09-20T17:05:26 INFO     httpx | HTTP Request: GET https://fixture.invalid/doctors?select=id%2Cname%2Cspecialty%2Cconsult_fee%2Clicense_verified%2Cclinics%21inner%28id%2Cdoctor_id%2Cname%2Caddress%2Clat%2Clng%2Copening_hours%2Cphone%29%2Cavailability%28available%29&license_verified=eq.True&clinics.lat=gte.9.910067839408127&clinics.lat=lte.10.089932160591873&order=id&offset=0&limit=200&clinics.lng=gte.75.9086804897048&clinics.lng=lte.76.0913195102952 "HTTP/1.1 200 OK"
2026-09-20T17:05:26 INFO     app.services.supabase_store | Supabase search doctors completed result_count=1
2026-09-20T17:05:26 INFO     app.services.supabase_store | Supabase search doctors specialty=all radius_km=10.0
2026-09-20T17:05:26 INFO     httpx | HTTP Request: GET https://fixture.invalid/doctors?select=id%2Cname%2Cspecialty%2Cconsult_fee%2Clicense_verified%2Cclinics%21inner%28id%2Cdoctor_id%2Cname%2Caddress%2Clat%2Clng%2Copening_hours%2Cphone%29%2Cavailability%28available%29&license_verified=eq.True&clinics.lat=gte.9.910067839408127&clinics.lat=lte.10.089932160591873&order=id&offset=0&limit=200&clinics.lng=gte.75.9086804897048&clinics.lng=lte.76.0913195102952 "HTTP/1.1 200 OK"
2026-09-20T17:05:26 INFO     app.services.supabase_store | Supabase search doctors completed result_count=3
2026-09-20T17:05:26 INFO     app.services.supabase_store | Supabase search doctors specialty=all radius_km=10.0
2026-09-20T17:05:26 INFO     httpx | HTTP Request: GET https://fixture.invalid/doctors?select=id%2Cname%2Cspecialty%2Cconsult_fee%2Clicense_verified%2Cclinics%21inner%28id%2Cdoctor_id%2Cname%2Caddress%2Clat%2Clng%2Copening_hours%2Cphone%29%2Cavailability%28available%29&license_verified=eq.True&clinics.lat=gte.9.910067839408127&clinics.lat=lte.10.089932160591873&order=id&offset=0&limit=200&clinics.lng=gte.75.9086804897048&clinics.lng=lte.76.0913195102952 "HTTP/1.1 200 OK"
2026-09-20T17:05:26 INFO     app.services.supabase_store | Supabase search doctors completed result_count=3
2026-09-20T17:05:26 INFO     app.services.supabase_store | Supabase search doctors specialty=all radius_km=10.0
2026-09-20T17:05:26 INFO     httpx | HTTP Request: GET https://fixture.invalid/doctors?select=id%2Cname%2Cspecialty%2Cconsult_fee%2Clicense_verified%2Cclinics%21inner%28id%2Cdoctor_id%2Cname%2Caddress%2Clat%2Clng%2Copening_hours%2Cphone%29%2Cavailability%28available%29&license_verified=eq.True&clinics.lat=gte.9.910067839408127&clinics.lat=lte.10.089932160591873&order=id&offset=0&limit=200&clinics.lng=gte.75.9086804897048&clinics.lng=lte.76.0913195102952 "HTTP/1.1 200 OK"
2026-09-20T17:05:26 INFO     httpx | HTTP Request: GET https://fixture.invalid/doctors?select=id%2Cname%2Cspecialty%2Cconsult_fee%2Clicense_verified%2Cclinics%21inner%28id%2Cdoctor_id%2Cname%2Caddress%2Clat%2Clng%2Copening_hours%2Cphone%29%2Cavailability%28available%29&license_verified=eq.True&clinics.lat=gte.9.910067839408127&clinics.lat=lte.10.089932160591873&order=id&offset=200&limit=200&clinics.lng=gte.75.9086804897048&clinics.lng=lte.76.0913195102952 "HTTP/1.1 200 OK"
2026-09-20T17:05:26 INFO     app.services.supabase_store | Supabase search doctors completed result_count=205
2026-09-20T17:05:26 INFO     app.services.supabase_store | Supabase search doctors specialty=all radius_km=10.0
2026-09-20T17:05:26 INFO     httpx | HTTP Request: GET https://fixture.invalid/doctors?select=id%2Cname%2Cspecialty%2Cconsult_fee%2Clicense_verified%2Cclinics%21inner%28id%2Cdoctor_id%2Cname%2Caddress%2Clat%2Clng%2Copening_hours%2Cphone%29%2Cavailability%28available%29&license_verified=eq.True&clinics.lat=gte.-0.08993216059187306&clinics.lat=lte.0.08993216059187306&order=id&offset=0&limit=200&clinics.or=%28lng.gte.179.90006783940817%2Clng.lte.-179.92006783940815%29 "HTTP/1.1 200 OK"
2026-09-20T17:05:26 INFO     app.services.supabase_store | Supabase search doctors completed result_count=0
2026-09-20T17:05:26 INFO     app.services.supabase_store | Supabase search doctors specialty=all radius_km=10.0
2026-09-20T17:05:26 INFO     httpx | HTTP Request: GET https://fixture.invalid/doctors?select=id%2Cname%2Cspecialty%2Cconsult_fee%2Clicense_verified%2Cclinics%21inner%28id%2Cdoctor_id%2Cname%2Caddress%2Clat%2Clng%2Copening_hours%2Cphone%29%2Cavailability%28available%29&license_verified=eq.True&clinics.lat=gte.89.91006783940813&clinics.lat=lte.90.0&order=id&offset=0&limit=200 "HTTP/1.1 200 OK"
2026-09-20T17:05:26 INFO     app.services.supabase_store | Supabase search doctors completed result_count=0
2026-09-20T17:05:26 INFO     app.services.supabase_store | Supabase search doctors specialty=50%_care radius_km=10.0
2026-09-20T17:05:26 INFO     httpx | HTTP Request: GET https://fixture.invalid/doctors?select=id%2Cname%2Cspecialty%2Cconsult_fee%2Clicense_verified%2Cclinics%21inner%28id%2Cdoctor_id%2Cname%2Caddress%2Clat%2Clng%2Copening_hours%2Cphone%29%2Cavailability%28available%29&license_verified=eq.True&clinics.lat=gte.9.910067839408127&clinics.lat=lte.10.089932160591873&order=id&offset=0&limit=200&clinics.lng=gte.75.9086804897048&clinics.lng=lte.76.0913195102952&specialty=ilike.%2550%5C%25%5C_care%25 "HTTP/1.1 200 OK"
2026-09-20T17:05:26 INFO     app.services.supabase_store | Supabase search doctors completed result_count=0
2026-09-20T17:58:05 INFO     app.main | Application starting environment=development debug=True
2026-09-20T18:00:28 INFO     app.routers.search | Doctor search requested specialty=all radius_km=10.0
2026-09-20T18:00:28 INFO     app.services.supabase_store | Supabase search doctors specialty=all radius_km=10.0
2026-09-20T18:00:28 INFO     app.services.supabase_store | Creating Supabase client
2026-09-20T18:00:28 INFO     app.db | Initializing Supabase service-role client
2026-09-20T18:00:30 INFO     httpx | HTTP Request: GET https://cojqrbvczpzbvcewgxgf.supabase.co/rest/v1/doctors?select=id%2Cname%2Cspecialty%2Cconsult_fee%2Clicense_verified%2Cclinics%21inner%28id%2Cdoctor_id%2Cname%2Caddress%2Clat%2Clng%2Copening_hours%2Cphone%29%2Cavailability%28available%29&license_verified=eq.True&clinics.lat=gte.10.954559939408126&clinics.lat=lte.11.134424260591873&order=id&offset=0&limit=200&clinics.lng=gte.76.33470154675297&clinics.lng=lte.76.51796005324701 "HTTP/2 200 OK"
2026-09-20T18:00:30 INFO     app.services.supabase_store | Supabase search doctors completed result_count=2
2026-09-20T18:00:30 INFO     app.routers.search | Doctor search completed result_count=2
2026-09-20T18:00:30 INFO     app.main | Request complete request_id=75a8d424-8b35-4f4b-af6c-55e32eeddf98 method=GET path=/api/v1/search status=200 duration_ms=2431.4 client=127.0.0.1
2026-09-20T18:00:51 INFO     app.routers.search | Doctor search requested specialty=all radius_km=10.0
2026-09-20T18:00:51 INFO     app.services.supabase_store | Supabase search doctors specialty=all radius_km=10.0
2026-09-20T18:00:51 INFO     httpx | HTTP Request: GET https://cojqrbvczpzbvcewgxgf.supabase.co/rest/v1/doctors?select=id%2Cname%2Cspecialty%2Cconsult_fee%2Clicense_verified%2Cclinics%21inner%28id%2Cdoctor_id%2Cname%2Caddress%2Clat%2Clng%2Copening_hours%2Cphone%29%2Cavailability%28available%29&license_verified=eq.True&clinics.lat=gte.10.954559939408126&clinics.lat=lte.11.134424260591873&order=id&offset=0&limit=200&clinics.lng=gte.76.33470154675297&clinics.lng=lte.76.51796005324701 "HTTP/2 200 OK"
2026-09-20T18:00:51 INFO     app.services.supabase_store | Supabase search doctors completed result_count=2
2026-09-20T18:00:51 INFO     app.routers.search | Doctor search completed result_count=2
2026-09-20T18:00:51 INFO     app.main | Request complete request_id=0265cb9d-464b-46a1-8b5e-03b10613a994 method=GET path=/api/v1/search status=200 duration_ms=374.7 client=127.0.0.1
2026-09-20T18:01:28 INFO     app.routers.search | Doctor search requested specialty=General Practitioner radius_km=10.0
2026-09-20T18:01:28 INFO     app.services.supabase_store | Supabase search doctors specialty=General Practitioner radius_km=10.0
2026-09-20T18:01:28 INFO     httpx | HTTP Request: GET https://cojqrbvczpzbvcewgxgf.supabase.co/rest/v1/doctors?select=id%2Cname%2Cspecialty%2Cconsult_fee%2Clicense_verified%2Cclinics%21inner%28id%2Cdoctor_id%2Cname%2Caddress%2Clat%2Clng%2Copening_hours%2Cphone%29%2Cavailability%28available%29&license_verified=eq.True&clinics.lat=gte.10.958446264034286&clinics.lat=lte.11.138310585218033&order=id&offset=0&limit=200&clinics.lng=gte.76.23680813173388&clinics.lng=lte.76.4200690649023&specialty=ilike.%25General%20Practitioner%25 "HTTP/2 200 OK"
2026-09-20T18:01:28 INFO     app.services.supabase_store | Supabase search doctors completed result_count=1
2026-09-20T18:01:28 INFO     app.routers.search | Doctor search completed result_count=1
2026-09-20T18:01:28 INFO     app.main | Request complete request_id=5ab4c379-0d78-44c0-93d5-b0f5c82d7468 method=GET path=/api/v1/search status=200 duration_ms=314.9 client=127.0.0.1
2026-09-20T18:01:58 INFO     app.routers.search | Doctor search requested specialty=General Practitioner radius_km=50.0
2026-09-20T18:01:58 INFO     app.services.supabase_store | Supabase search doctors specialty=General Practitioner radius_km=50.0
2026-09-20T18:01:59 INFO     httpx | HTTP Request: GET https://cojqrbvczpzbvcewgxgf.supabase.co/rest/v1/doctors?select=id%2Cname%2Cspecialty%2Cconsult_fee%2Clicense_verified%2Cclinics%21inner%28id%2Cdoctor_id%2Cname%2Caddress%2Clat%2Clng%2Copening_hours%2Cphone%29%2Cavailability%28available%29&license_verified=eq.True&clinics.lat=gte.10.63867140890483&clinics.lat=lte.11.53799301482356&order=id&offset=0&limit=200&clinics.lng=gte.75.86316986864156&clinics.lng=lte.76.77959988297255&specialty=ilike.%25General%20Practitioner%25 "HTTP/2 200 OK"
2026-09-20T18:01:59 INFO     app.services.supabase_store | Supabase search doctors completed result_count=2
2026-09-20T18:01:59 INFO     app.routers.search | Doctor search completed result_count=2
2026-09-20T18:01:59 INFO     app.main | Request complete request_id=49ad3f6b-121c-40b0-a3cc-f6dc5feaeb59 method=GET path=/api/v1/search status=200 duration_ms=360.0 client=127.0.0.1
>>>>>>> 7b534056b7346cdad0bc0d396c4eb6bb4ebcced9
